Timestamp,Speed_kmh,RPM,Throttle,Brake,Clutch,Steering,Gear,Velocity_X,Velocity_Y,Velocity_Z,LocalVelocity_X,LocalVelocity_Y,LocalVelocity_Z,AccG_Lateral,AccG_Vertical,AccG_Longitudinal,Heading,Pitch,Roll,CG_Height,AngularVel_X,AngularVel_Y,AngularVel_Z,TireTemp_FL_Inner,TireTemp_FL_Middle,TireTemp_FL_Outer,TireTemp_FL_Avg,TireTemp_FL_Core,TireWear_FL,TireDirty_FL,TirePressure_FL,TireLoad_FL,WheelSlip_FL,WheelAngularSpeed_FL,SlipRatio_FL,SlipAngle_FL,Camber_FL,SuspensionTravel_FL,SuspensionDamage_FL,BrakeTemp_FL,Mz_FL,Fx_FL,Fy_FL,TireTemp_FR_Inner,TireTemp_FR_Middle,TireTemp_FR_Outer,TireTemp_FR_Avg,TireTemp_FR_Core,TireWear_FR,TireDirty_FR,TirePressure_FR,TireLoad_FR,WheelSlip_FR,WheelAngularSpeed_FR,SlipRatio_FR,SlipAngle_FR,Camber_FR,SuspensionTravel_FR,SuspensionDamage_FR,BrakeTemp_FR,Mz_FR,Fx_FR,Fy_FR,TireTemp_RL_Inner,TireTemp_RL_Middle,TireTemp_RL_Outer,TireTemp_RL_Avg,TireTemp_RL_Core,TireWear_RL,TireDirty_RL,TirePressure_RL,TireLoad_RL,WheelSlip_RL,WheelAngularSpeed_RL,SlipRatio_RL,SlipAngle_RL,Camber_RL,SuspensionTravel_RL,SuspensionDamage_RL,BrakeTemp_RL,Mz_RL,Fx_RL,Fy_RL,TireTemp_RR_Inner,TireTemp_RR_Middle,TireTemp_RR_Outer,TireTemp_RR_Avg,TireTemp_RR_Core,TireWear_RR,TireDirty_RR,TirePressure_RR,TireLoad_RR,WheelSlip_RR,WheelAngularSpeed_RR,SlipRatio_RR,SlipAngle_RR,Camber_RR,SuspensionTravel_RR,SuspensionDamage_RR,BrakeTemp_RR,Mz_RR,Fx_RR,Fy_RR,Fuel,TurboBoost,EngineTemp_Oil,EngineTemp_Water,EngineBrake,CurrentMaxRpm,ERS_RecoveryLevel,ERS_PowerLevel,ERS_HeatCharging,ERS_IsCharging,KERS_Charge,KERS_Input,KERS_CurrentKJ,DRS,DRS_Available,DRS_Enabled,TC_Level,TC_InAction,ABS_Level,ABS_InAction,AutoShifter,PitLimiter,RideHeight_Front,RideHeight_Rear,BrakeBias,Ballast,Damage_Front,Damage_Rear,Damage_Left,Damage_Right,Damage_Center,AirTemp,RoadTemp,AirDensity,CompletedLaps,iCurrentTime_ms,CurrentLapTime_str,iLastTime_ms,iBestTime_ms,DistanceTraveled_m,LapNumberTotal,CurrentSectorIndex,LastSectorTime_ms,NormalizedPosition,IsInPit,IsInPitLane,TyreCompound,Flag,SurfaceGrip,NumberOfTyresOut,CarX,CarY,CarZ,FinalFF,PerformanceMeter,IsAIControlled,P2P_Activations,P2P_Status,Distance,DistanceTraveled_m_Original
1765362282,311.87,11061,1.0,0.0,1.0,-0.001,8,-8.156,-0.534,86.245,0.043,-1.043,86.625,0.04,0.191,0.126,0.095,0.006,0.007,0.231,-0.024,0.009,0.005,69.9,73.7,77.8,73.8,96.2,99.5,0.0,28.24,5331.7,0.038,254.719,0.0,0.0,-0.0512,0.179,0.0,14.0,0.0,0.0,0.0,79.3,74.7,70.9,75.0,94.3,99.5,0.0,27.93,5156.7,0.041,254.745,0.0,0.0,0.0568,0.1785,0.0,14.0,0.0,0.0,0.0,80.0,85.0,90.5,85.2,103.7,99.5,0.0,29.44,7123.7,0.171,257.418,0.0,0.0,-0.0591,0.1907,0.0,14.0,0.0,0.0,0.0,92.5,86.7,81.5,86.9,103.7,99.5,0.0,29.43,7033.0,0.173,257.418,0.0,0.0,0.0631,0.1914,0.0,14.0,0.0,0.0,0.0,36.597,2.643,90.0,14.0,9,13500,5,1,1,False,0.773,0.0,1685.7,0.0,False,False,0.0,False,0.0,False,False,False,0.023,0.056,0.54,0.0,0.0,0.0,0.0,0.0,0.0,14.0,12.0,1.2348,1,66168,1:06.168,96746,96746,10096.133,0,2,25893,0.7967,False,False,Soft (S),0,1.0,0,76.545,-8.142,317.733,-0.02,-15.462,True,0,0,0.0,10096.133
1765362282,312.26,11075,1.0,0.0,1.0,-0.001,8,-8.114,-0.41,86.357,0.046,-0.994,86.733,0.089,0.011,0.101,0.094,0.007,0.006,0.231,0.029,0.002,-0.01,69.9,73.6,77.7,73.7,96.2,99.5,0.0,28.24,4680.4,0.036,254.932,0.0,0.0,-0.0516,0.1782,0.0,14.0,0.0,0.0,0.0,79.2,74.6,70.9,74.9,94.3,99.5,0.0,27.93,4748.9,0.034,254.927,0.0,0.0,0.0528,0.1786,0.0,14.0,0.0,0.0,0.0,79.9,85.0,90.4,85.1,103.8,99.5,0.0,29.44,6761.4,0.175,257.736,0.0,0.0,-0.0602,0.1923,0.0,14.0,0.0,0.0,0.0,92.5,86.7,81.5,86.9,103.8,99.5,0.0,29.44,6754.9,0.17,257.736,0.0,0.0,0.0617,0.1932,0.0,14.0,0.0,0.0,0.0,36.597,2.644,90.0,14.0,9,13500,5,1,1,False,0.774,0.0,1685.7,0.0,False,False,0.0,False,0.0,False,False,False,0.024,0.053,0.54,0.0,0.0,0.0,0.0,0.0,0.0,14.0,12.0,1.2348,1,66273,1:06.273,96746,96746,10104.934,0,2,25893,0.7983,False,False,Soft (S),0,1.0,0,75.691,-8.189,326.795,0.006,-15.462,True,0,0,8.801,10104.934
1765362282,312.64,11090,1.0,0.0,1.0,0.0,8,-8.105,-0.447,86.463,0.042,-1.018,86.838,0.023,-0.023,0.11,0.094,0.007,0.007,0.232,0.024,0.001,0.019,69.8,73.5,77.6,73.6,96.3,99.5,0.0,28.24,4752.8,0.037,255.257,0.0,0.0,-0.0503,0.1787,0.0,14.0,0.0,0.0,0.0,79.1,74.5,70.8,74.8,94.4,99.5,0.0,27.94,4643.2,0.034,255.259,0.0,0.0,0.0534,0.1779,0.0,14.0,0.0,0.0,0.0,79.9,84.9,90.3,85.0,103.8,99.5,0.0,29.45,6796.1,0.174,258.078,0.0,0.0,-0.0594,0.1921,0.0,14.0,0.0,0.0,0.0,92.4,86.6,81.4,86.8,103.8,99.5,0.0,29.45,6670.2,0.175,258.078,0.0,0.0,0.0645,0.1922,0.0,14.0,0.0,0.0,0.0,36.597,2.644,90.0,14.0,9,13500,5,1,1,False,0.774,0.0,1685.7,0.0,False,False,0.0,False,0.0,False,False,False,0.024,0.054,0.54,0.0,0.0,0.0,0.0,0.0,0.0,14.0,12.0,1.2348,1,66375,1:06.375,96746,96746,10113.805,0,2,25893,0.7999,False,False,Soft (S),0,1.0,0,74.864,-8.235,335.609,0.021,-15.459,True,0,0,17.672,10113.805
1765362283,313.0,11100,1.0,0.0,1.0,0.0,8,-8.124,-0.462,86.562,0.044,-1.03,86.937,0.01,0.167,0.093,0.094,0.007,0.006,0.231,-0.001,-0.005,-0.006,69.7,73.4,77.6,73.6,96.3,99.5,0.0,28.24,5195.9,0.036,255.608,0.0,0.0,-0.0509,0.179,0.0,14.0,0.0,0.0,0.0,79.1,74.5,70.7,74.8,94.4,99.5,0.0,27.94,5057.1,0.037,255.568,0.0,0.0,0.0554,0.1787,0.0,14.0,0.0,0.0,0.0,79.8,84.8,90.3,85.0,103.8,99.5,0.0,29.45,6994.9,0.172,258.331,0.0,0.0,-0.0591,0.1918,0.0,14.0,0.0,0.0,0.0,92.3,86.5,81.3,86.7,103.8,99.5,0.0,29.45,6813.5,0.163,258.331,0.0,0.0,0.0587,0.1923,0.0,14.0,0.0,0.0,0.0,36.597,2.645,90.0,14.0,9,13500,5,1,1,False,0.774,0.0,1685.7,0.0,False,False,0.0,False,0.0,False,False,False,0.023,0.054,0.54,0.0,0.0,0.0,0.0,0.0,0.0,14.0,12.0,1.2348,1,66477,1:06.477,96746,96746,10122.874,0,2,25893,0.8014,False,False,Soft (S),0,1.0,0,74.037,-8.283,344.433,0.003,-15.459,True,0,0,26.741,10122.874
1765362283,313.35,11116,1.0,0.0,1.0,0.0,8,-8.163,-0.491,86.658,0.042,-1.034,87.036,-0.05,0.005,0.108,0.094,0.006,0.006,0.231,-0.028,-0.008,-0.023,69.6,73.3,77.5,73.5,96.3,99.5,0.0,28.24,5264.7,0.037,255.95,0.0,0.0,-0.0512,0.1791,0.0,14.0,0.0,0.0,0.0,79.0,74.4,70.7,74.7,94.4,99.5,0.0,27.95,5271.2,0.035,255.897,0.0,0.0,0.054,0.1792,0.0,14.0,0.0,0.0,0.0,79.7,84.7,90.2,84.9,103.8,99.5,0.0,29.46,7006.8,0.174,258.684,0.0,0.0,-0.0591,0.1916,0.0,14.0,0.0,0.0,0.0,92.2,86.4,81.2,86.6,103.9,99.5,0.0,29.46,7019.1,0.166,258.684,0.0,0.0,0.0591,0.1911,0.0,14.0,0.0,0.0,0.0,36.597,2.645,90.0,14.0,9,13500,5,1,1,False,0.774,0.0,1685.7,0.0,False,False,0.0,False,0.0,False,False,False,0.022,0.055,0.54,0.0,0.0,0.0,0.0,0.0,0.0,14.0,12.0,1.2348,1,66576,1:06.576,96746,96746,10131.442,0,2,25893,0.8029,False,False,Soft (S),0,1.0,0,73.23,-8.33,353.008,0.015,-15.459,True,0,0,35.309,10131.442
1765362283,313.7,11143,1.0,0.0,1.0,0.001,8,-8.216,-0.498,86.749,0.045,-0.966,87.134,-0.044,-0.356,0.078,0.095,0.005,0.007,0.233,0.012,-0.007,-0.034,69.5,73.2,77.4,73.4,96.3,99.5,0.0,28.24,4828.1,0.039,256.142,0.0,0.0,-0.0507,0.1778,0.0,14.0,0.0,0.0,0.0,78.9,74.3,70.6,74.6,94.5,99.5,0.0,27.95,4830.9,0.028,256.097,0.0,0.0,0.0514,0.1785,0.0,14.0,0.0,0.0,0.0,79.6,84.7,90.1,84.8,103.9,99.5,0.0,29.46,5896.6,0.181,259.329,0.0,0.0,-0.0583,0.1919,0.0,14.0,0.0,0.0,0.0,92.1,86.3,81.1,86.5,103.9,99.5,0.0,29.46,5866.6,0.176,259.329,0.0,0.0,0.0591,0.1909,0.0,14.0,0.0,0.0,0.0,36.597,2.645,90.0,14.0,9,13500,5,1,1,False,0.774,0.0,1685.7,0.0,False,False,0.0,False,0.0,False,False,False,0.024,0.055,0.54,0.0,0.0,0.0,0.0,0.0,0.0,14.0,12.0,1.2348,1,66678,1:06.678,96746,96746,10140.322,0,2,25893,0.8044,False,False,Soft (S),0,1.0,0,72.395,-8.376,361.852,0.054,-15.462,True,0,0,44.189,10140.322
1765362283,314.07,11135,1.0,0.0,1.0,0.001,8,-8.27,-0.518,86.846,0.041,-1.042,87.235,-0.04,0.196,0.112,0.095,0.006,0.008,0.23,-0.014,-0.0,0.04,69.4,73.1,77.3,73.3,96.3,99.5,0.0,28.24,5336.0,0.036,256.474,0.0,0.0,-0.0496,0.1801,0.0,14.0,0.0,0.0,0.0,78.8,74.3,70.5,74.5,94.5,99.5,0.0,27.96,5200.8,0.026,256.479,0.0,0.0,0.0513,0.1787,0.0,14.0,0.0,0.0,0.0,79.6,84.6,90.1,84.8,103.9,99.5,0.0,29.46,7210.9,0.17,259.128,0.0,0.0,-0.0585,0.1926,0.0,14.0,0.0,0.0,0.0,92.0,86.3,81.1,86.5,103.9,99.5,0.0,29.47,7335.3,0.164,259.128,0.0,0.0,0.0595,0.1915,0.0,14.0,0.0,0.0,0.0,36.597,2.646,90.0,14.0,9,13500,5,1,1,False,0.774,0.0,1685.7,0.0,False,False,0.0,False,0.0,False,False,False,0.022,0.054,0.54,0.0,0.0,0.0,0.0,0.0,0.0,14.0,12.0,1.2348,1,66774,1:06.774,96746,96746,10148.805,0,2,25893,0.8059,False,False,Soft (S),0,1.0,0,71.604,-8.428,370.185,0.06,-15.462,True,0,0,52.672,10148.805
1765362283,314.4,11155,1.0,0.0,1.0,0.001,8,-8.324,-0.474,86.935,0.034,-1.014,87.328,-0.047,-0.014,0.095,0.096,0.006,0.006,0.231,-0.008,-0.003,0.023,69.4,73.1,77.2,73.2,96.3,99.5,0.0,28.25,4914.0,0.035,256.734,0.0,0.0,-0.0504,0.1796,0.0,14.0,0.0,0.0,0.0,78.8,74.2,70.5,74.5,94.5,99.5,0.0,27.96,4755.8,0.026,256.723,0.0,0.0,0.0512,0.1788,0.0,14.0,0.0,0.0,0.0,79.5,84.5,90.0,84.7,103.9,99.5,0.0,29.47,6704.5,0.174,259.596,0.0,0.0,-0.0588,0.1922,0.0,14.0,0.0,0.0,0.0,92.0,86.2,81.0,86.4,104.0,99.5,0.0,29.47,6654.3,0.167,259.596,0.0,0.0,0.0591,0.1921,0.0,14.0,0.0,0.0,0.0,36.597,2.646,90.0,14.0,9,13500,5,1,1,False,0.774,0.0,1685.7,0.0,False,False,0.0,False,0.0,False,False,False,0.023,0.055,0.54,0.0,0.0,0.0,0.0,0.0,0.0,14.0,12.0,1.2348,1,66879,1:06.879,96746,96746,10157.751,0,2,25893,0.8075,False,False,Soft (S),0,1.0,0,70.732,-8.478,379.308,0.051,-15.462,True,0,0,61.618,10157.751
1765362283,314.74,11164,1.0,0.0,1.0,0.001,8,-8.382,-0.544,87.024,0.046,-1.049,87.422,-0.053,0.203,0.101,0.096,0.006,0.007,0.23,-0.05,-0.008,-0.015,69.3,73.0,77.1,73.1,96.3,99.5,0.0,28.25,5589.6,0.034,257.115,0.0,0.0,-0.0506,0.1804,0.0,14.0,0.0,0.0,0.0,78.7,74.1,70.4,74.4,94.5,99.5,0.0,27.97,5353.9,0.029,257.056,0.0,0.0,0.0519,0.1796,0.0,14.0,0.0,0.0,0.0,79.4,84.5,89.9,84.6,104.0,99.5,0.0,29.47,7093.1,0.171,259.816,0.0,0.0,-0.0582,0.1915,0.0,14.0,0.0,0.0,0.0,91.9,86.1,80.9,86.3,104.0,99.5,0.0,29.48,6961.9,0.164,259.816,0.0,0.0,0.059,0.191,0.0,14.0,0.0,0.0,0.0,36.597,2.646,90.0,14.0,9,13500,5,1,1,False,0.775,0.0,1685.7,0.0,False,False,0.0,False,0.0,False,False,False,0.021,0.055,0.54,0.0,0.0,0.0,0.0,0.0,0.0,14.0,12.0,1.2348,1,66981,1:06.981,96746,96746,10166.829,0,2,25893,0.809,False,False,Soft (S),0,1.0,0,69.88,-8.532,388.181,0.039,-15.462,True,0,0,70.696,10166.829
1765362283,315.05,11190,1.0,0.0,1.0,0.002,8,-8.453,-0.52,87.104,0.048,-0.974,87.509,-0.082,-0.258,0.081,0.097,0.005,0.006,0.232,-0.001,-0.013,-0.01,69.2,72.9,77.0,73.0,96.3,99.5,0.0,28.25,5184.4,0.04,257.276,0.0,0.0,-0.0507,0.179,0.0,14.0,0.0,0.0,0.0,78.6,74.1,70.3,74.3,94.6,99.5,0.0,27.97,4994.1,0.025,257.201,0.0,0.0,0.051,0.1787,0.0,14.0,0.0,0.0,0.0,79.4,84.4,89.9,84.6,104.0,99.5,0.0,29.48,6091.2,0.183,260.423,0.0,0.0,-0.0586,0.1923,0.0,14.0,0.0,0.0,0.0,91.8,86.0,80.8,86.2,104.0,99.5,0.0,29.48,5882.3,0.176,260.423,0.0,0.0,0.06,0.1915,0.0,14.0,0.0,0.0,0.0,36.597,2.647,90.0,14.0,9,13500,5,1,1,False,0.775,0.0,1685.7,0.0,False,False,0.0,False,0.0,False,False,False,0.023,0.055,0.54,0.0,0.0,0.0,0.0,0.0,0.0,14.0,12.0,1.2348,1,67077,1:07.077,96746,96746,10175.137,0,2,25893,0.8105,False,False,Soft (S),0,1.0,0,69.072,-8.578,396.539,0.079,-15.462,True,0,0,79.004,10175.137
1765362283,315.4,11182,1.0,0.0,1.0,0.002,8,-8.556,-0.4,87.193,0.061,-1.018,87.606,-0.096,0.109,0.083,0.098,0.007,0.008,0.229,0.004,-0.011,-0.005,69.1,72.8,76.9,73.0,96.3,99.5,0.0,28.25,5417.9,0.037,257.554,0.0,0.0,-0.0502,0.1806,0.0,14.0,0.0,0.0,0.0,78.6,74.0,70.3,74.3,94.6,99.5,0.0,27.98,4905.5,0.024,257.477,0.0,0.0,0.0525,0.1796,0.0,14.0,0.0,0.0,0.0,79.3,84.4,89.8,84.5,104.0,99.5,0.0,29.48,7086.8,0.174,260.239,0.0,0.0,-0.0597,0.1944,0.0,14.0,0.0,0.0,0.0,91.7,86.0,80.8,86.1,104.1,99.5,0.0,29.49,7008.3,0.163,260.239,0.0,0.0,0.0606,0.1931,0.0,14.0,0.0,0.0,0.0,36.597,2.647,90.0,14.0,9,13500,5,1,1,False,0.775,0.0,1685.7,0.0,False,False,0.0,False,0.0,False,False,False,0.022,0.052,0.54,0.0,0.0,0.0,0.0,0.0,0.0,14.0,12.0,1.2348,1,67182,1:07.182,96746,96746,10184.37,0,2,25893,0.8121,False,False,Soft (S),0,1.0,0,68.18,-8.629,405.69,0.081,-15.459,True,0,0,88.237,10184.37
1765362283,315.71,11199,1.0,0.0,1.0,0.001,8,-8.644,-0.463,87.268,0.056,-1.023,87.691,-0.07,-0.074,0.091,0.099,0.006,0.007,0.232,0.01,-0.007,0.004,69.1,72.7,76.8,72.9,96.3,99.5,0.0,28.25,4954.9,0.037,257.769,0.0,0.0,-0.0501,0.1789,0.0,14.0,0.0,0.0,0.0,78.5,73.9,70.2,74.2,94.6,99.5,0.0,27.98,4812.5,0.027,257.73,0.0,0.0,0.0513,0.1783,0.0,14.0,0.0,0.0,0.0,79.3,84.3,89.7,84.4,104.0,99.5,0.0,29.49,6626.0,0.176,260.633,0.0,0.0,-0.059,0.1923,0.0,14.0,0.0,0.0,0.0,91.6,85.9,80.7,86.1,104.1,99.5,0.0,29.49,6666.2,0.166,260.633,0.0,0.0,0.0592,0.1919,0.0,14.0,0.0,0.0,0.0,36.597,2.647,90.0,14.0,9,13500,5,1,1,False,0.775,0.0,1685.7,0.0,False,False,0.0,False,0.0,False,False,False,0.024,0.055,0.54,0.0,0.0,0.0,0.0,0.0,0.0,14.0,12.0,1.2348,1,67284,1:07.284,96746,96746,10193.186,0,2,25893,0.8136,False,False,Soft (S),0,1.0,0,67.302,-8.672,414.588,0.057,-15.459,True,0,0,97.053,10193.186
1765362283,316.03,11200,1.0,0.0,1.0,-0.0,8,-8.71,-0.432,87.353,0.045,-1.057,87.781,-0.05,0.061,0.092,0.1,0.007,0.007,0.23,0.003,-0.005,-0.036,69.0,72.7,76.8,72.8,96.3,99.5,0.0,28.25,4633.1,0.034,258.031,0.0,0.0,-0.0514,0.1791,0.0,14.0,0.0,0.0,0.0,78.4,73.9,70.2,74.2,94.7,99.5,0.0,27.99,4747.6,0.025,258.007,0.0,0.0,0.0503,0.1798,0.0,14.0,0.0,0.0,0.0,79.2,84.2,89.7,84.4,104.1,99.5,0.0,29.49,7513.3,0.169,260.638,0.0,0.0,-0.0595,0.1934,0.0,14.0,0.0,0.0,0.0,91.6,85.8,80.6,86.0,104.1,99.5,0.0,29.5,7259.8,0.163,260.638,0.0,0.0,0.0604,0.193,0.0,14.0,0.0,0.0,0.0,36.597,2.647,90.0,14.0,9,13500,5,1,1,False,0.775,0.0,1685.7,0.0,False,False,0.0,False,0.0,False,False,False,0.023,0.051,0.54,0.0,0.0,0.0,0.0,0.0,0.0,14.0,12.0,1.2348,1,67383,1:07.383,96746,96746,10201.946,0,2,25893,0.8151,False,False,Soft (S),0,1.0,0,66.443,-8.719,423.232,0.039,-15.462,True,0,0,105.813,10201.946
1765362284,316.33,11219,1.0,0.0,1.0,-0.001,8,-8.739,-0.549,87.432,0.044,-1.034,87.863,-0.014,-0.125,0.077,0.1,0.006,0.01,0.232,0.026,0.002,-0.016,68.9,72.6,76.7,72.7,96.3,99.5,0.0,28.25,4997.9,0.035,258.226,0.0,0.0,-0.0502,0.1782,0.0,14.0,0.0,0.0,0.0,78.3,73.8,70.1,74.1,94.7,99.5,0.0,27.99,4780.5,0.033,258.225,0.0,0.0,0.051,0.1777,0.0,14.0,0.0,0.0,0.0,79.1,84.2,89.6,84.3,104.1,99.5,0.0,29.49,6707.0,0.172,261.091,0.0,0.0,-0.0584,0.1925,0.0,14.0,0.0,0.0,0.0,91.5,85.7,80.5,85.9,104.1,99.5,0.0,29.5,6598.8,0.168,261.091,0.0,0.0,0.0597,0.1911,0.0,14.0,0.0,0.0,0.0,36.597,2.647,90.0,14.0,9,13500,5,1,1,False,0.775,0.0,1685.7,0.0,False,False,0.0,False,0.0,False,False,False,0.025,0.054,0.54,0.0,0.0,0.0,0.0,0.0,0.0,14.0,12.0,1.2348,1,67482,1:07.482,96746,96746,10210.741,0,2,25893,0.8167,False,False,Soft (S),0,1.0,0,65.579,-8.766,431.883,0.021,-15.462,True,0,0,114.608,10210.741
1765362284,316.63,11227,1.0,0.0,1.0,-0.0,8,-8.747,-0.539,87.516,0.022,-1.028,87.948,0.011,0.126,0.084,0.1,0.006,0.009,0.23,-0.002,0.002,0.014,68.8,72.5,76.6,72.6,96.3,99.5,0.0,28.25,5264.0,0.031,258.521,0.0,0.0,-0.0503,0.18,0.0,14.0,0.0,0.0,0.0,78.3,73.7,70.0,74.0,94.7,99.5,0.0,27.99,5079.2,0.031,258.518,0.0,0.0,0.0518,0.1792,0.0,14.0,0.0,0.0,0.0,79.1,84.1,89.5,84.2,104.1,99.5,0.0,29.5,6887.8,0.171,261.282,0.0,0.0,-0.0595,0.1926,0.0,14.0,0.0,0.0,0.0,91.4,85.6,80.4,85.8,104.2,99.5,0.0,29.51,7019.7,0.166,261.282,0.0,0.0,0.0593,0.1925,0.0,14.0,0.0,0.0,0.0,36.597,2.648,90.0,14.0,9,13500,5,1,1,False,0.776,0.0,1685.7,0.0,False,False,0.0,False,0.0,False,False,False,0.022,0.054,0.54,0.0,0.0,0.0,0.0,0.0,0.0,14.0,12.0,1.2348,1,67581,1:07.581,96746,96746,10219.486,0,2,25893,0.8182,False,False,Soft (S),0,1.0,0,64.713,-8.822,440.543,0.005,-15.462,True,0,0,123.353,10219.486
1765362284,316.93,11235,1.0,0.0,1.0,-0.001,8,-8.739,-0.432,87.6,0.009,-1.03,88.03,0.021,0.023,0.085,0.099,0.007,0.008,0.23,0.011,0.003,0.012,68.8,72.4,76.5,72.6,96.3,99.5,0.0,28.25,4964.0,0.033,258.719,0.0,0.0,-0.0521,0.1799,0.0,14.0,0.0,0.0,0.0,78.2,73.7,70.0,74.0,94.7,99.5,0.0,28.0,5075.8,0.03,258.739,0.0,0.0,0.0509,0.1798,0.0,14.0,0.0,0.0,0.0,79.0,84.0,89.5,84.2,104.1,99.5,0.0,29.5,7061.0,0.17,261.467,0.0,0.0,-0.0603,0.1936,0.0,14.0,0.0,0.0,0.0,91.3,85.5,80.4,85.7,104.2,99.5,0.0,29.51,7092.8,0.168,261.467,0.0,0.0,0.0602,0.1938,0.0,14.0,0.0,0.0,0.0,36.597,2.648,90.0,14.0,9,13500,5,1,1,False,0.776,0.0,1685.7,0.0,False,False,0.0,False,0.0,False,False,False,0.022,0.052,0.54,0.0,0.0,0.0,0.0,0.0,0.0,14.0,12.0,1.2348,1,67683,1:07.683,96746,96746,10228.323,0,2,25893,0.8197,False,False,Soft (S),0,1.0,0,63.821,-8.872,449.474,0.013,-15.462,True,0,0,132.19,10228.323
1765362284,317.2,11253,1.0,0.0,1.0,-0.001,8,-8.723,-0.537,87.678,0.017,-1.022,88.106,0.042,-0.049,0.066,0.099,0.006,0.008,0.232,0.012,0.005,0.009,68.7,72.3,76.4,72.5,96.3,99.5,0.0,28.25,5217.0,0.031,258.943,0.0,0.0,-0.0501,0.1789,0.0,14.0,0.0,0.0,0.0,78.1,73.6,69.9,73.9,94.8,99.5,0.0,28.0,5172.9,0.035,258.972,0.0,0.0,0.0512,0.1784,0.0,14.0,0.0,0.0,0.0,78.9,84.0,89.4,84.1,104.2,99.5,0.0,29.51,6456.9,0.173,261.887,0.0,0.0,-0.0591,0.1921,0.0,14.0,0.0,0.0,0.0,91.2,85.5,80.3,85.6,104.2,99.5,0.0,29.52,6584.6,0.17,261.887,0.0,0.0,0.0587,0.1918,0.0,14.0,0.0,0.0,0.0,36.597,2.648,90.0,14.0,9,13500,5,1,1,False,0.776,0.0,1685.7,0.0,False,False,0.0,False,0.0,False,False,False,0.023,0.055,0.54,0.0,0.0,0.0,0.0,0.0,0.0,14.0,12.0,1.2348,1,67788,1:07.788,96746,96746,10237.617,0,2,25893,0.8213,False,False,Soft (S),0,1.0,0,62.904,-8.922,458.676,-0.028,-15.462,True,0,0,141.484,10237.617
1765362284,317.49,11261,1.0,0.0,1.0,-0.001,8,-8.706,-0.467,87.759,0.015,-1.017,88.185,-0.0,-0.026,0.072,0.099,0.006,0.008,0.23,-0.01,-0.002,-0.029,68.6,72.3,76.4,72.4,96.3,99.5,0.0,28.26,5145.2,0.031,259.226,0.0,0.0,-0.0516,0.1798,0.0,14.0,0.0,0.0,0.0,78.1,73.5,69.9,73.8,94.8,99.5,0.0,28.01,4903.3,0.028,259.192,0.0,0.0,0.0508,0.1804,0.0,14.0,0.0,0.0,0.0,78.9,83.9,89.3,84.0,104.2,99.5,0.0,29.51,6871.6,0.171,262.073,0.0,0.0,-0.0594,0.1932,0.0,14.0,0.0,0.0,0.0,91.1,85.4,80.2,85.6,104.3,99.5,0.0,29.52,6624.1,0.171,262.073,0.0,0.0,0.0599,0.1929,0.0,14.0,0.0,0.0,0.0,36.597,2.648,90.0,14.0,9,13500,5,1,1,False,0.776,0.0,1685.7,0.0,False,False,0.0,False,0.0,False,False,False,0.021,0.053,0.54,0.0,0.0,0.0,0.0,0.0,0.0,14.0,12.0,1.2348,1,67884,1:07.884,96746,96746,10246.122,0,2,25893,0.8228,False,False,Soft (S),0,1.0,0,62.068,-8.971,467.097,0.025,-15.462,True,0,0,149.989,10246.122
1765362284,317.76,11267,1.0,0.0,1.0,0.001,8,-8.71,-0.579,87.835,0.022,-1.061,88.261,-0.015,0.055,0.105,0.099,0.005,0.008,0.231,-0.029,-0.0,0.032,68.5,72.2,76.3,72.3,96.4,99.5,0.0,28.26,5337.9,0.035,259.475,0.0,0.0,-0.0509,0.18,0.0,14.0,0.0,0.0,0.0,78.0,73.5,69.8,73.7,94.8,99.5,0.0,28.01,5095.1,0.03,259.473,0.0,0.0,0.0515,0.1787,0.0,14.0,0.0,0.0,0.0,78.8,83.8,89.3,84.0,104.2,99.5,0.0,29.51,7049.9,0.17,262.206,0.0,0.0,-0.0588,0.1917,0.0,14.0,0.0,0.0,0.0,91.0,85.3,80.1,85.5,104.3,99.5,0.0,29.53,7132.9,0.165,262.206,0.0,0.0,0.0588,0.1916,0.0,14.0,0.0,0.0,0.0,36.597,2.648,90.0,14.0,9,13500,5,1,1,False,0.776,0.0,1685.7,0.0,False,False,0.0,False,0.0,False,False,False,0.022,0.056,0.54,0.0,0.0,0.0,0.0,0.0,0.0,14.0,12.0,1.2348,1,67989,1:07.989,96746,96746,10255.278,0,2,25893,0.8244,False,False,Soft (S),0,1.0,0,61.154,-9.026,476.316,0.039,-15.459,True,0,0,159.145,10255.278
1765362284,318.04,11273,1.0,0.0,1.0,-0.001,8,-8.728,-0.407,87.911,0.025,-1.034,88.338,-0.01,0.178,0.079,0.099,0.007,0.007,0.228,-0.022,-0.0,0.008,68.5,72.1,76.2,72.3,96.4,99.5,0.0,28.26,5408.8,0.028,259.688,0.0,0.0,-0.0507,0.1814,0.0,14.0,0.0,0.0,0.0,77.9,73.4,69.7,73.7,94.9,99.5,0.0,28.02,5178.0,0.03,259.672,0.0,0.0,0.0523,0.1806,0.0,14.0,0.0,0.0,0.0,78.8,83.8,89.2,83.9,104.2,99.5,0.0,29.52,7343.2,0.169,262.335,0.0,0.0,-0.0602,0.1938,0.0,14.0,0.0,0.0,0.0,91.0,85.2,80.1,85.4,104.3,99.5,0.0,29.53,7276.9,0.165,262.335,0.0,0.0,0.0603,0.194,0.0,14.0,0.0,0.0,0.0,36.597,2.648,90.0,14.0,9,13500,5,1,1,False,0.776,0.0,1685.7,0.0,False,False,0.0,False,0.0,False,False,False,0.02,0.052,0.54,0.0,0.0,0.0,0.0,0.0,0.0,14.0,12.0,1.2348,1,68085,1:08.085,96746,96746,10263.711,0,2,25893,0.8259,False,False,Soft (S),0,1.0,0,60.317,-9.073,484.752,-0.008,-15.462,True,0,0,167.578,10263.711
1765362284,318.3,11292,1.0,0.0,1.0,-0.001,8,-8.737,-0.463,87.982,0.018,-1.022,88.41,0.001,-0.23,0.067,0.099,0.006,0.005,0.231,0.006,-0.006,-0.022,68.4,72.1,76.1,72.2,96.4,99.5,0.0,28.26,5105.2,0.033,259.861,0.0,0.0,-0.0512,0.1788,0.0,14.0,0.0,0.0,0.0,77.9,73.4,69.7,73.6,94.9,99.5,0.0,28.02,5057.4,0.03,259.813,0.0,0.0,0.0504,0.1792,0.0,14.0,0.0,0.0,0.0,78.7,83.7,89.1,83.8,104.3,99.5,0.0,29.52,6451.6,0.175,262.823,0.0,0.0,-0.0598,0.1923,0.0,14.0,0.0,0.0,0.0,90.9,85.1,80.0,85.3,104.3,99.5,0.0,29.54,6620.8,0.171,262.741,0.0,0.0,0.0594,0.1926,0.0,14.0,0.0,0.0,0.0,36.597,2.648,90.0,14.0,9,13500,5,1,1,False,0.776,0.0,1685.7,0.0,False,False,0.0,False,0.0,False,False,False,0.023,0.054,0.54,0.0,0.0,0.0,0.0,0.0,0.0,14.0,12.0,1.2348,1,68190,1:08.190,96746,96746,10272.973,0,2,25893,0.8275,False,False,Soft (S),0,1.0,0,59.4,-9.115,493.987,0.018,-15.462,True,0,0,176.84,10272.973
1765362284,318.55,11301,1.0,0.0,1.0,-0.0,8,-8.746,-0.487,88.052,0.023,-1.018,88.481,-0.004,-0.0,0.054,0.099,0.006,0.006,0.23,-0.008,-0.002,-0.018,68.3,72.0,76.1,72.1,96.4,99.5,0.0,28.26,5528.2,0.033,260.095,0.0,0.0,-0.051,0.1799,0.0,14.0,0.0,0.0,0.0,77.8,73.3,69.6,73.6,94.9,99.5,0.0,28.03,5361.5,0.03,260.062,0.0,0.0,0.0513,0.1798,0.0,14.0,0.0,0.0,0.0,78.6,83.6,89.1,83.8,104.3,99.5,0.0,29.52,6589.0,0.172,262.989,0.0,0.0,-0.0591,0.1928,0.0,14.0,0.0,0.0,0.0,90.8,85.1,79.9,85.2,104.4,99.5,0.0,29.54,6538.9,0.17,262.989,0.0,0.0,0.0594,0.1922,0.0,14.0,0.0,0.0,0.0,36.597,2.649,90.0,14.0,9,13500,5,1,1,False,0.777,0.0,1685.7,0.0,False,False,0.0,False,0.0,False,False,False,0.021,0.054,0.54,0.0,0.0,0.0,0.0,0.0,0.0,14.0,12.0,1.2348,1,68286,1:08.286,96746,96746,10281.505,0,2,25893,0.829,False,False,Soft (S),0,1.0,0,58.561,-9.162,502.437,0.022,-15.462,True,0,0,185.372,10281.505
1765362284,318.81,11308,1.0,0.0,1.0,0.0,8,-8.744,-0.415,88.125,0.015,-1.013,88.553,-0.019,-0.11,0.064,0.099,0.007,0.005,0.23,0.003,0.002,0.023,68.3,71.9,76.0,72.1,96.4,99.5,0.0,28.26,5039.5,0.033,260.247,0.0,0.0,-0.0511,0.1802,0.0,14.0,0.0,0.0,0.0,77.7,73.2,69.6,73.5,94.9,99.5,0.0,28.03,4874.3,0.028,260.258,0.0,0.0,0.0517,0.1796,0.0,14.0,0.0,0.0,0.0,78.6,83.6,89.0,83.7,104.3,99.5,0.0,29.53,6787.9,0.172,263.153,0.0,0.0,-0.0596,0.1933,0.0,14.0,0.0,0.0,0.0,90.7,85.0,79.8,85.2,104.4,99.5,0.0,29.54,6582.0,0.172,263.153,0.0,0.0,0.0603,0.1933,0.0,14.0,0.0,0.0,0.0,36.597,2.649,90.0,14.0,9,13500,5,1,1,False,0.777,0.0,1685.7,0.0,False,False,0.0,False,0.0,False,False,False,0.022,0.054,0.54,0.0,0.0,0.0,0.0,0.0,0.0,14.0,12.0,1.2348,1,68391,1:08.391,96746,96746,10290.811,0,2,25893,0.8306,False,False,Soft (S),0,1.0,0,57.642,-9.208,511.686,0.029,-15.462,True,0,0,194.678,10290.811
1765362285,319.06,11316,1.0,0.0,1.0,-0.001,8,-8.745,-0.495,88.193,0.022,-1.029,88.621,0.012,-0.071,0.05,0.099,0.006,0.005,0.231,0.011,0.001,-0.016,68.2,71.8,75.9,72.0,96.4,99.5,0.0,28.26,5350.5,0.032,260.458,0.0,0.0,-0.0507,0.1792,0.0,14.0,0.0,0.0,0.0,77.6,73.2,69.5,73.4,95.0,99.5,0.0,28.03,5225.3,0.033,260.443,0.0,0.0,0.051,0.1791,0.0,14.0,0.0,0.0,0.0,78.5,83.5,88.9,83.7,104.3,99.5,0.0,29.53,6641.1,0.172,263.353,0.0,0.0,-0.0591,0.1926,0.0,14.0,0.0,0.0,0.0,90.6,84.9,79.7,85.1,104.4,99.5,0.0,29.55,6552.1,0.17,263.353,0.0,0.0,0.0594,0.1924,0.0,14.0,0.0,0.0,0.0,36.597,2.649,90.0,14.0,9,13500,5,1,1,False,0.777,0.0,1685.7,0.0,False,False,0.0,False,0.0,False,False,False,0.023,0.054,0.54,0.0,0.0,0.0,0.0,0.0,0.0,14.0,12.0,1.2348,1,68493,1:08.493,96746,96746,10299.791,0,2,25893,0.8322,False,False,Soft (S),0,1.0,0,56.75,-9.255,520.679,-0.009,-15.462,True,0,0,203.658,10299.791
1765362285,319.31,11322,1.0,0.0,1.0,-0.001,8,-8.735,-0.487,88.264,0.019,-1.027,88.691,0.018,-0.09,0.07,0.099,0.006,0.005,0.231,0.012,0.0,-0.009,68.1,71.8,75.8,71.9,96.4,99.5,0.0,28.26,5040.2,0.032,260.645,0.0,0.0,-0.0511,0.1794,0.0,14.0,0.0,0.0,0.0,77.6,73.1,69.4,73.4,95.0,99.5,0.0,28.04,4985.9,0.031,260.638,0.0,0.0,0.0512,0.1794,0.0,14.0,0.0,0.0,0.0,78.4,83.5,88.9,83.6,104.3,99.5,0.0,29.54,6796.3,0.171,263.48,0.0,0.0,-0.0594,0.1932,0.0,14.0,0.0,0.0,0.0,90.5,84.8,79.7,85.0,104.5,99.5,0.0,29.55,6904.8,0.169,263.48,0.0,0.0,0.0597,0.1928,0.0,14.0,0.0,0.0,0.0,36.597,2.649,90.0,14.0,9,13500,5,1,1,False,0.777,0.0,1685.7,0.0,False,False,0.0,False,0.0,False,False,False,0.023,0.053,0.54,0.0,0.0,0.0,0.0,0.0,0.0,14.0,12.0,1.2348,1,68592,1:08.592,96746,96746,10308.71,0,2,25893,0.8337,False,False,Soft (S),0,1.0,0,55.885,-9.303,529.414,0.009,-15.462,True,0,0,212.577,10308.71
1765362285,319.56,11327,1.0,0.0,1.0,0.001,8,-8.735,-0.466,88.334,0.017,-1.042,88.76,-0.018,0.017,0.058,0.099,0.006,0.004,0.23,0.007,0.001,0.011,68.1,71.7,75.8,71.8,96.4,99.5,0.0,28.26,5049.7,0.033,260.843,0.0,0.0,-0.0507,0.18,0.0,14.0,0.0,0.0,0.0,77.5,73.0,69.4,73.3,95.0,99.5,0.0,28.04,5107.2,0.027,260.86,0.0,0.0,0.0511,0.1799,0.0,14.0,0.0,0.0,0.0,78.4,83.4,88.8,83.5,104.4,99.5,0.0,29.54,7012.3,0.17,263.611,0.0,0.0,-0.0602,0.1935,0.0,14.0,0.0,0.0,0.0,90.5,84.8,79.6,84.9,104.5,99.5,0.0,29.56,6958.8,0.165,263.611,0.0,0.0,0.0596,0.1936,0.0,14.0,0.0,0.0,0.0,36.597,2.649,90.0,14.0,9,13500,5,1,1,False,0.777,0.0,1685.7,0.0,False,False,0.0,False,0.0,False,False,False,0.022,0.052,0.54,0.0,0.0,0.0,0.0,0.0,0.0,14.0,12.0,1.2348,1,68694,1:08.694,96746,96746,10317.764,0,2,25893,0.8352,False,False,Soft (S),0,1.0,0,54.994,-9.354,538.42,0.033,-15.462,True,0,0,221.631,10317.764
1765362285,319.78,11341,1.0,0.0,1.0,-0.001,8,-8.741,-0.576,88.396,0.033,-1.046,88.823,0.005,-0.078,0.062,0.099,0.005,0.005,0.231,-0.004,0.002,-0.009,68.0,71.6,75.7,71.8,96.4,99.5,0.0,28.26,5376.3,0.032,261.059,0.0,0.0,-0.0506,0.1794,0.0,14.0,0.0,0.0,0.0,77.4,73.0,69.3,73.2,95.0,99.5,0.0,28.04,5257.0,0.033,261.06,0.0,0.0,0.0514,0.179,0.0,14.0,0.0,0.0,0.0,78.3,83.3,88.7,83.4,104.4,99.5,0.0,29.54,6798.6,0.172,263.935,0.0,0.0,-0.0587,0.1924,0.0,14.0,0.0,0.0,0.0,90.4,84.7,79.5,84.8,104.5,99.5,0.0,29.56,6539.1,0.168,263.935,0.0,0.0,0.0592,0.1919,0.0,14.0,0.0,0.0,0.0,36.597,2.649,90.0,14.0,9,13500,5,1,1,False,0.777,0.0,1685.7,0.0,False,False,0.0,False,0.0,False,False,False,0.024,0.054,0.54,0.0,0.0,0.0,0.0,0.0,0.0,14.0,12.0,1.2348,1,68766,1:08.766,96746,96746,10323.195,0,2,25893,0.8364,False,False,Soft (S),0,1.0,0,54.365,-9.389,544.782,-0.002,-15.462,True,0,0,227.062,10323.195
1765362285,320.03,11337,1.0,0.0,1.0,-0.0,8,-8.741,-0.395,88.466,0.011,-1.044,88.891,0.005,0.091,0.068,0.099,0.007,0.004,0.229,0.013,0.001,0.014,68.0,71.6,75.6,71.7,96.4,99.5,0.0,28.26,4525.8,0.03,261.208,0.0,0.0,-0.0517,0.1806,0.0,14.0,0.0,0.0,0.0,77.4,72.9,69.3,73.2,95.1,99.5,0.0,28.05,4603.6,0.025,261.217,0.0,0.0,0.0512,0.1807,0.0,14.0,0.0,0.0,0.0,78.3,83.3,88.7,83.4,104.4,99.5,0.0,29.55,7427.2,0.167,263.827,0.0,0.0,-0.0609,0.1951,0.0,14.0,0.0,0.0,0.0,90.3,84.6,79.4,84.8,104.5,99.5,0.0,29.57,7506.2,0.165,263.827,0.0,0.0,0.061,0.1948,0.0,14.0,0.0,0.0,0.0,36.597,2.649,90.0,14.0,9,13500,5,1,1,False,0.778,0.0,1685.7,0.0,False,False,0.0,False,0.0,False,False,False,0.021,0.05,0.54,0.0,0.0,0.0,0.0,0.0,0.0,14.0,12.0,1.2348,1,68898,1:08.898,96746,96746,10335.776,0,2,25893,0.8384,False,False,Soft (S),0,1.0,0,53.211,-9.456,556.454,0.027,-15.462,True,0,0,239.643,10335.776
1765362285,320.26,11347,1.0,0.0,1.0,0.0,8,-8.728,-0.489,88.53,0.013,-1.095,88.953,0.045,0.159,0.064,0.098,0.007,0.003,0.229,-0.009,0.006,0.034,67.9,71.5,75.6,71.6,96.4,99.5,0.0,28.26,5286.0,0.033,261.426,0.0,0.0,-0.0519,0.1804,0.0,14.0,0.0,0.0,0.0,77.3,72.9,69.2,73.1,95.1,99.5,0.0,28.05,5171.5,0.03,261.466,0.0,0.0,0.0518,0.1794,0.0,14.0,0.0,0.0,0.0,78.2,83.2,88.6,83.3,104.4,99.5,0.0,29.55,7322.8,0.168,264.064,0.0,0.0,-0.0605,0.1933,0.0,14.0,0.0,0.0,0.0,90.2,84.5,79.4,84.7,104.6,99.5,0.0,29.57,7526.7,0.164,264.064,0.0,0.0,0.0599,0.1934,0.0,14.0,0.0,0.0,0.0,36.597,2.649,90.0,14.0,9,13500,5,1,1,False,0.778,0.0,1685.7,0.0,False,False,0.0,False,0.0,False,False,False,0.022,0.053,0.54,0.0,0.0,0.0,0.0,0.0,0.0,14.0,12.0,1.2348,1,68994,1:08.994,96746,96746,10344.204,0,2,25893,0.8399,False,False,Soft (S),0,1.0,0,52.399,-9.5,564.684,0.021,-15.462,True,0,0,248.071,10344.204
1765362285,320.47,11359,1.0,0.0,1.0,-0.002,8,-8.72,-0.488,88.589,0.028,-1.073,89.012,0.023,0.027,0.07,0.098,0.007,0.004,0.23,-0.023,0.003,-0.001,67.8,71.4,75.5,71.6,96.4,99.5,0.0,28.26,5005.2,0.025,261.628,0.0,0.0,-0.0499,0.1805,0.0,14.0,0.0,0.0,0.0,77.3,72.8,69.1,73.1,95.1,99.5,0.0,28.06,4853.4,0.033,261.626,0.0,0.0,0.052,0.1796,0.0,14.0,0.0,0.0,0.0,78.1,83.1,88.5,83.3,104.5,99.5,0.0,29.55,7275.3,0.169,264.338,0.0,0.0,-0.0595,0.1931,0.0,14.0,0.0,0.0,0.0,90.1,84.4,79.3,84.6,104.6,99.5,0.0,29.57,7182.8,0.166,264.338,0.0,0.0,0.0599,0.1928,0.0,14.0,0.0,0.0,0.0,36.597,2.649,90.0,14.0,9,13500,5,1,1,False,0.778,0.0,1685.7,0.0,False,False,0.0,False,0.0,False,False,False,0.022,0.053,0.54,0.0,0.0,0.0,0.0,0.0,0.0,14.0,12.0,1.2348,1,69096,1:09.096,96746,96746,10353.399,0,2,25893,0.8415,False,False,Soft (S),0,1.0,0,51.483,-9.55,573.982,-0.047,-15.462,True,0,0,257.266,10353.399
1765362285,320.69,11368,1.0,0.0,1.0,-0.004,8,-8.673,-0.502,88.657,0.006,-1.057,89.075,0.09,-0.03,0.07,0.098,0.006,0.003,0.23,-0.012,0.011,-0.003,67.8,71.4,75.4,71.5,96.4,99.5,0.0,28.26,5201.6,0.022,261.782,0.0,0.0,-0.0505,0.1802,0.0,14.0,0.0,0.0,0.0,77.2,72.7,69.1,73.0,95.1,99.5,0.0,28.06,4987.3,0.038,261.809,0.0,0.0,0.0518,0.1796,0.0,14.0,0.0,0.0,0.0,78.1,83.1,88.5,83.2,104.5,99.5,0.0,29.56,7142.1,0.17,264.554,0.0,0.0,-0.0602,0.1928,0.0,14.0,0.0,0.0,0.0,90.0,84.4,79.2,84.5,104.6,99.5,0.0,29.58,7099.1,0.17,264.554,0.0,0.0,0.0598,0.1931,0.0,14.0,0.0,0.0,0.0,36.597,2.649,90.0,14.0,9,13500,5,1,1,False,0.778,0.0,1685.7,0.0,False,False,0.0,False,0.0,False,False,False,0.022,0.054,0.54,0.0,0.0,0.0,0.0,0.0,0.0,14.0,12.0,1.2348,1,69198,1:09.198,96746,96746,10362.443,0,2,25893,0.843,False,False,Soft (S),0,1.0,0,50.595,-9.6,583.022,-0.081,-15.462,True,0,0,266.31,10362.443
1765362285,320.91,11375,1.0,0.0,1.0,-0.005,8,-8.55,-0.443,88.729,-0.033,-1.043,89.135,0.153,0.03,0.056,0.096,0.007,0.002,0.229,-0.004,0.02,0.002,67.7,71.3,75.4,71.5,96.4,99.5,0.0,28.26,5069.7,0.024,261.91,0.0,0.0,-0.0543,0.1801,0.0,14.0,0.0,0.0,0.0,77.1,72.7,69.0,72.9,95.2,99.5,0.0,28.07,5160.5,0.041,261.996,0.0,0.0,0.0511,0.1806,0.0,14.0,0.0,0.0,0.0,78.0,83.0,88.4,83.1,104.5,99.5,0.0,29.56,6983.7,0.165,264.723,0.0,0.0,-0.0605,0.1934,0.0,14.0,0.0,0.0,0.0,90.0,84.3,79.1,84.5,104.6,99.5,0.0,29.58,7139.2,0.174,264.723,0.0,0.0,0.0599,0.194,0.0,14.0,0.0,0.0,0.0,36.597,2.649,90.0,14.0,9,13500,5,1,1,False,0.778,0.0,1685.7,0.0,False,False,0.0,False,0.0,False,False,False,0.021,0.052,0.54,0.0,0.0,0.0,0.0,0.0,0.0,14.0,12.0,1.2348,1,69303,1:09.303,96746,96746,10371.816,0,2,25893,0.8447,False,False,Soft (S),0,1.0,0,49.691,-9.65,592.335,-0.093,-15.462,True,0,0,275.683,10371.816
1765362285,321.12,11382,1.0,0.0,1.0,-0.005,8,-8.388,-0.456,88.804,-0.049,-1.047,89.194,0.179,-0.094,0.055,0.094,0.007,0.003,0.23,0.024,0.018,-0.022,67.6,71.3,75.3,71.4,96.4,99.5,0.0,28.26,4758.8,0.016,262.043,0.0,0.0,-0.0519,0.179,0.0,14.0,0.0,0.0,0.0,77.0,72.6,69.0,72.9,95.2,99.5,0.0,28.07,4871.1,0.047,262.113,0.0,0.0,0.0507,0.1797,0.0,14.0,0.0,0.0,0.0,77.9,82.9,88.3,83.1,104.5,99.5,0.0,29.56,6679.8,0.163,264.886,0.0,0.0,-0.0606,0.1933,0.0,14.0,0.0,0.0,0.0,89.9,84.2,79.1,84.4,104.7,99.5,0.0,29.58,7038.2,0.174,264.886,0.0,0.0,0.0596,0.1937,0.0,14.0,0.0,0.0,0.0,36.597,2.649,90.0,14.0,9,13500,5,1,1,False,0.778,0.0,1685.7,0.0,False,False,0.0,False,0.0,False,False,False,0.023,0.052,0.54,0.0,0.0,0.0,0.0,0.0,0.0,14.0,12.0,1.2348,1,69408,1:09.408,96746,96746,10380.755,0,2,25893,0.8463,False,False,Soft (S),0,1.0,0,48.802,-9.696,601.655,-0.138,-15.462,True,0,0,284.622,10380.755
1765362286,321.32,11387,1.0,0.0,1.0,-0.004,8,-8.209,-0.592,88.875,-0.065,-1.087,89.249,0.194,-0.028,0.069,0.091,0.006,0.003,0.23,-0.011,0.017,-0.017,67.6,71.2,75.2,71.3,96.4,99.5,0.0,28.26,5140.0,0.03,262.259,0.0,0.0,-0.0578,0.1789,0.0,14.0,0.0,0.0,0.0,77.0,72.5,68.9,72.8,95.2,99.5,0.0,28.07,5442.7,0.046,262.343,0.0,0.0,0.0502,0.1799,0.0,14.0,0.0,0.0,0.0,77.9,82.9,88.3,83.0,104.5,99.5,0.0,29.56,7040.0,0.161,264.996,0.0,0.0,-0.0603,0.1924,0.0,14.0,0.0,0.0,0.0,89.8,84.1,79.0,84.3,104.7,99.5,0.0,29.59,7349.6,0.173,264.996,0.0,0.0,0.059,0.1927,0.0,14.0,0.0,0.0,0.0,36.597,2.649,90.0,14.0,9,13500,5,1,1,False,0.779,0.0,1685.7,0.0,False,False,0.0,False,0.0,False,False,False,0.022,0.053,0.54,0.0,0.0,0.0,0.0,0.0,0.0,14.0,12.0,1.2348,1,69507,1:09.507,96746,96746,10389.923,0,2,25893,0.8478,False,False,Soft (S),0,1.0,0,47.981,-9.75,610.451,-0.091,-15.462,True,0,0,293.79,10389.923
1765362286,321.51,11404,1.0,0.0,1.0,-0.003,8,-8.044,-0.505,88.943,-0.058,-1.002,89.302,0.139,-0.128,0.035,0.089,0.006,0.005,0.23,0.016,0.016,-0.019,67.5,71.1,75.2,71.3,96.4,99.5,0.0,28.26,5274.3,0.026,262.361,0.0,0.0,-0.0539,0.1796,0.0,14.0,0.0,0.0,0.0,76.9,72.5,68.8,72.7,95.2,99.5,0.0,28.08,5304.9,0.041,262.44,0.0,0.0,0.0511,0.1804,0.0,14.0,0.0,0.0,0.0,77.8,82.8,88.2,82.9,104.6,99.5,0.0,29.57,6496.8,0.173,265.403,0.0,0.0,-0.0633,0.1938,0.0,14.0,0.0,0.0,0.0,89.7,84.0,78.9,84.2,104.7,99.5,0.0,29.59,6407.9,0.182,265.403,0.0,0.0,0.0605,0.1936,0.0,14.0,0.0,0.0,0.0,36.597,2.649,90.0,14.0,9,13500,5,1,1,False,0.779,0.0,1685.7,0.0,False,False,0.0,False,0.0,False,False,False,0.022,0.052,0.54,0.0,0.0,0.0,0.0,0.0,0.0,14.0,12.0,1.2348,1,69606,1:09.606,96746,96746,10398.736,0,2,25893,0.8493,False,False,Soft (S),0,1.0,0,47.177,-9.802,619.253,-0.082,-15.462,True,0,0,302.603,10398.736
1765362286,321.71,11402,1.0,0.0,1.0,-0.001,8,-7.923,-0.493,89.011,-0.045,-1.043,89.359,0.101,0.152,0.04,0.088,0.006,0.006,0.229,-0.001,0.012,0.016,67.5,71.1,75.1,71.2,96.4,99.5,0.0,28.26,5563.5,0.032,262.577,0.0,0.0,-0.0554,0.1808,0.0,14.0,0.0,0.0,0.0,76.8,72.4,68.8,72.7,95.3,99.5,0.0,28.08,5600.8,0.037,262.638,0.0,0.0,0.0518,0.1803,0.0,14.0,0.0,0.0,0.0,77.7,82.7,88.2,82.9,104.6,99.5,0.0,29.57,7008.9,0.17,265.352,0.0,0.0,-0.0635,0.194,0.0,14.0,0.0,0.0,0.0,89.6,84.0,78.8,84.1,104.7,99.5,0.0,29.6,7119.9,0.173,265.352,0.0,0.0,0.0603,0.1938,0.0,14.0,0.0,0.0,0.0,36.597,2.649,90.0,14.0,9,13500,5,1,1,False,0.779,0.0,1685.7,0.0,False,False,0.0,False,0.0,False,False,False,0.02,0.052,0.54,0.0,0.0,0.0,0.0,0.0,0.0,14.0,12.0,1.2348,1,69705,1:09.705,96746,96746,10407.69,0,2,25893,0.8509,False,False,Soft (S),0,1.0,0,46.387,-9.854,628.062,-0.034,-15.459,True,0,0,311.557,10407.69
1765362286,321.88,11421,1.0,0.0,1.0,-0.0,8,-7.869,-0.541,89.062,-0.011,-1.025,89.405,0.014,-0.188,0.087,0.088,0.005,0.007,0.231,-0.018,-0.002,-0.022,67.4,71.0,75.1,71.2,96.4,99.5,0.0,28.26,5235.7,0.038,262.765,0.0,0.0,-0.0569,0.1798,0.0,14.0,0.0,0.0,0.0,76.8,72.3,68.7,72.6,95.3,99.5,0.0,28.09,5063.5,0.038,262.744,0.0,0.0,0.0527,0.1798,0.0,14.0,0.0,0.0,0.0,77.7,82.7,88.1,82.8,104.6,99.5,0.0,29.57,6586.5,0.187,265.795,0.0,0.0,-0.0656,0.1927,0.0,14.0,0.0,0.0,0.0,89.5,83.9,78.7,84.1,104.7,99.5,0.0,29.6,6514.1,0.179,265.795,0.0,0.0,0.0602,0.1922,0.0,14.0,0.0,0.0,0.0,36.597,2.65,90.0,14.0,9,13500,5,1,1,False,0.779,0.0,1685.7,0.0,False,False,0.0,False,0.0,False,False,False,0.022,0.055,0.54,0.0,0.0,0.0,0.0,0.0,0.0,14.0,12.0,1.2348,1,69810,1:09.810,96746,96746,10417.191,0,2,25893,0.8525,False,False,Soft (S),0,1.0,0,45.559,-9.905,637.411,0.006,-15.462,True,0,0,321.058,10417.191
1765362286,322.09,11416,1.0,0.0,1.0,0.003,8,-7.886,-0.49,89.12,-0.006,-1.039,89.463,-0.025,0.1,0.043,0.088,0.006,0.007,0.229,-0.006,-0.01,0.011,67.4,71.0,75.0,71.1,96.4,99.5,0.0,28.27,5362.2,0.04,262.929,0.0,0.0,-0.0546,0.1808,0.0,14.0,0.0,0.0,0.0,76.7,72.3,68.6,72.5,95.3,99.5,0.0,28.09,5352.5,0.027,262.895,0.0,0.0,0.0525,0.1804,0.0,14.0,0.0,0.0,0.0,77.6,82.6,88.0,82.8,104.6,99.5,0.0,29.58,7026.5,0.174,265.668,0.0,0.0,-0.063,0.1941,0.0,14.0,0.0,0.0,0.0,89.5,83.8,78.7,84.0,104.8,99.5,0.0,29.6,7066.3,0.169,265.668,0.0,0.0,0.0611,0.1935,0.0,14.0,0.0,0.0,0.0,36.597,2.65,90.0,14.0,9,13500,5,1,1,False,0.779,0.0,1685.7,0.0,False,False,0.0,False,0.0,False,False,False,0.02,0.052,0.54,0.0,0.0,0.0,0.0,0.0,0.0,14.0,12.0,1.2348,1,69912,1:09.912,96746,96746,10426.127,0,2,25893,0.8541,False,False,Soft (S),0,1.0,0,44.755,-9.959,646.499,0.071,-15.462,True,0,0,329.994,10426.127
1765362286,322.28,11421,1.0,0.0,1.0,-0.0,8,-7.938,-0.54,89.168,0.04,-1.068,89.516,-0.079,-0.055,0.063,0.089,0.006,0.007,0.23,-0.004,-0.008,-0.018,67.3,70.9,74.9,71.0,96.4,99.5,0.0,28.27,5227.8,0.042,263.078,0.0,0.0,-0.0556,0.1797,0.0,14.0,0.0,0.0,0.0,76.6,72.2,68.6,72.5,95.3,99.5,0.0,28.09,5010.2,0.032,263.033,0.0,0.0,0.053,0.1796,0.0,14.0,0.0,0.0,0.0,77.5,82.6,88.0,82.7,104.6,99.5,0.0,29.58,7373.3,0.175,265.79,0.0,0.0,-0.0615,0.1935,0.0,14.0,0.0,0.0,0.0,89.4,83.7,78.6,83.9,104.8,99.5,0.0,29.61,7036.1,0.167,265.79,0.0,0.0,0.0612,0.1927,0.0,14.0,0.0,0.0,0.0,36.597,2.65,90.0,14.0,9,13500,5,1,1,False,0.779,0.0,1685.7,0.0,False,False,0.0,False,0.0,False,False,False,0.022,0.052,0.54,0.0,0.0,0.0,0.0,0.0,0.0,14.0,12.0,1.2348,1,70011,1:10.011,96746,96746,10435.08,0,2,25893,0.8556,False,False,Soft (S),0,1.0,0,43.972,-10.008,655.324,0.058,-15.462,True,0,0,338.947,10435.08
1765362286,322.46,11421,1.0,0.0,1.0,0.001,8,-7.98,-0.407,89.215,0.009,-1.075,89.566,-0.02,0.223,0.062,0.089,0.007,0.007,0.227,-0.018,0.002,0.026,67.3,70.9,74.9,71.0,96.4,99.5,0.0,28.27,5184.5,0.033,263.225,0.0,0.0,-0.0532,0.1821,0.0,14.0,0.0,0.0,0.0,76.6,72.2,68.5,72.4,95.3,99.5,0.0,28.1,5019.5,0.028,263.228,0.0,0.0,0.0538,0.1808,0.0,14.0,0.0,0.0,0.0,77.5,82.5,87.9,82.6,104.6,99.5,0.0,29.58,7724.7,0.177,265.794,0.0,0.0,-0.066,0.1953,0.0,14.0,0.0,0.0,0.0,89.3,83.7,78.5,83.8,104.8,99.5,0.0,29.61,7715.7,0.17,265.794,0.0,0.0,0.0635,0.1944,0.0,14.0,0.0,0.0,0.0,36.597,2.65,90.0,14.0,9,13500,5,1,1,False,0.779,0.0,1685.7,0.0,False,False,0.0,False,0.0,False,False,False,0.02,0.05,0.54,0.0,0.0,0.0,0.0,0.0,0.0,14.0,12.0,1.2348,1,70110,1:10.110,96746,96746,10444.052,0,2,25893,0.8572,False,False,Soft (S),0,1.0,0,43.184,-10.058,664.154,0.034,-15.462,True,0,0,347.919,10444.052
1765362286,322.63,11432,1.0,0.0,1.0,0.001,8,-8.008,-0.546,89.26,0.029,-1.099,89.614,-0.057,0.124,0.069,0.09,0.006,0.007,0.23,-0.024,-0.008,-0.014,67.2,70.8,74.8,70.9,96.4,99.5,0.0,28.27,5370.9,0.045,263.403,0.0,0.0,-0.0563,0.1798,0.0,14.0,0.0,0.0,0.0,76.5,72.1,68.5,72.4,95.4,99.5,0.0,28.1,5246.5,0.035,263.36,0.0,0.0,0.0546,0.1794,0.0,14.0,0.0,0.0,0.0,77.4,82.4,87.8,82.6,104.7,99.5,0.0,29.58,7482.2,0.175,266.043,0.0,0.0,-0.0624,0.1929,0.0,14.0,0.0,0.0,0.0,89.2,83.6,78.4,83.7,104.8,99.5,0.0,29.61,7283.0,0.168,266.043,0.0,0.0,0.0622,0.1922,0.0,14.0,0.0,0.0,0.0,36.597,2.65,90.0,14.0,9,13500,5,1,1,False,0.78,0.0,1685.7,0.0,False,False,0.0,False,0.0,False,False,False,0.022,0.053,0.54,0.0,0.0,0.0,0.0,0.0,0.0,14.0,12.0,1.2348,1,70212,1:10.212,96746,96746,10452.167,0,2,25893,0.8588,False,False,Soft (S),0,1.0,0,42.369,-10.105,673.256,0.06,-15.462,True,0,0,356.034,10452.167
1765362286,322.81,11438,1.0,0.0,1.0,0.002,8,-8.084,-0.478,89.304,0.043,-1.045,89.664,-0.088,-0.03,0.045,0.091,0.006,0.006,0.23,0.017,-0.013,-0.007,67.1,70.7,74.8,70.9,96.4,99.5,0.0,28.27,4770.6,0.046,263.478,0.0,0.0,-0.0558,0.1799,0.0,14.0,0.0,0.0,0.0,76.5,72.1,68.4,72.3,95.4,99.5,0.0,28.1,4756.4,0.028,263.412,0.0,0.0,0.0545,0.1798,0.0,14.0,0.0,0.0,0.0,77.4,82.4,87.8,82.5,104.7,99.5,0.0,29.59,7070.6,0.182,266.239,0.0,0.0,-0.065,0.1945,0.0,14.0,0.0,0.0,0.0,89.1,83.5,78.4,83.7,104.8,99.5,0.0,29.61,7145.8,0.169,266.153,0.0,0.0,0.0636,0.1936,0.0,14.0,0.0,0.0,0.0,36.597,2.65,90.0,14.0,9,13500,5,1,1,False,0.78,0.0,1685.7,0.0,False,False,0.0,False,0.0,False,False,False,0.023,0.051,0.54,0.0,0.0,0.0,0.0,0.0,0.0,14.0,12.0,1.2348,1,70314,1:10.314,96746,96746,10462.16,0,2,25893,0.8604,False,False,Soft (S),0,1.0,0,41.548,-10.155,682.363,0.084,-15.462,True,0,0,366.027,10462.16
1765362286,322.98,11441,1.0,0.0,1.0,0.002,8,-8.174,-0.608,89.341,0.075,-1.126,89.709,-0.108,0.21,0.082,0.092,0.006,0.01,0.229,-0.05,-0.012,-0.025,67.1,70.7,74.7,70.8,96.4,99.5,0.0,28.27,5581.8,0.047,263.735,0.0,0.0,-0.0565,0.1813,0.0,14.0,0.0,0.0,0.0,76.4,72.0,68.4,72.3,95.4,99.5,0.0,28.1,5113.9,0.035,263.663,0.0,0.0,0.058,0.1799,0.0,14.0,0.0,0.0,0.0,77.3,82.3,87.7,82.4,104.7,99.5,0.0,29.59,8026.6,0.184,266.257,0.0,0.0,-0.0653,0.1934,0.0,14.0,0.0,0.0,0.0,89.0,83.4,78.3,83.6,104.9,99.5,0.0,29.62,7674.3,0.17,266.257,0.0,0.0,0.0655,0.192,0.0,14.0,0.0,0.0,0.0,36.597,2.65,90.0,14.0,9,13500,5,1,1,False,0.78,0.0,1685.7,0.0,False,False,0.0,False,0.0,False,False,False,0.021,0.053,0.54,0.0,0.0,0.0,0.0,0.0,0.0,14.0,12.0,1.2348,1,70416,1:10.416,96746,96746,10471.42,0,2,25893,0.8619,False,False,Soft (S),0,1.0,0,40.719,-10.214,691.474,0.083,-15.462,True,0,0,375.287,10471.42
1765362287,323.15,11447,1.0,0.0,1.0,0.001,8,-8.283,-0.356,89.38,0.073,-1.058,89.757,-0.118,0.17,0.053,0.093,0.008,0.009,0.227,-0.008,-0.017,-0.032,67.0,70.6,74.6,70.8,96.4,99.5,0.0,28.27,5322.2,0.043,263.805,0.0,0.0,-0.0554,0.1816,0.0,14.0,0.0,0.0,0.0,76.4,72.0,68.3,72.2,95.4,99.5,0.0,28.11,5125.7,0.027,263.713,0.0,0.0,0.0559,0.1819,0.0,14.0,0.0,0.0,0.0,77.2,82.3,87.7,82.4,104.7,99.5,0.0,29.59,7663.5,0.186,266.388,0.0,0.0,-0.0665,0.1962,0.0,14.0,0.0,0.0,0.0,89.0,83.4,78.2,83.5,104.9,99.5,0.0,29.62,7518.2,0.172,266.388,0.0,0.0,0.0672,0.1954,0.0,14.0,0.0,0.0,0.0,36.597,2.65,90.0,14.0,9,13500,5,1,1,False,0.78,0.0,1685.7,0.0,False,False,0.0,False,0.0,False,False,False,0.02,0.049,0.54,0.0,0.0,0.0,0.0,0.0,0.0,14.0,12.0,1.2348,1,70512,1:10.512,96746,96746,10480.129,0,2,25893,0.8634,False,False,Soft (S),0,1.0,0,39.929,-10.259,700.052,0.084,-15.462,True,0,0,383.996,10480.129
1765362287,323.3,11456,1.0,0.0,1.0,0.0,8,-8.368,-0.388,89.415,0.076,-1.073,89.8,-0.062,0.044,0.055,0.094,0.008,0.01,0.229,-0.005,-0.005,-0.005,67.0,70.6,74.6,70.7,96.4,99.5,0.0,28.27,5249.7,0.043,263.895,0.0,0.0,-0.0545,0.1805,0.0,14.0,0.0,0.0,0.0,76.3,71.9,68.3,72.2,95.4,99.5,0.0,28.11,5173.3,0.034,263.865,0.0,0.0,0.0566,0.1798,0.0,14.0,0.0,0.0,0.0,77.2,82.2,87.6,82.3,104.7,99.5,0.0,29.6,7351.8,0.18,266.603,0.0,0.0,-0.0625,0.1946,0.0,14.0,0.0,0.0,0.0,88.9,83.3,78.1,83.5,104.9,99.5,0.0,29.62,7251.0,0.172,266.603,0.0,0.0,0.0653,0.1932,0.0,14.0,0.0,0.0,0.0,36.597,2.65,90.0,14.0,9,13500,5,1,1,False,0.78,0.0,1685.7,0.0,False,False,0.0,False,0.0,False,False,False,0.021,0.052,0.54,0.0,0.0,0.0,0.0,0.0,0.0,14.0,12.0,1.2348,1,70617,1:10.617,96746,96746,10489.405,0,2,25893,0.8651,False,False,Soft (S),0,1.0,0,39.055,-10.297,709.439,0.057,-15.462,True,0,0,393.272,10489.405
1765362287,323.46,11465,1.0,0.0,1.0,0.0,8,-8.394,-0.418,89.456,0.048,-1.048,89.844,-0.019,-0.037,0.057,0.094,0.007,0.01,0.23,0.009,0.004,0.021,66.9,70.5,74.5,70.6,96.4,99.5,0.0,28.27,4906.2,0.043,263.969,0.0,0.0,-0.0551,0.18,0.0,14.0,0.0,0.0,0.0,76.3,71.9,68.2,72.1,95.5,99.5,0.0,28.11,4897.7,0.037,263.999,0.0,0.0,0.0566,0.1792,0.0,14.0,0.0,0.0,0.0,77.1,82.1,87.6,82.3,104.7,99.5,0.0,29.6,7108.6,0.18,266.81,0.0,0.0,-0.063,0.1935,0.0,14.0,0.0,0.0,0.0,88.8,83.2,78.1,83.4,104.9,99.5,0.0,29.63,6884.8,0.176,266.81,0.0,0.0,0.0651,0.1931,0.0,14.0,0.0,0.0,0.0,36.597,2.65,90.0,14.0,9,13500,5,1,1,False,0.78,0.0,1685.7,0.0,False,False,0.0,False,0.0,False,False,False,0.023,0.053,0.54,0.0,0.0,0.0,0.0,0.0,0.0,14.0,12.0,1.2348,1,70713,1:10.713,96746,96746,10498.055,0,2,25893,0.8666,False,False,Soft (S),0,1.0,0,38.249,-10.334,718.025,0.037,-15.462,True,0,0,401.922,10498.055
1765362287,323.63,11462,1.0,0.0,1.0,0.001,8,-8.398,-0.465,89.502,0.045,-1.103,89.889,-0.024,0.096,0.071,0.094,0.007,0.01,0.229,-0.022,-0.001,0.006,66.8,70.4,74.5,70.6,96.4,99.5,0.0,28.27,5028.7,0.042,264.165,0.0,0.0,-0.0547,0.1808,0.0,14.0,0.0,0.0,0.0,76.2,71.8,68.2,72.1,95.5,99.5,0.0,28.12,4997.0,0.036,264.172,0.0,0.0,0.0578,0.1801,0.0,14.0,0.0,0.0,0.0,77.1,82.1,87.5,82.2,104.8,99.5,0.0,29.6,7829.4,0.177,266.733,0.0,0.0,-0.0639,0.1937,0.0,14.0,0.0,0.0,0.0,88.8,83.1,78.0,83.3,104.9,99.5,0.0,29.63,7765.9,0.173,266.733,0.0,0.0,0.0662,0.1933,0.0,14.0,0.0,0.0,0.0,36.597,2.65,90.0,14.0,9,13500,5,1,1,False,0.781,0.0,1685.7,0.0,False,False,0.0,False,0.0,False,False,False,0.021,0.052,0.54,0.0,0.0,0.0,0.0,0.0,0.0,14.0,12.0,1.2348,1,70815,1:10.815,96746,96746,10507.282,0,2,25893,0.8682,False,False,Soft (S),0,1.0,0,37.393,-10.382,727.151,0.039,-15.462,True,0,0,411.149,10507.282
1765362287,323.76,11469,1.0,0.0,1.0,0.002,8,-8.438,-0.445,89.536,0.073,-1.114,89.927,-0.065,0.246,0.074,0.095,0.007,0.01,0.227,-0.073,-0.009,-0.017,66.8,70.4,74.4,70.5,96.5,99.5,0.0,28.27,5436.5,0.045,264.387,0.0,0.0,-0.056,0.1814,0.0,14.0,0.0,0.0,0.0,76.2,71.8,68.1,72.0,95.5,99.5,0.0,28.12,5573.5,0.029,264.344,0.0,0.0,0.0568,0.1823,0.0,14.0,0.0,0.0,0.0,77.0,82.0,87.4,82.1,104.8,99.5,0.0,29.6,7921.8,0.176,266.919,0.0,0.0,-0.0621,0.1939,0.0,14.0,0.0,0.0,0.0,88.7,83.1,77.9,83.2,104.9,99.5,0.0,29.63,7802.2,0.169,266.919,0.0,0.0,0.0653,0.1928,0.0,14.0,0.0,0.0,0.0,36.597,2.65,90.0,14.0,9,13500,5,1,1,False,0.781,0.0,1685.7,0.0,False,False,0.0,False,0.0,False,False,False,0.018,0.052,0.54,0.0,0.0,0.0,0.0,0.0,0.0,14.0,12.0,1.2348,1,70920,1:10.920,96746,96746,10516.556,0,2,25893,0.8698,False,False,Soft (S),0,1.0,0,36.51,-10.43,736.551,0.082,-15.462,True,0,0,420.423,10516.556
1765362287,323.91,11478,1.0,0.0,1.0,0.003,8,-8.526,-0.424,89.57,0.111,-1.09,89.969,-0.106,0.176,0.078,0.096,0.007,0.013,0.228,-0.055,-0.016,0.017,66.7,70.3,74.3,70.5,96.5,99.5,0.0,28.27,5701.2,0.048,264.494,0.0,0.0,-0.0541,0.1821,0.0,14.0,0.0,0.0,0.0,76.1,71.7,68.1,72.0,95.5,99.5,0.0,28.12,5538.5,0.03,264.428,0.0,0.0,0.0592,0.1803,0.0,14.0,0.0,0.0,0.0,76.9,82.0,87.4,82.1,104.8,99.5,0.0,29.61,7582.7,0.187,267.121,0.0,0.0,-0.0634,0.1941,0.0,14.0,0.0,0.0,0.0,88.6,83.0,77.8,83.1,105.0,99.5,0.0,29.63,7526.4,0.171,267.121,0.0,0.0,0.0675,0.193,0.0,14.0,0.0,0.0,0.0,36.597,2.65,90.0,14.0,9,13500,5,1,1,False,0.781,0.0,1685.7,0.0,False,False,0.0,False,0.0,False,False,False,0.02,0.053,0.54,0.0,0.0,0.0,0.0,0.0,0.0,14.0,12.0,1.2348,1,71022,1:11.022,96746,96746,10525.778,0,2,25893,0.8714,False,False,Soft (S),0,1.0,0,35.644,-10.471,745.686,0.101,-15.462,True,0,0,429.645,10525.778
1765362287,324.06,11486,1.0,0.0,1.0,0.009,8,-8.696,-0.106,89.596,0.077,-0.974,90.012,-0.273,-0.178,0.013,0.098,0.01,0.005,0.227,0.074,-0.013,0.173,66.7,70.3,74.3,70.4,96.5,99.5,0.0,28.28,5529.7,0.053,264.352,0.0,0.0,-0.049,0.183,0.0,14.0,0.0,0.0,0.0,76.1,71.7,68.0,71.9,95.5,99.5,0.0,28.12,4828.9,0.004,264.354,0.0,0.0,0.0542,0.1795,0.0,14.0,0.0,0.0,0.0,76.9,81.9,87.4,82.1,104.8,99.5,0.0,29.61,6393.5,0.185,267.353,0.0,0.0,-0.0629,0.1979,0.0,14.0,0.0,0.0,0.0,88.6,82.9,77.8,83.1,105.0,99.5,0.0,29.64,6562.3,0.167,267.232,0.0,0.0,0.065,0.1973,0.0,14.0,0.0,0.0,0.0,36.597,2.65,90.0,14.0,9,13500,5,1,1,False,0.781,0.0,1685.7,0.0,False,False,0.0,False,0.0,False,False,False,0.021,0.05,0.54,0.0,0.0,0.0,0.0,0.0,0.0,14.0,12.0,1.2348,1,71118,1:11.118,96746,96746,10534.498,0,2,25893,0.8729,False,False,Soft (S),0,1.0,0,34.819,-10.493,754.286,0.219,-15.462,True,0,0,438.365,10534.498
1765362287,324.19,11493,1.0,0.0,1.0,0.012,8,-8.992,-0.359,89.603,0.188,-1.084,90.047,-0.361,-0.202,0.023,0.102,0.008,0.006,0.23,0.017,-0.051,-0.054,66.6,70.2,74.2,70.3,96.5,99.5,0.0,28.27,5583.8,0.066,264.672,0.0,0.0,-0.0511,0.1804,0.0,14.0,0.0,0.0,0.0,76.0,71.6,68.0,71.9,95.5,99.5,0.0,28.13,4842.0,0.01,264.447,0.0,0.0,0.057,0.1781,0.0,14.0,0.0,0.0,0.0,76.8,81.9,87.3,82.0,104.8,99.5,0.0,29.61,6888.0,0.196,267.544,0.0,0.0,-0.0612,0.1935,0.0,14.0,0.0,0.0,0.0,88.5,82.9,77.7,83.0,105.0,99.5,0.0,29.64,6691.4,0.159,267.37,0.0,0.0,0.0649,0.1926,0.0,14.0,0.0,0.0,0.0,36.597,2.65,90.0,14.0,9,13500,5,1,1,False,0.781,0.0,1685.7,0.0,False,False,0.0,False,0.0,False,False,False,0.023,0.054,0.54,0.0,0.0,0.0,0.0,0.0,0.0,14.0,12.0,1.2348,1,71223,1:11.223,96746,96746,10543.93,0,2,25893,0.8745,False,False,Soft (S),0,1.0,0,33.891,-10.52,763.694,0.248,-15.462,True,0,0,447.797,10543.93
1765362287,324.32,11489,1.0,0.0,1.0,0.029,8,-9.646,-0.21,89.572,0.31,-1.059,90.083,-0.896,0.16,0.026,0.111,0.009,0.003,0.227,-0.005,-0.117,0.049,66.5,70.1,74.1,70.3,96.5,99.5,0.0,28.28,6075.2,0.104,264.954,0.0,0.0,-0.051,0.1838,0.0,14.0,0.0,0.0,0.0,76.0,71.6,68.0,71.9,95.5,99.5,0.0,28.13,4884.2,0.035,264.401,0.0,0.0,0.0595,0.1794,0.0,14.0,0.0,0.0,0.0,76.8,81.8,87.2,81.9,104.8,99.5,0.0,29.62,7735.3,0.212,267.596,0.0,0.0,-0.0605,0.1975,0.0,14.0,0.0,0.0,0.0,88.4,82.8,77.7,83.0,105.0,99.5,0.0,29.64,7181.9,0.138,267.139,0.0,0.0,0.0668,0.1934,0.0,14.0,0.0,0.0,0.0,36.597,2.65,90.0,14.0,9,13500,5,1,1,False,0.781,0.0,1685.7,0.0,False,False,0.0,False,0.0,False,False,False,0.019,0.051,0.54,0.0,0.0,0.0,0.0,0.0,0.0,14.0,12.0,1.2348,1,71319,1:11.319,96746,96746,10552.612,0,2,25893,0.876,False,False,Soft (S),0,1.0,0,32.999,-10.55,772.295,0.499,-15.462,True,0,0,456.479,10552.612
1765362287,323.81,11167,0.0,0.99,1.0,0.047,8,-10.844,-0.278,89.291,0.598,-1.049,89.94,-1.905,-0.032,-3.237,0.127,0.009,0.002,0.229,0.022,-0.213,-0.002,66.5,70.1,74.1,70.2,96.5,99.5,0.0,28.28,6740.9,0.283,258.2,0.0,0.0,-0.0482,0.1832,0.0,14.0,0.0,0.0,0.0,76.0,71.6,68.0,71.9,95.5,99.5,0.0,28.13,4346.5,0.293,255.215,0.0,0.0,0.0605,0.176,0.0,14.0,0.0,0.0,0.0,76.8,81.8,87.2,81.9,104.9,99.5,0.0,29.62,7843.4,0.276,260.383,0.0,0.0,-0.0572,0.1961,0.0,14.0,0.0,0.0,0.0,88.4,82.7,77.6,82.9,105.0,99.5,0.0,29.64,6369.2,0.151,259.38,0.0,0.0,0.0673,0.1904,0.0,14.0,0.0,0.0,0.0,36.597,2.632,90.0,14.0,9,13500,5,1,1,True,0.783,0.0,1685.7,0.0,False,False,0.0,False,0.0,False,False,False,0.022,0.054,0.54,0.0,0.0,0.0,0.0,0.0,0.0,14.0,12.0,1.2348,1,71421,1:11.421,96746,96746,10561.937,0,2,25893,0.8776,False,False,Soft (S),0,1.0,0,31.96,-10.572,781.425,0.828,-15.462,True,0,0,465.804,10561.937
1765362288,309.97,10612,0.0,0.99,1.0,0.062,8,-12.359,-0.251,85.209,0.842,-0.499,86.096,-2.001,-0.515,-3.674,0.154,0.003,0.003,0.234,0.084,-0.27,0.016,66.8,70.4,74.4,70.5,96.6,99.5,0.0,28.29,6783.9,0.32,247.21,0.0,0.0,-0.0455,0.1873,0.0,14.0,0.0,0.0,0.0,76.2,71.8,68.1,72.1,95.5,99.5,0.0,28.12,3522.7,0.499,239.857,0.0,0.0,0.0607,0.1769,0.0,14.0,0.0,0.0,0.0,76.8,81.9,87.3,82.0,104.9,99.5,0.0,29.62,5299.2,0.353,247.913,0.0,0.0,-0.054,0.1927,0.0,14.0,0.0,0.0,0.0,88.3,82.7,77.5,82.8,105.0,99.5,0.0,29.64,3843.0,0.244,246.001,0.0,0.0,0.0649,0.181,0.0,14.0,0.0,0.0,0.0,36.597,2.502,90.0,14.0,9,13500,5,1,1,True,0.792,0.0,1685.7,0.0,False,False,0.0,False,0.0,False,False,False,0.019,0.063,0.54,0.0,0.0,0.0,0.0,0.0,0.0,14.0,12.0,1.2348,1,71526,1:11.526,96746,96746,10571.011,0,2,25893,0.8792,False,False,Soft (S),0,1.0,0,30.738,-10.596,790.572,0.904,-15.462,True,0,0,474.878,10571.011
1765362288,295.99,10182,0.0,0.99,1.0,0.081,8,-14.373,-0.317,80.954,1.097,-0.593,82.211,-3.031,0.223,-3.7,0.189,0.003,0.004,0.233,0.018,-0.312,-0.002,67.1,70.7,74.8,70.9,96.6,99.5,0.0,28.3,8049.2,0.339,237.095,0.0,0.0,-0.046,0.1892,0.0,14.0,0.0,0.0,0.0,76.5,72.0,68.3,72.3,95.5,99.5,0.0,28.12,3554.1,0.525,228.964,0.0,0.0,0.0642,0.1743,0.0,14.0,0.0,0.0,0.0,76.9,82.0,87.4,82.1,104.9,99.5,0.0,29.62,7126.3,0.356,238.142,0.0,0.0,-0.0502,0.1924,0.0,14.0,0.0,0.0,0.0,88.3,82.6,77.5,82.8,105.0,99.5,0.0,29.63,4497.2,0.217,235.786,0.0,0.0,0.0634,0.1765,0.0,14.0,0.0,0.0,0.0,36.597,2.402,90.0,14.0,9,13500,5,1,1,True,0.801,0.0,1685.7,0.0,False,False,0.0,False,0.0,False,False,False,0.018,0.064,0.54,0.0,0.0,0.0,0.0,0.0,0.0,14.0,12.0,1.2348,1,71628,1:11.628,96746,96746,10579.605,0,2,25893,0.8807,False,False,Soft (S),0,1.0,0,29.375,-10.635,799.029,1.188,-15.459,True,0,0,483.472,10579.605
1765362288,282.87,9706,0.0,0.99,1.0,0.093,8,-16.48,-0.294,76.828,1.26,-0.532,78.564,-3.059,-0.035,-3.603,0.227,0.003,-0.002,0.238,0.049,-0.38,0.025,67.5,71.1,75.2,71.2,96.7,99.5,0.0,28.31,7112.3,0.417,225.775,0.0,0.0,-0.041,0.1856,0.0,14.0,0.0,0.0,0.0,76.7,72.3,68.5,72.5,95.4,99.5,0.0,28.11,3011.1,0.869,211.383,0.0,0.0,0.061,0.1715,0.0,14.0,0.0,0.0,0.0,77.1,82.1,87.6,82.3,104.8,99.5,0.0,29.62,6174.8,0.398,227.194,0.0,0.0,-0.0446,0.1891,0.0,14.0,0.0,0.0,0.0,88.3,82.6,77.5,82.8,104.9,99.5,0.0,29.63,3945.0,0.255,224.577,0.0,0.0,0.0597,0.1742,0.0,14.0,0.0,0.0,0.0,36.597,2.307,90.0,14.0,9,13500,5,1,1,True,0.81,0.0,1685.7,0.0,False,False,0.0,False,0.0,False,False,False,0.022,0.068,0.54,0.0,0.0,0.0,0.0,0.0,0.0,14.0,12.0,1.2348,1,71721,1:11.721,96746,96746,10587.421,0,2,25893,0.882,False,False,Soft (S),0,1.0,0,27.936,-10.661,806.36,1.101,-15.459,True,0,0,491.288,10587.421
1765362288,269.87,9175,0.0,0.99,1.0,0.116,8,-18.631,-0.488,72.609,1.567,-0.478,74.945,-3.111,-0.353,-3.381,0.272,-0.0,-0.006,0.244,0.045,-0.443,0.057,67.9,71.6,75.6,71.7,96.7,99.5,0.0,28.31,6782.8,0.525,214.629,0.0,0.0,-0.0401,0.1829,0.0,14.0,0.0,0.0,0.0,77.0,72.5,68.8,72.8,95.4,99.5,0.0,28.1,2371.6,0.934,204.472,0.0,0.0,0.0622,0.1672,0.0,14.0,0.0,0.0,0.0,77.2,82.3,87.7,82.4,104.8,99.5,0.0,29.61,5429.8,0.481,215.992,0.0,0.0,-0.0416,0.1854,0.0,14.0,0.0,0.0,0.0,88.2,82.6,77.4,82.7,104.8,99.5,0.0,29.62,2879.9,0.426,211.051,0.0,0.0,0.0604,0.1692,0.0,14.0,0.0,0.0,0.0,36.597,2.223,90.0,14.0,9,13500,5,1,1,True,0.817,0.0,1685.7,0.0,False,False,0.0,False,0.0,False,False,False,0.027,0.075,0.54,0.0,0.0,0.0,0.0,0.0,0.0,14.0,12.0,1.2348,1,71826,1:11.826,96746,96746,10595.178,0,2,25893,0.8835,False,False,Soft (S),0,1.0,0,26.094,-10.701,814.205,1.129,-15.462,True,0,0,499.045,10595.178
1765362288,257.27,8676,0.0,0.99,1.0,0.134,8,-20.811,-0.766,68.362,1.92,-0.433,71.436,-3.609,-0.122,-3.474,0.322,-0.005,-0.008,0.246,0.037,-0.531,-0.021,68.4,72.1,76.2,72.2,96.7,99.5,0.0,28.31,7767.1,0.601,204.901,0.0,0.0,-0.0389,0.1806,0.0,14.0,0.0,0.0,0.0,77.3,72.7,69.0,73.0,95.3,99.5,0.0,28.09,2790.0,1.075,193.118,0.0,0.0,0.0603,0.166,0.0,14.0,0.0,0.0,0.0,77.4,82.5,87.9,82.6,104.8,99.5,0.0,29.6,5134.6,0.568,205.505,0.0,0.0,-0.0397,0.1829,0.0,14.0,0.0,0.0,0.0,88.2,82.6,77.4,82.7,104.8,99.5,0.0,29.6,2455.3,0.595,198.326,0.0,0.0,0.057,0.165,0.0,14.0,0.0,0.0,0.0,36.597,2.14,90.0,14.0,9,13500,5,1,1,True,0.824,0.0,1685.7,0.0,False,False,0.0,False,0.0,False,False,False,0.028,0.077,0.54,0.0,0.0,0.0,0.0,0.0,0.0,14.0,12.0,1.2348,1,71925,1:11.925,96746,96746,10602.531,0,2,25893,0.8847,False,False,Soft (S),0,1.0,0,24.144,-10.765,821.185,1.244,-15.459,True,0,0,506.398,10602.531
1765362288,246.14,9347,0.0,0.28,0.669,0.143,7,-23.509,-0.667,64.199,1.918,-0.446,68.343,-4.39,0.153,-1.817,0.379,-0.003,-0.007,0.244,-0.009,-0.518,0.044,68.9,72.7,76.8,72.8,96.7,99.5,0.0,28.32,8303.1,0.514,200.796,0.0,0.0,-0.0338,0.1845,0.0,14.0,0.0,0.0,0.0,77.4,72.9,69.1,73.1,95.2,99.5,0.0,28.08,2039.8,0.836,187.617,0.0,0.0,0.0667,0.1628,0.0,14.0,0.0,0.0,0.0,77.7,82.8,88.2,82.9,104.8,99.5,0.0,29.6,6393.8,0.521,202.376,0.0,0.0,-0.0367,0.1869,0.0,14.0,0.0,0.0,0.0,88.3,82.6,77.5,82.8,104.7,99.5,0.0,29.59,2989.7,0.358,198.762,0.0,0.0,0.0622,0.1647,0.0,14.0,0.0,0.0,0.0,36.597,2.074,90.0,14.0,9,13500,5,1,1,True,0.828,0.0,1685.7,0.0,False,False,0.0,False,0.0,False,False,False,0.027,0.076,0.54,0.0,0.0,0.0,0.0,0.0,0.0,14.0,12.0,1.2348,1,72027,1:12.027,96746,96746,10609.666,0,2,25893,0.886,False,False,Soft (S),0,1.0,0,21.891,-10.84,827.939,1.382,-15.459,True,0,0,513.533,10609.666
1765362288,243.87,9878,1.0,0.0,0.771,0.184,7,-26.915,-0.645,62.163,1.841,-0.77,67.713,-3.664,0.122,0.367,0.436,0.001,-0.016,0.244,-0.012,-0.484,0.093,69.4,73.1,77.3,73.3,96.7,99.5,0.0,28.32,6038.0,0.665,200.244,0.0,0.0,-0.0396,0.1781,0.0,14.0,0.0,0.0,0.0,77.4,72.8,69.0,73.1,95.1,99.5,0.0,28.06,1666.4,0.585,197.817,0.0,0.0,0.0592,0.1608,0.0,14.0,0.0,0.0,0.0,78.0,83.1,88.5,83.2,104.7,99.5,0.0,29.6,6696.9,0.498,204.315,0.0,0.0,-0.0437,0.19,0.0,14.0,0.0,0.0,0.0,88.3,82.7,77.5,82.8,104.6,99.5,0.0,29.58,4434.3,0.308,202.779,0.0,0.0,0.0615,0.1719,0.0,14.0,0.0,0.0,0.0,36.597,2.093,90.0,14.0,9,13500,5,1,1,False,0.828,0.502,1687.56,0.0,False,False,0.0,False,0.0,False,False,False,0.035,0.069,0.54,0.0,0.0,0.0,0.0,0.0,0.0,14.0,12.0,1.2348,1,72129,1:12.129,96746,96746,10616.563,0,2,25893,0.8872,False,False,Soft (S),0,1.0,0,19.314,-10.906,834.356,1.05,-15.462,True,0,0,520.43,10616.563
1765362288,234.06,9098,0.0,0.45,0.873,0.23,7,-29.277,-0.592,58.05,1.415,-0.403,65.001,-3.93,0.228,-2.685,0.489,-0.003,-0.019,0.246,0.004,-0.696,0.065,70.1,73.9,78.1,74.0,96.8,99.5,0.0,28.32,7820.7,0.719,189.767,0.0,0.0,-0.0371,0.181,0.0,14.0,0.0,0.0,0.0,77.5,73.0,69.1,73.2,95.0,99.5,0.0,28.04,2012.4,0.961,176.855,0.0,0.0,0.061,0.1622,0.0,14.0,0.0,0.0,0.0,78.2,83.3,88.8,83.4,104.7,99.5,0.0,29.59,5245.2,0.477,187.95,0.0,0.0,-0.0385,0.1855,0.0,14.0,0.0,0.0,0.0,88.3,82.6,77.5,82.8,104.6,99.5,0.0,29.57,2523.9,0.287,183.707,0.0,0.0,0.0582,0.1658,0.0,14.0,0.0,0.0,0.0,36.597,1.984,90.0,14.0,9,13500,5,1,1,True,0.832,0.078,1689.98,0.0,False,False,0.0,False,0.0,False,False,False,0.029,0.078,0.54,0.0,0.0,0.0,0.0,0.0,0.0,14.0,12.0,1.2348,1,72231,1:12.231,96746,96746,10623.418,0,2,25893,0.8884,False,False,Soft (S),0,1.0,0,16.437,-10.967,840.489,1.263,-15.459,True,0,0,527.285,10623.418
1765362288,229.74,8784,0.0,0.0,0.972,0.202,7,-32.294,-0.585,55.04,2.252,-0.662,63.774,-5.402,0.423,0.105,0.566,0.001,-0.02,0.243,-0.094,-0.781,0.002,70.7,74.5,78.7,74.6,96.8,99.5,0.0,28.32,7464.7,0.703,189.651,0.0,0.0,-0.0367,0.1801,0.0,14.0,0.0,0.0,0.0,77.5,73.0,69.1,73.2,94.9,99.5,0.0,28.03,1643.6,0.638,185.884,0.0,0.0,0.061,0.1614,0.0,14.0,0.0,0.0,0.0,78.6,83.6,89.1,83.8,104.7,99.5,0.0,29.59,7295.2,0.649,193.245,0.0,0.0,-0.0385,0.1899,0.0,14.0,0.0,0.0,0.0,88.3,82.7,77.5,82.8,104.5,99.5,0.0,29.56,4584.4,0.417,189.573,0.0,0.0,0.0611,0.1653,0.0,14.0,0.0,0.0,0.0,36.597,1.896,90.0,14.0,9,13500,5,1,1,True,0.833,0.012,1690.33,0.0,False,False,0.0,False,0.0,False,False,False,0.031,0.07,0.54,0.0,0.0,0.0,0.0,0.0,0.0,14.0,12.0,1.2348,1,72330,1:12.330,96746,96746,10629.821,0,2,25893,0.8895,False,False,Soft (S),0,1.0,0,13.393,-11.03,846.073,1.299,-15.462,True,0,0,533.688,10629.821
1765362288,226.42,8911,0.0,0.0,1.0,0.243,7,-35.856,-0.428,51.672,1.642,-0.603,62.871,-4.488,0.078,-0.779,0.633,0.002,-0.019,0.246,-0.054,-0.687,0.089,71.4,75.2,79.4,75.3,96.8,99.5,0.0,28.33,7238.8,0.774,186.563,0.0,0.0,-0.0345,0.1791,0.0,14.0,0.0,0.0,0.0,77.4,72.9,69.0,73.1,94.8,99.5,0.0,28.01,539.8,0.706,183.987,0.0,0.0,0.0631,0.1572,0.0,14.0,0.0,0.0,0.0,78.9,84.0,89.5,84.1,104.7,99.5,0.0,29.59,6325.8,0.515,186.708,0.0,0.0,-0.0378,0.192,0.0,14.0,0.0,0.0,0.0,88.3,82.7,77.5,82.8,104.4,99.5,0.0,29.55,3655.1,0.286,183.599,0.0,0.0,0.0633,0.1636,0.0,14.0,0.0,0.0,0.0,36.597,1.792,90.0,14.0,9,13500,5,1,1,True,0.834,0.0,1690.36,0.0,False,False,0.0,False,0.0,False,False,False,0.034,0.072,0.54,0.0,0.0,0.0,0.0,0.0,0.0,14.0,12.0,1.2348,1,72429,1:12.429,96746,96746,10636.127,0,2,25893,0.8906,False,False,Soft (S),0,1.0,0,10.009,-11.075,851.352,1.086,-15.459,True,0,0,539.994,10636.127
1765362289,223.39,8795,0.0,0.0,1.0,0.251,7,-38.871,-0.38,48.368,1.475,-0.651,62.031,-4.682,0.153,-0.75,0.701,0.004,-0.021,0.245,-0.073,-0.779,0.016,72.0,75.9,80.2,76.0,96.8,99.5,0.0,28.33,7338.8,0.741,184.486,0.0,0.0,-0.0345,0.1792,0.0,14.0,0.0,0.0,0.0,77.3,72.8,69.0,73.0,94.7,99.5,0.0,27.99,1120.4,0.667,181.156,0.0,0.0,0.0615,0.158,0.0,14.0,0.0,0.0,0.0,79.2,84.3,89.7,84.4,104.6,99.5,0.0,29.58,6878.4,0.508,184.559,0.0,0.0,-0.0355,0.1907,0.0,14.0,0.0,0.0,0.0,88.3,82.7,77.5,82.8,104.4,99.5,0.0,29.54,3216.8,0.291,180.937,0.0,0.0,0.063,0.1631,0.0,14.0,0.0,0.0,0.0,36.597,1.695,90.0,14.0,9,13500,5,1,1,True,0.834,0.0,1690.36,0.0,False,False,0.0,False,0.0,False,False,False,0.034,0.072,0.54,0.0,0.0,0.0,0.0,0.0,0.0,14.0,12.0,1.2348,1,72534,1:12.534,96746,96746,10642.716,0,2,25893,0.8917,False,False,Soft (S),0,1.0,0,6.082,-11.12,856.603,1.182,-15.462,True,0,0,546.583,10642.716
1765362289,220.39,8669,0.0,0.0,1.0,0.266,7,-41.711,-0.31,44.811,1.491,-0.586,61.199,-4.357,0.123,-0.707,0.774,0.004,-0.022,0.247,0.042,-0.655,0.029,72.6,76.5,80.8,76.6,96.8,99.5,0.0,28.33,6791.0,0.817,181.393,0.0,0.0,-0.0353,0.1758,0.0,14.0,0.0,0.0,0.0,77.2,72.7,68.8,72.9,94.6,99.5,0.0,27.97,1038.3,0.736,179.178,0.0,0.0,0.057,0.1551,0.0,14.0,0.0,0.0,0.0,79.5,84.6,90.0,84.7,104.6,99.5,0.0,29.58,6015.2,0.496,181.643,0.0,0.0,-0.0385,0.1897,0.0,14.0,0.0,0.0,0.0,88.3,82.7,77.5,82.8,104.3,99.5,0.0,29.53,2747.8,0.276,178.612,0.0,0.0,0.0605,0.1656,0.0,14.0,0.0,0.0,0.0,36.597,1.602,90.0,14.0,9,13500,5,1,1,True,0.835,0.0,1690.36,0.0,False,False,0.0,False,0.0,False,False,False,0.039,0.072,0.54,0.0,0.0,0.0,0.0,0.0,0.0,14.0,12.0,1.2348,1,72636,1:12.636,96746,96746,10648.93,0,2,25893,0.8928,False,False,Soft (S),0,1.0,0,1.951,-11.15,861.335,1.085,-15.459,True,0,0,552.797,10648.93
1765362289,217.36,8554,0.0,0.0,1.0,0.273,7,-44.122,-0.441,41.212,1.621,-0.615,60.352,-4.615,0.157,-0.749,0.847,0.002,-0.025,0.248,-0.031,-0.74,0.035,73.3,77.2,81.5,77.3,96.8,99.5,0.0,28.33,7256.4,0.84,179.222,0.0,0.0,-0.0332,0.1763,0.0,14.0,0.0,0.0,0.0,77.1,72.5,68.7,72.8,94.5,99.5,0.0,27.96,821.2,0.762,176.457,0.0,0.0,0.061,0.1549,0.0,14.0,0.0,0.0,0.0,79.7,84.8,90.3,84.9,104.6,99.5,0.0,29.57,6377.9,0.54,179.462,0.0,0.0,-0.0364,0.1871,0.0,14.0,0.0,0.0,0.0,88.2,82.6,77.4,82.8,104.2,99.5,0.0,29.51,3145.8,0.325,176.01,0.0,0.0,0.0602,0.1627,0.0,14.0,0.0,0.0,0.0,36.597,1.515,90.0,14.0,9,13500,5,1,1,True,0.835,0.0,1690.36,0.0,False,False,0.0,False,0.0,False,False,False,0.038,0.076,0.54,0.0,0.0,0.0,0.0,0.0,0.0,14.0,12.0,1.2348,1,72735,1:12.735,96746,96746,10654.951,0,2,25893,0.8939,False,False,Soft (S),0,1.0,0,-2.303,-11.19,865.588,1.074,-15.462,True,0,0,558.818,10654.951
1765362289,214.6,9637,0.31,0.0,0.621,0.277,6,-46.236,-0.29,37.624,1.885,-0.59,59.578,-4.049,0.241,-0.243,0.92,0.004,-0.029,0.245,-0.039,-0.706,-0.023,73.9,77.9,82.2,78.0,96.9,99.5,0.0,28.34,6539.9,0.909,176.776,0.0,0.0,-0.0391,0.177,0.0,14.0,0.0,0.0,0.0,77.1,72.5,68.7,72.8,94.4,99.5,0.0,27.94,1129.5,0.838,173.639,0.0,0.0,0.0584,0.1599,0.0,14.0,0.0,0.0,0.0,80.0,85.1,90.6,85.2,104.6,99.5,0.0,29.57,6100.4,0.591,179.282,0.0,0.0,-0.0396,0.1884,0.0,14.0,0.0,0.0,0.0,88.3,82.6,77.5,82.8,104.1,99.5,0.0,29.5,3387.9,0.37,176.089,0.0,0.0,0.0594,0.1665,0.0,14.0,0.0,0.0,0.0,36.597,1.485,90.0,14.0,9,13500,5,1,1,False,0.835,0.0,1690.36,0.0,False,False,0.0,False,0.0,False,False,False,0.034,0.071,0.54,0.0,0.0,0.0,0.0,0.0,0.0,14.0,12.0,1.2348,1,72834,1:12.834,96746,96746,10660.802,0,2,25893,0.8949,False,False,Soft (S),0,1.0,0,-6.784,-11.226,869.481,0.908,-15.459,True,0,0,564.669,10660.802
1765362289,212.32,9639,0.36,0.0,0.723,0.314,6,-48.118,-0.187,34.104,1.981,-0.659,58.942,-4.124,0.302,0.083,0.988,0.007,-0.03,0.244,-0.124,-0.7,0.039,74.7,78.6,83.1,78.8,96.9,99.5,0.0,28.34,5722.7,1.045,174.734,0.0,0.0,-0.0392,0.1783,0.0,14.0,0.0,0.0,0.0,77.1,72.6,68.8,72.8,94.3,99.5,0.0,27.92,946.2,0.988,171.438,0.0,0.0,0.0556,0.1609,0.0,14.0,0.0,0.0,0.0,80.3,85.4,90.9,85.5,104.5,99.5,0.0,29.57,7146.9,0.603,178.233,0.0,0.0,-0.0381,0.1892,0.0,14.0,0.0,0.0,0.0,88.3,82.7,77.5,82.8,104.1,99.5,0.0,29.49,4489.8,0.375,175.219,0.0,0.0,0.0614,0.1645,0.0,14.0,0.0,0.0,0.0,36.597,1.493,90.0,14.0,9,13500,5,1,1,False,0.835,0.069,1690.66,0.0,False,False,0.0,False,0.0,False,False,False,0.034,0.069,0.54,0.0,0.0,0.0,0.0,0.0,0.0,14.0,12.0,1.2348,1,72936,1:12.936,96746,96746,10666.888,0,2,25893,0.896,False,False,Soft (S),0,1.0,0,-11.598,-11.251,873.135,0.772,-15.459,True,0,0,570.755,10666.888
1765362289,210.08,9494,0.39,0.0,0.825,0.421,6,-49.591,-0.187,30.761,1.588,-0.531,58.332,-3.448,-0.167,-0.182,1.043,0.005,-0.032,0.248,-0.066,-0.635,0.026,75.5,79.5,84.0,79.7,96.9,99.5,0.0,28.34,6566.2,1.332,171.856,0.0,0.0,-0.0425,0.1758,0.0,14.0,0.0,0.0,0.0,77.2,72.6,68.8,72.9,94.2,99.5,0.0,27.91,1425.2,1.263,169.393,0.0,0.0,0.0517,0.1599,0.0,14.0,0.0,0.0,0.0,80.5,85.6,91.1,85.7,104.5,99.5,0.0,29.56,4917.7,0.542,176.571,0.0,0.0,-0.0378,0.1854,0.0,14.0,0.0,0.0,0.0,88.3,82.7,77.5,82.8,104.0,99.5,0.0,29.48,2345.2,0.32,174.3,0.0,0.0,0.0552,0.1651,0.0,14.0,0.0,0.0,0.0,36.597,1.447,90.0,14.0,9,13500,5,1,1,False,0.835,0.011,1690.99,0.0,False,False,0.0,False,0.0,False,False,False,0.035,0.076,0.54,0.0,0.0,0.0,0.0,0.0,0.0,14.0,12.0,1.2348,1,73035,1:13.035,96746,96746,10672.832,0,2,25893,0.897,False,False,Soft (S),0,1.0,0,-16.441,-11.266,876.342,0.773,-15.459,True,0,0,576.699,10672.832
1765362289,207.63,9019,0.0,0.0,0.927,0.471,6,-51.013,-0.024,26.909,1.214,-0.548,57.659,-4.481,0.265,-0.272,1.107,0.008,-0.029,0.245,-0.113,-0.74,-0.131,76.5,80.6,85.1,80.7,96.9,99.5,0.0,28.34,7292.9,1.393,170.057,0.0,0.0,-0.041,0.1781,0.0,14.0,0.0,0.0,0.0,77.3,72.8,68.9,73.0,94.1,99.5,0.0,27.89,562.6,1.361,166.999,0.0,0.0,0.05,0.1618,0.0,14.0,0.0,0.0,0.0,80.7,85.9,91.4,86.0,104.5,99.5,0.0,29.56,6642.8,0.51,174.861,0.0,0.0,-0.0386,0.1889,0.0,14.0,0.0,0.0,0.0,88.3,82.7,77.5,82.8,103.9,99.5,0.0,29.47,1925.0,0.307,171.653,0.0,0.0,0.0621,0.1637,0.0,14.0,0.0,0.0,0.0,36.597,1.44,90.0,14.0,9,13500,5,1,1,True,0.835,0.035,1691.29,0.0,False,False,0.0,False,0.0,False,False,False,0.032,0.071,0.54,0.0,0.0,0.0,0.0,0.0,0.0,14.0,12.0,1.2348,1,73140,1:13.140,96746,96746,10678.943,0,2,25893,0.8981,False,False,Soft (S),0,1.0,0,-21.72,-11.281,879.383,0.829,-15.459,True,0,0,582.81,10678.943
1765362289,204.74,9206,0.0,0.0,1.0,0.523,6,-51.973,-0.026,23.093,1.04,-0.508,56.861,-3.932,0.009,-0.844,1.171,0.008,-0.034,0.249,0.016,-0.68,0.116,77.5,81.6,86.2,81.8,96.9,99.5,0.0,28.35,6928.4,1.547,166.969,0.0,0.0,-0.041,0.1743,0.0,14.0,0.0,0.0,0.0,77.2,72.6,68.8,72.9,93.9,99.5,0.0,27.87,1486.8,1.453,165.667,0.0,0.0,0.0515,0.1546,0.0,14.0,0.0,0.0,0.0,80.9,86.1,91.6,86.2,104.5,99.5,0.0,29.55,4379.3,0.467,168.792,0.0,0.0,-0.0393,0.185,0.0,14.0,0.0,0.0,0.0,88.3,82.7,77.5,82.8,103.9,99.5,0.0,29.46,2360.5,0.245,165.969,0.0,0.0,0.0576,0.1649,0.0,14.0,0.0,0.0,0.0,36.597,1.363,90.0,14.0,9,13500,5,1,1,True,0.836,0.002,1691.43,0.0,False,False,0.0,False,0.0,False,False,False,0.039,0.079,0.54,0.0,0.0,0.0,0.0,0.0,0.0,14.0,12.0,1.2348,1,73242,1:13.242,96746,96746,10684.778,0,2,25893,0.8991,False,False,Soft (S),0,1.0,0,-26.98,-11.279,881.913,0.876,-15.456,True,0,0,588.645,10684.778
1765362289,201.31,9053,0.0,0.0,1.0,0.528,6,-52.698,0.039,18.704,1.057,-0.49,55.906,-4.371,0.28,-0.877,1.249,0.009,-0.033,0.247,0.039,-0.676,-0.016,78.6,82.7,87.4,82.9,96.9,99.5,0.0,28.35,7792.8,1.528,164.275,0.0,0.0,-0.0387,0.1753,0.0,14.0,0.0,0.0,0.0,77.2,72.7,68.8,72.9,93.8,99.5,0.0,27.85,1211.3,1.459,162.639,0.0,0.0,0.0525,0.1549,0.0,14.0,0.0,0.0,0.0,81.2,86.3,91.8,86.4,104.4,99.5,0.0,29.55,5744.1,0.461,166.099,0.0,0.0,-0.0366,0.1888,0.0,14.0,0.0,0.0,0.0,88.3,82.6,77.5,82.8,103.8,99.5,0.0,29.44,2091.8,0.238,163.086,0.0,0.0,0.0624,0.1635,0.0,14.0,0.0,0.0,0.0,36.597,1.283,90.0,14.0,9,13500,5,1,1,True,0.836,0.0,1691.44,0.0,False,False,0.0,False,0.0,False,False,False,0.037,0.074,0.54,0.0,0.0,0.0,0.0,0.0,0.0,14.0,12.0,1.2348,1,73341,1:13.341,96746,96746,10690.215,0,2,25893,0.9,False,False,Soft (S),0,1.0,0,-32.164,-11.281,883.972,0.905,-15.456,True,0,0,594.082,10690.215
1765362289,197.94,8903,0.0,0.0,1.0,0.513,6,-53.061,0.016,14.409,1.194,-0.529,54.967,-4.224,0.134,-0.82,1.328,0.009,-0.035,0.249,0.002,-0.716,-0.036,79.6,83.8,88.5,84.0,97.0,99.5,0.0,28.35,6934.7,1.513,161.891,0.0,0.0,-0.04,0.1744,0.0,14.0,0.0,0.0,0.0,77.2,72.7,68.8,72.9,93.7,99.5,0.0,27.84,727.9,1.443,159.927,0.0,0.0,0.0513,0.1547,0.0,14.0,0.0,0.0,0.0,81.3,86.5,92.0,86.6,104.4,99.5,0.0,29.55,5999.8,0.497,163.51,0.0,0.0,-0.0345,0.1865,0.0,14.0,0.0,0.0,0.0,88.2,82.6,77.4,82.7,103.7,99.5,0.0,29.43,1984.3,0.287,160.232,0.0,0.0,0.0605,0.162,0.0,14.0,0.0,0.0,0.0,36.597,1.21,90.0,14.0,9,13500,5,1,1,True,0.837,0.0,1691.44,0.0,False,False,0.0,False,0.0,False,False,False,0.039,0.075,0.54,0.0,0.0,0.0,0.0,0.0,0.0,14.0,12.0,1.2348,1,73440,1:13.440,96746,96746,10695.883,0,2,25893,0.901,False,False,Soft (S),0,1.0,0,-37.4,-11.279,885.614,0.806,-15.459,True,0,0,599.75,10695.883
1765362290,194.6,8758,0.0,0.0,1.0,0.475,6,-53.119,0.051,10.015,1.177,-0.537,54.04,-4.128,0.039,-0.791,1.407,0.01,-0.033,0.249,-0.044,-0.78,-0.008,80.6,84.9,89.6,85.0,97.0,99.5,0.0,28.36,6407.6,1.392,159.768,0.0,0.0,-0.0387,0.1744,0.0,14.0,0.0,0.0,0.0,77.2,72.7,68.9,72.9,93.6,99.5,0.0,27.82,586.5,1.323,157.139,0.0,0.0,0.0507,0.1551,0.0,14.0,0.0,0.0,0.0,81.6,86.7,92.2,86.8,104.4,99.5,0.0,29.54,5858.0,0.517,160.996,0.0,0.0,-0.0332,0.1864,0.0,14.0,0.0,0.0,0.0,88.2,82.5,77.4,82.7,103.6,99.5,0.0,29.42,2350.0,0.302,157.459,0.0,0.0,0.0628,0.1599,0.0,14.0,0.0,0.0,0.0,36.597,1.144,90.0,14.0,9,13500,5,1,1,True,0.837,0.0,1691.44,0.0,False,False,0.0,False,0.0,False,False,False,0.039,0.076,0.54,0.0,0.0,0.0,0.0,0.0,0.0,14.0,12.0,1.2348,1,73542,1:13.542,96746,96746,10701.36,0,2,25893,0.902,False,False,Soft (S),0,1.0,0,-42.817,-11.276,886.866,0.775,-15.459,True,0,0,605.227,10701.36
1765362290,191.58,8622,0.0,0.0,1.0,0.437,6,-52.886,0.044,5.927,1.154,-0.548,53.201,-4.003,0.05,-0.739,1.481,0.01,-0.034,0.251,-0.01,-0.706,0.095,81.4,85.7,90.5,85.9,97.0,99.5,0.0,28.36,5856.7,1.3,157.391,0.0,0.0,-0.0391,0.1732,0.0,14.0,0.0,0.0,0.0,77.1,72.6,68.8,72.8,93.5,99.5,0.0,27.8,528.9,1.211,155.482,0.0,0.0,0.0534,0.1525,0.0,14.0,0.0,0.0,0.0,81.7,86.9,92.4,87.0,104.4,99.5,0.0,29.54,5486.9,0.507,158.311,0.0,0.0,-0.0341,0.1851,0.0,14.0,0.0,0.0,0.0,88.1,82.5,77.3,82.6,103.5,99.5,0.0,29.41,2843.8,0.296,155.205,0.0,0.0,0.0583,0.1601,0.0,14.0,0.0,0.0,0.0,36.597,1.084,90.0,14.0,9,13500,5,1,1,True,0.838,0.0,1691.44,0.0,False,False,0.0,False,0.0,False,False,False,0.042,0.078,0.54,0.0,0.0,0.0,0.0,0.0,0.0,14.0,12.0,1.2348,1,73647,1:13.647,96746,96746,10707.034,0,2,25893,0.9029,False,False,Soft (S),0,1.0,0,-48.385,-11.269,887.691,0.745,-15.456,True,0,0,610.901,10707.034
1765362290,188.74,9539,0.0,0.0,0.678,0.37,5,-52.398,0.032,1.777,1.036,-0.506,52.416,-4.175,0.275,-1.005,1.557,0.01,-0.034,0.25,0.007,-0.722,-0.112,82.1,86.5,91.3,86.6,97.0,99.5,0.0,28.37,6236.1,1.07,155.666,0.0,0.0,-0.0385,0.1718,0.0,14.0,0.0,0.0,0.0,77.1,72.5,68.7,72.8,93.4,99.5,0.0,27.78,343.8,0.984,152.841,0.0,0.0,0.0537,0.1549,0.0,14.0,0.0,0.0,0.0,81.9,87.0,92.6,87.2,104.3,99.5,0.0,29.53,6333.4,0.483,154.189,0.0,0.0,-0.0343,0.1847,0.0,14.0,0.0,0.0,0.0,88.1,82.4,77.3,82.6,103.5,99.5,0.0,29.39,2270.0,0.277,151.335,0.0,0.0,0.0607,0.1611,0.0,14.0,0.0,0.0,0.0,36.597,1.061,90.0,14.0,9,13500,5,1,1,True,0.838,0.0,1691.44,0.0,False,False,0.0,False,0.0,False,False,False,0.041,0.075,0.54,0.0,0.0,0.0,0.0,0.0,0.0,14.0,12.0,1.2348,1,73746,1:13.746,96746,96746,10712.357,0,2,25893,0.9038,False,False,Soft (S),0,1.0,0,-53.598,-11.266,888.061,0.791,-15.456,True,0,0,616.224,10712.357
1765362290,187.8,10036,1.0,0.0,0.777,0.258,5,-52.14,-0.019,-1.695,1.563,-0.615,52.141,-3.133,0.016,0.856,1.634,0.01,-0.036,0.251,-0.044,-0.735,0.068,82.6,86.9,91.8,87.1,97.1,99.5,0.0,28.37,4477.7,0.856,155.325,0.0,0.0,-0.04,0.1711,0.0,14.0,0.0,0.0,0.0,77.0,72.5,68.7,72.7,93.3,99.5,0.0,27.77,381.3,0.759,151.324,0.0,0.0,0.0541,0.155,0.0,14.0,0.0,0.0,0.0,82.1,87.2,92.8,87.4,104.3,99.5,0.0,29.53,5707.7,0.599,159.66,0.0,0.0,-0.0364,0.1842,0.0,14.0,0.0,0.0,0.0,88.1,82.4,77.3,82.6,103.4,99.5,0.0,29.38,3484.5,0.454,158.461,0.0,0.0,0.057,0.1616,0.0,14.0,0.0,0.0,0.0,36.597,1.158,90.0,14.0,9,13500,5,1,1,False,0.838,0.48,1693.47,0.0,False,False,0.0,False,0.0,False,False,False,0.043,0.075,0.54,0.0,0.0,0.0,0.0,0.0,0.0,14.0,12.0,1.2348,1,73845,1:13.845,96746,96746,10717.501,0,2,25893,0.9047,False,False,Soft (S),0,1.0,0,-58.762,-11.265,888.052,0.666,-15.45,True,0,0,621.368,10717.501
1765362290,189.12,10092,1.0,0.0,0.879,0.193,5,-52.286,-0.013,-5.105,1.625,-0.564,52.506,-3.448,0.197,0.563,1.699,0.009,-0.035,0.249,-0.046,-0.643,-0.014,82.9,87.3,92.2,87.5,97.1,99.5,0.0,28.37,5392.0,0.711,156.403,0.0,0.0,-0.0385,0.1714,0.0,14.0,0.0,0.0,0.0,76.9,72.4,68.6,72.6,93.2,99.5,0.0,27.75,692.5,0.615,152.787,0.0,0.0,0.0558,0.1562,0.0,14.0,0.0,0.0,0.0,82.4,87.5,93.0,87.6,104.3,99.5,0.0,29.52,5856.9,0.636,161.215,0.0,0.0,-0.0376,0.184,0.0,14.0,0.0,0.0,0.0,88.2,82.5,77.3,82.7,103.3,99.5,0.0,29.37,2956.5,0.613,161.215,0.0,0.0,0.0573,0.1649,0.0,14.0,0.0,0.0,0.0,36.597,1.328,90.0,14.0,9,13500,5,1,1,False,0.836,0.671,1699.91,0.0,False,False,0.0,False,0.0,False,False,False,0.041,0.075,0.54,0.0,0.0,0.0,0.0,0.0,0.0,14.0,12.0,1.2348,1,73944,1:13.944,96746,96746,10722.715,0,2,25893,0.9056,False,False,Soft (S),0,1.0,0,-63.931,-11.266,887.714,0.846,-15.447,True,0,0,626.582,10722.715
1765362290,190.82,10157,1.0,0.0,0.981,0.16,5,-52.342,-0.015,-8.357,1.356,-0.535,52.985,-3.423,0.26,-0.175,1.755,0.009,-0.039,0.248,-0.02,-0.521,0.027,83.2,87.6,92.5,87.7,97.1,99.5,0.0,28.37,6112.9,0.569,157.692,0.0,0.0,-0.0399,0.1722,0.0,14.0,0.0,0.0,0.0,76.8,72.3,68.5,72.5,93.1,99.5,0.0,27.73,1601.4,0.448,154.92,0.0,0.0,0.0595,0.1567,0.0,14.0,0.0,0.0,0.0,82.6,87.7,93.3,87.9,104.2,99.5,0.0,29.52,5239.7,0.554,165.869,0.0,0.0,-0.0412,0.183,0.0,14.0,0.0,0.0,0.0,88.3,82.6,77.4,82.8,103.2,99.5,0.0,29.36,2628.6,0.47,165.998,0.0,0.0,0.0564,0.1675,0.0,14.0,0.0,0.0,0.0,36.597,1.482,90.0,14.0,9,13500,5,1,1,False,0.834,0.714,1707.43,0.0,False,False,0.0,False,0.0,False,False,False,0.039,0.077,0.54,0.0,0.0,0.0,0.0,0.0,0.0,14.0,12.0,1.2348,1,74046,1:14.046,96746,96746,10728.089,0,2,25893,0.9066,False,False,Soft (S),0,1.0,0,-69.269,-11.269,887.032,1.037,-15.444,True,0,0,631.956,10728.089
1765362290,193.35,10100,1.0,0.0,1.0,0.108,5,-52.497,0.076,-11.345,1.113,-0.627,53.694,-2.603,0.086,0.766,1.805,0.012,-0.039,0.247,-0.011,-0.379,-0.032,83.3,87.7,92.6,87.8,97.1,99.5,0.0,28.38,4675.2,0.408,159.53,0.0,0.0,-0.0383,0.1711,0.0,14.0,0.0,0.0,0.0,76.7,72.2,68.4,72.5,93.0,99.5,0.0,27.72,926.2,0.305,157.374,0.0,0.0,0.0562,0.1584,0.0,14.0,0.0,0.0,0.0,82.8,88.0,93.5,88.1,104.2,99.5,0.0,29.51,5641.6,0.453,163.227,0.0,0.0,-0.0421,0.1871,0.0,14.0,0.0,0.0,0.0,88.4,82.7,77.5,82.9,103.2,99.5,0.0,29.35,3297.9,0.364,163.227,0.0,0.0,0.06,0.168,0.0,14.0,0.0,0.0,0.0,36.597,1.628,90.0,14.0,9,13500,5,1,1,False,0.832,0.741,1714.99,0.0,False,False,0.0,False,0.0,False,False,False,0.04,0.07,0.54,0.0,0.0,0.0,0.0,0.0,0.0,14.0,12.0,1.2348,1,74151,1:14.151,96746,96746,10733.654,0,2,25893,0.9075,False,False,Soft (S),0,1.0,0,-74.774,-11.267,885.991,0.803,-15.438,True,0,0,637.521,10733.654
1765362290,195.91,10253,1.0,0.0,1.0,0.096,5,-52.656,-0.032,-13.746,0.783,-0.591,54.412,-2.205,0.108,0.796,1.841,0.01,-0.043,0.249,-0.01,-0.382,0.04,83.3,87.7,92.6,87.9,97.1,99.5,0.0,28.38,4656.0,0.344,161.694,0.0,0.0,-0.0407,0.1698,0.0,14.0,0.0,0.0,0.0,76.6,72.1,68.3,72.3,92.9,99.5,0.0,27.7,1519.7,0.223,159.669,0.0,0.0,0.056,0.1587,0.0,14.0,0.0,0.0,0.0,82.9,88.0,93.6,88.2,104.2,99.5,0.0,29.51,4849.1,0.417,165.708,0.0,0.0,-0.0425,0.1813,0.0,14.0,0.0,0.0,0.0,88.4,82.8,77.6,82.9,103.1,99.5,0.0,29.34,3477.8,0.364,165.708,0.0,0.0,0.0549,0.1694,0.0,14.0,0.0,0.0,0.0,36.597,1.77,90.0,14.0,9,13500,5,1,1,False,0.83,0.764,1723.04,0.0,False,False,0.0,False,0.0,False,False,False,0.041,0.076,0.54,0.0,0.0,0.0,0.0,0.0,0.0,14.0,12.0,1.2348,1,74244,1:14.244,96746,96746,10738.541,0,2,25893,0.9084,False,False,Soft (S),0,1.0,0,-79.663,-11.263,884.82,0.782,-15.435,True,0,0,642.408,10738.541
1765362290,198.76,10332,1.0,0.0,1.0,0.086,5,-52.806,0.121,-16.121,0.603,-0.643,55.205,-2.173,0.452,0.856,1.879,0.013,-0.042,0.244,-0.058,-0.321,-0.039,83.3,87.7,92.6,87.9,97.1,99.5,0.0,28.38,4873.6,0.28,163.992,0.0,0.0,-0.0436,0.1722,0.0,14.0,0.0,0.0,0.0,76.5,72.0,68.3,72.3,92.8,99.5,0.0,27.69,2044.1,0.167,162.329,0.0,0.0,0.0571,0.1628,0.0,14.0,0.0,0.0,0.0,83.0,88.1,93.7,88.3,104.2,99.5,0.0,29.51,6174.4,0.34,166.98,0.0,0.0,-0.0439,0.1852,0.0,14.0,0.0,0.0,0.0,88.5,82.8,77.6,83.0,103.1,99.5,0.0,29.33,4393.8,0.268,166.98,0.0,0.0,0.0586,0.171,0.0,14.0,0.0,0.0,0.0,36.597,1.9,90.0,14.0,9,13500,5,1,1,False,0.828,0.789,1731.39,0.0,False,False,0.0,False,0.0,False,False,False,0.036,0.068,0.54,0.0,0.0,0.0,0.0,0.0,0.0,14.0,12.0,1.2348,1,74352,1:14.352,96746,96746,10744.542,0,2,25893,0.9094,False,False,Soft (S),0,1.0,0,-85.358,-11.262,883.211,0.763,-15.432,True,0,0,648.409,10744.542
1765362290,201.51,10560,1.0,0.0,1.0,0.101,5,-52.978,0.131,-18.067,0.519,-0.579,55.969,-1.857,-0.018,0.772,1.909,0.012,-0.042,0.247,0.015,-0.349,-0.022,83.3,87.7,92.6,87.9,97.1,99.5,0.0,28.38,4822.2,0.311,166.143,0.0,0.0,-0.0427,0.1696,0.0,14.0,0.0,0.0,0.0,76.4,72.0,68.2,72.2,92.7,99.5,0.0,27.67,2020.2,0.195,164.358,0.0,0.0,0.054,0.1615,0.0,14.0,0.0,0.0,0.0,83.0,88.2,93.7,88.3,104.1,99.5,0.0,29.5,4548.1,0.381,170.66,0.0,0.0,-0.0451,0.183,0.0,14.0,0.0,0.0,0.0,88.5,82.8,77.6,83.0,103.0,99.5,0.0,29.32,3187.1,0.351,170.66,0.0,0.0,0.0575,0.1712,0.0,14.0,0.0,0.0,0.0,36.597,2.015,90.0,14.0,9,13500,5,1,1,False,0.825,0.8,1739.79,0.0,False,False,0.0,False,0.0,False,False,False,0.039,0.072,0.54,0.0,0.0,0.0,0.0,0.0,0.0,14.0,12.0,1.2348,1,74451,1:14.451,96746,96746,10750.089,0,2,25893,0.9104,False,False,Soft (S),0,1.0,0,-90.595,-11.246,881.513,0.792,-15.432,True,0,0,653.956,10750.089
1765362291,204.51,10681,1.0,0.0,1.0,0.104,5,-53.071,0.131,-20.264,0.649,-0.63,56.801,-2.154,0.144,0.775,1.947,0.013,-0.04,0.246,0.003,-0.352,-0.036,83.3,87.7,92.6,87.8,97.1,99.5,0.0,28.38,5103.2,0.327,168.591,0.0,0.0,-0.0401,0.1708,0.0,14.0,0.0,0.0,0.0,76.4,71.9,68.1,72.1,92.6,99.5,0.0,27.66,1859.7,0.229,166.759,0.0,0.0,0.0502,0.1613,0.0,14.0,0.0,0.0,0.0,83.1,88.2,93.8,88.4,104.1,99.5,0.0,29.5,5414.8,0.368,172.623,0.0,0.0,-0.0426,0.1843,0.0,14.0,0.0,0.0,0.0,88.6,82.9,77.7,83.0,103.0,99.5,0.0,29.31,3421.0,0.322,172.623,0.0,0.0,0.0551,0.1713,0.0,14.0,0.0,0.0,0.0,36.597,2.117,90.0,14.0,9,13500,5,1,1,False,0.823,0.8,1748.56,0.0,False,False,0.0,False,0.0,False,False,False,0.038,0.071,0.54,0.0,0.0,0.0,0.0,0.0,0.0,14.0,12.0,1.2348,1,74553,1:14.553,96746,96746,10755.728,0,2,25893,0.9114,False,False,Soft (S),0,1.0,0,-96.005,-11.234,879.558,0.841,-15.426,True,0,0,659.595,10755.728
1765362291,207.49,10830,1.0,0.0,1.0,0.112,5,-53.003,0.18,-22.639,0.702,-0.649,57.628,-2.348,0.196,0.821,1.987,0.014,-0.041,0.244,-0.023,-0.394,-0.017,83.3,87.7,92.6,87.9,97.2,99.5,0.0,28.38,5250.9,0.348,171.145,0.0,0.0,-0.0415,0.1721,0.0,14.0,0.0,0.0,0.0,76.3,71.8,68.0,72.0,92.5,99.5,0.0,27.64,1992.9,0.236,169.1,0.0,0.0,0.0574,0.1616,0.0,14.0,0.0,0.0,0.0,83.2,88.3,93.9,88.5,104.1,99.5,0.0,29.5,5583.7,0.38,175.021,0.0,0.0,-0.0438,0.185,0.0,14.0,0.0,0.0,0.0,88.6,82.9,77.7,83.1,102.9,99.5,0.0,29.3,3885.8,0.327,175.021,0.0,0.0,0.0552,0.1717,0.0,14.0,0.0,0.0,0.0,36.597,2.166,90.0,14.0,9,13500,5,1,1,False,0.821,0.8,1757.43,0.0,False,False,0.0,False,0.0,False,False,False,0.037,0.07,0.54,0.0,0.0,0.0,0.0,0.0,0.0,14.0,12.0,1.2348,1,74655,1:14.655,96746,96746,10761.58,0,2,25893,0.9124,False,False,Soft (S),0,1.0,0,-101.416,-11.22,877.369,0.885,-15.426,True,0,0,665.447,10761.58
1765362291,210.33,10998,1.0,0.0,1.0,0.119,5,-52.787,0.231,-25.04,0.793,-0.653,58.417,-2.298,0.004,0.825,2.028,0.015,-0.04,0.245,-0.003,-0.413,0.002,83.3,87.7,92.6,87.9,97.2,99.5,0.0,28.39,4852.0,0.381,173.413,0.0,0.0,-0.0409,0.172,0.0,14.0,0.0,0.0,0.0,76.2,71.7,68.0,72.0,92.4,99.5,0.0,27.63,1416.6,0.271,171.211,0.0,0.0,0.0583,0.1605,0.0,14.0,0.0,0.0,0.0,83.3,88.4,94.0,88.6,104.1,99.5,0.0,29.49,5340.9,0.405,177.738,0.0,0.0,-0.0438,0.186,0.0,14.0,0.0,0.0,0.0,88.7,83.0,77.8,83.2,102.8,99.5,0.0,29.3,3726.3,0.352,177.738,0.0,0.0,0.0584,0.1715,0.0,14.0,0.0,0.0,0.0,36.597,2.199,90.0,14.0,9,13500,5,1,1,False,0.818,0.8,1766.13,0.0,False,False,0.0,False,0.0,False,False,False,0.039,0.071,0.54,0.0,0.0,0.0,0.0,0.0,0.0,14.0,12.0,1.2348,1,74754,1:14.754,96746,96746,10767.279,0,2,25893,0.9134,False,False,Soft (S),0,1.0,0,-106.653,-11.198,875.005,0.84,-15.426,True,0,0,671.146,10767.279
1765362291,213.25,11131,1.0,0.0,1.0,0.117,5,-52.413,0.189,-27.599,0.986,-0.696,59.223,-2.645,0.152,0.871,2.073,0.014,-0.041,0.245,-0.008,-0.43,0.005,83.4,87.8,92.7,88.0,97.2,99.5,0.0,28.39,5236.8,0.399,175.811,0.0,0.0,-0.0402,0.172,0.0,14.0,0.0,0.0,0.0,76.1,71.6,67.9,71.9,92.3,99.5,0.0,27.62,1718.6,0.292,173.502,0.0,0.0,0.0561,0.16,0.0,14.0,0.0,0.0,0.0,83.4,88.6,94.1,88.7,104.1,99.5,0.0,29.49,5996.7,0.426,179.894,0.0,0.0,-0.0436,0.1856,0.0,14.0,0.0,0.0,0.0,88.8,83.1,77.9,83.2,102.8,99.5,0.0,29.29,4086.5,0.353,179.894,0.0,0.0,0.0595,0.1715,0.0,14.0,0.0,0.0,0.0,36.597,2.23,90.0,14.0,9,13500,5,1,1,False,0.816,0.8,1775.15,0.0,False,False,0.0,False,0.0,False,False,False,0.039,0.07,0.54,0.0,0.0,0.0,0.0,0.0,0.0,14.0,12.0,1.2348,1,74856,1:14.856,96746,96746,10773.366,0,2,25893,0.9145,False,False,Soft (S),0,1.0,0,-112.019,-11.177,872.318,0.914,-15.423,True,0,0,677.233,10773.366
1765362291,216.09,11287,1.0,0.0,1.0,0.12,5,-51.829,0.195,-30.275,1.014,-0.676,60.012,-2.6,0.071,0.794,2.117,0.014,-0.042,0.245,0.01,-0.409,0.001,83.5,87.9,92.8,88.1,97.2,99.5,0.0,28.39,5227.2,0.412,178.005,0.0,0.0,-0.04,0.1722,0.0,14.0,0.0,0.0,0.0,76.0,71.6,67.8,71.8,92.3,99.5,0.0,27.6,1648.2,0.308,175.822,0.0,0.0,0.056,0.1601,0.0,14.0,0.0,0.0,0.0,83.5,88.7,94.3,88.8,104.1,99.5,0.0,29.49,5598.2,0.426,182.407,0.0,0.0,-0.0436,0.1867,0.0,14.0,0.0,0.0,0.0,88.9,83.2,77.9,83.3,102.8,99.5,0.0,29.28,3796.8,0.354,182.407,0.0,0.0,0.058,0.1717,0.0,14.0,0.0,0.0,0.0,36.597,2.26,90.0,14.0,9,13500,5,1,1,False,0.814,0.8,1784.14,0.0,False,False,0.0,False,0.0,False,False,False,0.039,0.07,0.54,0.0,0.0,0.0,0.0,0.0,0.0,14.0,12.0,1.2348,1,74955,1:14.955,96746,96746,10779.228,0,2,25893,0.9155,False,False,Soft (S),0,1.0,0,-117.18,-11.157,869.453,0.921,-15.42,True,0,0,683.095,10779.228
1765362291,218.84,11405,1.0,0.0,1.0,0.109,5,-51.124,0.217,-32.887,1.048,-0.719,60.775,-2.659,0.171,0.828,2.16,0.015,-0.041,0.243,-0.012,-0.396,-0.012,83.6,88.0,92.9,88.2,97.2,99.5,0.0,28.4,5208.9,0.378,180.288,0.0,0.0,-0.0398,0.1732,0.0,14.0,0.0,0.0,0.0,76.0,71.5,67.8,71.8,92.2,99.5,0.0,27.59,1604.2,0.278,178.118,0.0,0.0,0.0567,0.1609,0.0,14.0,0.0,0.0,0.0,83.7,88.9,94.4,89.0,104.1,99.5,0.0,29.49,6168.4,0.414,184.315,0.0,0.0,-0.0435,0.1881,0.0,14.0,0.0,0.0,0.0,89.0,83.3,78.0,83.4,102.7,99.5,0.0,29.27,4111.5,0.331,184.315,0.0,0.0,0.0592,0.1719,0.0,14.0,0.0,0.0,0.0,36.597,2.286,90.0,14.0,9,13500,5,1,1,False,0.812,0.8,1792.85,0.0,False,False,0.0,False,0.0,False,False,False,0.038,0.068,0.54,0.0,0.0,0.0,0.0,0.0,0.0,14.0,12.0,1.2348,1,75060,1:15.060,96746,96746,10785.541,0,2,25893,0.9166,False,False,Soft (S),0,1.0,0,-122.584,-11.137,866.134,0.895,-15.42,True,0,0,689.408,10785.541
1765362291,221.64,11547,1.0,0.0,1.0,0.101,5,-50.296,0.265,-35.503,1.002,-0.73,61.553,-2.618,0.178,0.853,2.202,0.015,-0.041,0.243,-0.039,-0.412,-0.015,83.7,88.1,93.0,88.2,97.3,99.5,0.0,28.4,5191.2,0.354,182.673,0.0,0.0,-0.0403,0.174,0.0,14.0,0.0,0.0,0.0,75.9,71.5,67.7,71.7,92.1,99.5,0.0,27.58,1641.0,0.257,180.43,0.0,0.0,0.0567,0.1619,0.0,14.0,0.0,0.0,0.0,83.8,89.0,94.6,89.1,104.1,99.5,0.0,29.49,6272.8,0.407,186.619,0.0,0.0,-0.0436,0.1883,0.0,14.0,0.0,0.0,0.0,89.1,83.3,78.1,83.5,102.7,99.5,0.0,29.27,4269.8,0.328,186.619,0.0,0.0,0.059,0.1721,0.0,14.0,0.0,0.0,0.0,36.597,2.312,90.0,14.0,9,13500,5,1,1,False,0.809,0.8,1801.79,0.0,False,False,0.0,False,0.0,False,False,False,0.036,0.067,0.54,0.0,0.0,0.0,0.0,0.0,0.0,14.0,12.0,1.2348,1,75162,1:15.162,96746,96746,10791.744,0,2,25893,0.9177,False,False,Soft (S),0,1.0,0,-127.753,-11.112,862.634,0.878,-15.42,True,0,0,695.611,10791.744
1765362291,224.45,11680,1.0,0.0,1.0,0.099,5,-49.378,0.359,-38.063,0.951,-0.745,62.335,-2.561,0.181,0.855,2.243,0.017,-0.04,0.242,-0.04,-0.398,-0.02,83.7,88.1,93.1,88.3,97.3,99.5,0.0,28.41,5109.6,0.343,184.926,0.0,0.0,-0.0408,0.1744,0.0,14.0,0.0,0.0,0.0,75.9,71.4,67.7,71.6,92.0,99.5,0.0,27.56,1664.3,0.247,182.762,0.0,0.0,0.0567,0.1627,0.0,14.0,0.0,0.0,0.0,84.0,89.2,94.7,89.3,104.1,99.5,0.0,29.49,6516.1,0.391,188.756,0.0,0.0,-0.0441,0.189,0.0,14.0,0.0,0.0,0.0,89.2,83.4,78.2,83.6,102.6,99.5,0.0,29.26,4371.6,0.31,188.756,0.0,0.0,0.06,0.173,0.0,14.0,0.0,0.0,0.0,36.597,2.335,90.0,14.0,9,13500,5,1,1,False,0.807,0.8,1810.73,0.0,False,False,0.0,False,0.0,False,False,False,0.036,0.066,0.54,0.0,0.0,0.0,0.0,0.0,0.0,14.0,12.0,1.2348,1,75258,1:15.258,96746,96746,10797.726,0,2,25893,0.9187,False,False,Soft (S),0,1.0,0,-132.537,-11.082,859.098,0.858,-15.417,True,0,0,701.593,10797.726
1765362291,227.13,11850,1.0,0.0,1.0,0.107,5,-48.466,0.336,-40.393,0.947,-0.709,63.081,-2.379,-0.084,0.779,2.281,0.016,-0.039,0.244,0.019,-0.387,-0.008,83.8,88.2,93.1,88.4,97.3,99.5,0.0,28.41,5003.7,0.372,186.934,0.0,0.0,-0.0406,0.1727,0.0,14.0,0.0,0.0,0.0,75.8,71.3,67.6,71.6,91.9,99.5,0.0,27.55,1609.4,0.272,184.846,0.0,0.0,0.0559,0.1615,0.0,14.0,0.0,0.0,0.0,84.1,89.3,94.9,89.4,104.1,99.5,0.0,29.49,5547.7,0.404,191.515,0.0,0.0,-0.0448,0.1883,0.0,14.0,0.0,0.0,0.0,89.2,83.5,78.3,83.7,102.6,99.5,0.0,29.25,3878.3,0.334,191.515,0.0,0.0,0.0591,0.1727,0.0,14.0,0.0,0.0,0.0,36.597,2.357,90.0,14.0,9,13500,5,1,1,False,0.805,0.8,1819.41,0.0,False,False,0.0,False,0.0,False,False,False,0.038,0.068,0.54,0.0,0.0,0.0,0.0,0.0,0.0,14.0,12.0,1.2348,1,75363,1:15.363,96746,96746,10804.357,0,2,25893,0.9199,False,False,Soft (S),0,1.0,0,-137.672,-11.043,854.974,0.87,-15.417,True,0,0,708.224,10804.357
1765362291,229.9,11966,1.0,0.0,1.0,0.102,5,-47.386,0.252,-42.811,1.08,-0.747,63.848,-2.654,0.111,0.815,2.323,0.015,-0.039,0.243,0.001,-0.385,0.005,83.9,88.3,93.2,88.4,97.4,99.5,0.0,28.42,5381.3,0.364,189.222,0.0,0.0,-0.0395,0.1738,0.0,14.0,0.0,0.0,0.0,75.7,71.3,67.5,71.5,91.9,99.5,0.0,27.54,1735.4,0.264,187.124,0.0,0.0,0.0574,0.1612,0.0,14.0,0.0,0.0,0.0,84.2,89.4,95.0,89.6,104.1,99.5,0.0,29.49,6254.2,0.407,193.384,0.0,0.0,-0.0443,0.1881,0.0,14.0,0.0,0.0,0.0,89.3,83.6,78.3,83.8,102.5,99.5,0.0,29.25,4292.9,0.318,193.384,0.0,0.0,0.0593,0.173,0.0,14.0,0.0,0.0,0.0,36.597,2.377,90.0,14.0,9,13500,5,1,1,False,0.802,0.8,1828.33,0.0,False,False,0.0,False,0.0,False,False,False,0.037,0.068,0.54,0.0,0.0,0.0,0.0,0.0,0.0,14.0,12.0,1.2348,1,75465,1:15.465,96746,96746,10810.758,0,2,25893,0.921,False,False,Soft (S),0,1.0,0,-142.558,-11.015,850.722,0.912,-15.414,True,0,0,714.625,10810.758
1765362292,232.56,12091,1.0,0.0,1.0,0.095,5,-46.096,0.271,-45.257,1.049,-0.77,64.587,-2.736,0.241,0.802,2.364,0.015,-0.039,0.241,-0.045,-0.402,-0.02,83.9,88.3,93.3,88.5,97.4,99.5,0.0,28.43,5634.2,0.345,191.527,0.0,0.0,-0.0423,0.1752,0.0,14.0,0.0,0.0,0.0,75.7,71.2,67.5,71.5,91.8,99.5,0.0,27.53,1977.7,0.246,189.36,0.0,0.0,0.0578,0.1633,0.0,14.0,0.0,0.0,0.0,84.4,89.6,95.1,89.7,104.1,99.5,0.0,29.49,6643.3,0.401,195.399,0.0,0.0,-0.0465,0.189,0.0,14.0,0.0,0.0,0.0,89.4,83.7,78.4,83.8,102.5,99.5,0.0,29.24,4402.1,0.307,195.399,0.0,0.0,0.0602,0.1734,0.0,14.0,0.0,0.0,0.0,36.597,2.397,90.0,14.0,9,13500,5,1,1,False,0.8,0.8,1837.26,0.0,False,False,0.0,False,0.0,False,False,False,0.034,0.066,0.54,0.0,0.0,0.0,0.0,0.0,0.0,14.0,12.0,1.2348,1,75561,1:15.561,96746,96746,10816.991,0,2,25893,0.9221,False,False,Soft (S),0,1.0,0,-147.044,-10.991,846.492,0.935,-15.417,True,0,0,720.858,10816.991
1765362292,234.75,10837,1.0,0.0,1.0,0.096,6,-44.632,0.389,-47.537,0.953,-0.74,65.196,-2.537,0.158,0.851,2.403,0.017,-0.04,0.24,-0.029,-0.404,0.03,84.0,88.4,93.3,88.6,97.5,99.5,0.0,28.43,5505.2,0.334,193.275,0.0,0.0,-0.0434,0.176,0.0,14.0,0.0,0.0,0.0,75.6,71.2,67.5,71.4,91.7,99.5,0.0,27.51,2185.8,0.235,191.116,0.0,0.0,0.0576,0.1639,0.0,14.0,0.0,0.0,0.0,84.5,89.7,95.3,89.9,104.1,99.5,0.0,29.49,6151.5,0.394,197.355,0.0,0.0,-0.0479,0.1902,0.0,14.0,0.0,0.0,0.0,89.5,83.8,78.5,83.9,102.5,99.5,0.0,29.24,4493.4,0.306,196.725,0.0,0.0,0.0604,0.1742,0.0,14.0,0.0,0.0,0.0,36.597,2.402,90.0,14.0,9,13500,5,1,1,False,0.798,0.522,1843.92,0.0,False,False,0.0,False,0.0,False,False,False,0.034,0.066,0.54,0.0,0.0,0.0,0.0,0.0,0.0,14.0,12.0,1.2348,1,75663,1:15.663,96746,96746,10823.622,0,2,25893,0.9232,False,False,Soft (S),0,1.0,0,-151.674,-10.957,841.759,0.927,-15.414,True,0,0,727.489,10823.622
1765362292,236.94,10942,1.0,0.0,1.0,0.097,6,-43.222,0.379,-49.633,0.937,-0.729,65.805,-2.465,0.005,0.66,2.44,0.016,-0.04,0.241,-0.001,-0.37,-0.019,84.0,88.5,93.4,88.6,97.5,99.5,0.0,28.44,5345.1,0.347,194.902,0.0,0.0,-0.0438,0.1746,0.0,14.0,0.0,0.0,0.0,75.6,71.1,67.4,71.4,91.6,99.5,0.0,27.5,2110.7,0.245,192.971,0.0,0.0,0.0568,0.1638,0.0,14.0,0.0,0.0,0.0,84.6,89.8,95.4,90.0,104.1,99.5,0.0,29.49,5865.0,0.38,198.943,0.0,0.0,-0.0479,0.1895,0.0,14.0,0.0,0.0,0.0,89.6,83.9,78.6,84.0,102.4,99.5,0.0,29.23,4067.0,0.29,198.943,0.0,0.0,0.0605,0.1739,0.0,14.0,0.0,0.0,0.0,36.597,2.419,90.0,14.0,9,13500,5,1,1,False,0.797,0.75,1851.18,0.0,False,False,0.0,False,0.0,False,False,False,0.035,0.066,0.54,0.0,0.0,0.0,0.0,0.0,0.0,14.0,12.0,1.2348,1,75762,1:15.762,96746,96746,10830.098,0,2,25893,0.9244,False,False,Soft (S),0,1.0,0,-156.025,-10.918,836.951,0.924,-15.414,True,0,0,733.965,10830.098
1765362292,239.27,11029,1.0,0.0,1.0,0.09,6,-41.691,0.373,-51.761,0.978,-0.765,66.452,-2.614,0.196,0.681,2.479,0.017,-0.037,0.24,-0.028,-0.377,-0.018,84.1,88.5,93.4,88.7,97.5,99.5,0.0,28.45,5825.5,0.324,196.892,0.0,0.0,-0.0418,0.1762,0.0,14.0,0.0,0.0,0.0,75.5,71.1,67.4,71.3,91.6,99.5,0.0,27.49,2231.0,0.226,194.89,0.0,0.0,0.0586,0.1639,0.0,14.0,0.0,0.0,0.0,84.7,89.9,95.5,90.1,104.1,99.5,0.0,29.49,6487.1,0.373,200.529,0.0,0.0,-0.047,0.1898,0.0,14.0,0.0,0.0,0.0,89.7,83.9,78.6,84.1,102.4,99.5,0.0,29.23,4438.9,0.273,200.529,0.0,0.0,0.0609,0.1742,0.0,14.0,0.0,0.0,0.0,36.597,2.435,90.0,14.0,9,13500,5,1,1,False,0.794,0.792,1859.94,0.0,False,False,0.0,False,0.0,False,False,False,0.033,0.066,0.54,0.0,0.0,0.0,0.0,0.0,0.0,14.0,12.0,1.2348,1,75870,1:15.870,96746,96746,10837.103,0,2,25893,0.9256,False,False,Soft (S),0,1.0,0,-160.609,-10.879,831.473,0.945,-15.414,True,0,0,740.97,10837.103
1765362292,241.57,11141,1.0,0.0,1.0,0.091,6,-40.058,0.456,-53.831,0.917,-0.765,67.091,-2.473,0.11,0.684,2.516,0.018,-0.038,0.239,-0.028,-0.37,0.004,84.2,88.6,93.5,88.7,97.6,99.5,0.0,28.45,5597.1,0.318,198.727,0.0,0.0,-0.0424,0.1763,0.0,14.0,0.0,0.0,0.0,75.5,71.1,67.3,71.3,91.5,99.5,0.0,27.48,2226.2,0.222,196.78,0.0,0.0,0.0587,0.1648,0.0,14.0,0.0,0.0,0.0,84.9,90.1,95.7,90.2,104.1,99.5,0.0,29.5,6307.4,0.368,202.563,0.0,0.0,-0.0472,0.1902,0.0,14.0,0.0,0.0,0.0,89.8,84.0,78.7,84.2,102.4,99.5,0.0,29.22,4398.7,0.276,202.563,0.0,0.0,0.061,0.1753,0.0,14.0,0.0,0.0,0.0,36.597,2.45,90.0,14.0,9,13500,5,1,1,False,0.792,0.8,1868.92,0.0,False,False,0.0,False,0.0,False,False,False,0.033,0.066,0.54,0.0,0.0,0.0,0.0,0.0,0.0,14.0,12.0,1.2348,1,75963,1:15.963,96746,96746,10843.414,0,2,25893,0.9267,False,False,Soft (S),0,1.0,0,-164.411,-10.84,826.561,0.922,-15.414,True,0,0,747.281,10843.414
1765362292,243.92,11245,1.0,0.0,1.0,0.089,6,-38.37,0.457,-55.843,0.95,-0.776,67.745,-2.462,0.07,0.704,2.554,0.018,-0.038,0.24,-0.026,-0.377,-0.015,84.2,88.6,93.5,88.8,97.6,99.5,0.0,28.46,5514.5,0.319,200.651,0.0,0.0,-0.0433,0.1759,0.0,14.0,0.0,0.0,0.0,75.5,71.0,67.3,71.3,91.4,99.5,0.0,27.47,2194.0,0.218,198.658,0.0,0.0,0.0599,0.1649,0.0,14.0,0.0,0.0,0.0,85.0,90.2,95.8,90.3,104.1,99.5,0.0,29.5,6275.5,0.373,204.558,0.0,0.0,-0.0468,0.1899,0.0,14.0,0.0,0.0,0.0,89.9,84.1,78.8,84.2,102.4,99.5,0.0,29.22,4533.4,0.266,204.328,0.0,0.0,0.0615,0.1752,0.0,14.0,0.0,0.0,0.0,36.597,2.464,90.0,14.0,9,13500,5,1,1,False,0.79,0.8,1878.18,0.0,False,False,0.0,False,0.0,False,False,False,0.033,0.066,0.54,0.0,0.0,0.0,0.0,0.0,0.0,14.0,12.0,1.2348,1,76077,1:16.077,96746,96746,10851.005,0,2,25893,0.928,False,False,Soft (S),0,1.0,0,-168.882,-10.787,820.309,0.909,-15.414,True,0,0,754.872,10851.005
1765362292,246.18,11341,1.0,0.0,1.0,0.089,6,-36.647,0.393,-57.733,1.028,-0.804,68.37,-2.549,0.038,0.71,2.591,0.017,-0.037,0.24,-0.021,-0.38,-0.006,84.2,88.6,93.6,88.8,97.7,99.5,0.0,28.47,5492.4,0.325,202.466,0.0,0.0,-0.0417,0.1758,0.0,14.0,0.0,0.0,0.0,75.4,71.0,67.3,71.2,91.4,99.5,0.0,27.46,2156.9,0.226,200.42,0.0,0.0,0.0596,0.1642,0.0,14.0,0.0,0.0,0.0,85.1,90.3,95.9,90.4,104.1,99.5,0.0,29.5,6510.8,0.377,206.506,0.0,0.0,-0.047,0.1897,0.0,14.0,0.0,0.0,0.0,89.9,84.1,78.8,84.3,102.3,99.5,0.0,29.21,4682.1,0.272,205.887,0.0,0.0,0.0626,0.1748,0.0,14.0,0.0,0.0,0.0,36.597,2.477,90.0,14.0,9,13500,5,1,1,False,0.787,0.8,1887.16,0.0,False,False,0.0,False,0.0,False,False,False,0.034,0.066,0.54,0.0,0.0,0.0,0.0,0.0,0.0,14.0,12.0,1.2348,1,76176,1:16.176,96746,96746,10857.715,0,2,25893,0.9292,False,False,Soft (S),0,1.0,0,-172.591,-10.745,814.681,0.911,-15.411,True,0,0,761.582,10857.715
1765362292,248.39,11423,1.0,0.0,1.0,0.086,6,-34.694,0.491,-59.639,1.01,-0.802,68.986,-2.628,0.221,0.664,2.63,0.018,-0.036,0.238,-0.03,-0.362,-0.009,84.3,88.7,93.6,88.9,97.7,99.5,0.0,28.48,5739.6,0.313,204.237,0.0,0.0,-0.0416,0.1776,0.0,14.0,0.0,0.0,0.0,75.4,71.0,67.2,71.2,91.3,99.5,0.0,27.45,2215.8,0.22,202.316,0.0,0.0,0.0612,0.1655,0.0,14.0,0.0,0.0,0.0,85.2,90.4,96.0,90.5,104.1,99.5,0.0,29.5,6864.1,0.363,207.825,0.0,0.0,-0.0473,0.1918,0.0,14.0,0.0,0.0,0.0,90.0,84.2,78.9,84.4,102.3,99.5,0.0,29.21,4874.1,0.243,207.558,0.0,0.0,0.0641,0.1762,0.0,14.0,0.0,0.0,0.0,36.597,2.49,90.0,14.0,9,13500,5,1,1,False,0.785,0.8,1896.13,0.0,False,False,0.0,False,0.0,False,False,False,0.032,0.063,0.54,0.0,0.0,0.0,0.0,0.0,0.0,14.0,12.0,1.2348,1,76278,1:16.278,96746,96746,10864.927,0,2,25893,0.9304,False,False,Soft (S),0,1.0,0,-176.228,-10.7,808.692,0.933,-15.411,True,0,0,768.794,10864.927
1765362292,250.55,11543,1.0,0.0,1.0,0.086,6,-32.804,0.46,-61.379,1.019,-0.789,69.585,-2.483,0.024,0.634,2.666,0.017,-0.037,0.239,-0.012,-0.368,-0.011,84.3,88.8,93.7,88.9,97.8,99.5,0.0,28.48,5519.0,0.317,205.96,0.0,0.0,-0.042,0.1761,0.0,14.0,0.0,0.0,0.0,75.4,70.9,67.2,71.2,91.3,99.5,0.0,27.44,2213.5,0.219,204.019,0.0,0.0,0.0606,0.1653,0.0,14.0,0.0,0.0,0.0,85.3,90.5,96.1,90.7,104.2,99.5,0.0,29.51,6183.6,0.375,210.039,0.0,0.0,-0.0471,0.1905,0.0,14.0,0.0,0.0,0.0,90.1,84.3,79.0,84.5,102.3,99.5,0.0,29.21,4452.8,0.257,209.685,0.0,0.0,0.064,0.176,0.0,14.0,0.0,0.0,0.0,36.597,2.501,90.0,14.0,9,13500,5,1,1,False,0.783,0.797,1905.07,0.0,False,False,0.0,False,0.0,False,False,False,0.033,0.065,0.54,0.0,0.0,0.0,0.0,0.0,0.0,14.0,12.0,1.2348,1,76380,1:16.380,96746,96746,10871.896,0,2,25893,0.9317,False,False,Soft (S),0,1.0,0,-179.667,-10.65,802.516,0.913,-15.408,True,0,0,775.763,10871.896
1765362293,252.71,11615,1.0,0.0,1.0,0.081,6,-30.808,0.436,-63.073,1.055,-0.825,70.184,-2.665,0.267,0.661,2.703,0.017,-0.036,0.238,-0.032,-0.359,-0.012,84.4,88.8,93.7,89.0,97.8,99.5,0.0,28.49,5905.9,0.304,207.737,0.0,0.0,-0.0415,0.1772,0.0,14.0,0.0,0.0,0.0,75.4,70.9,67.2,71.2,91.2,99.5,0.0,27.43,2717.5,0.204,205.85,0.0,0.0,0.0629,0.1659,0.0,14.0,0.0,0.0,0.0,85.4,90.6,96.3,90.8,104.2,99.5,0.0,29.51,6981.8,0.364,211.327,0.0,0.0,-0.0469,0.1911,0.0,14.0,0.0,0.0,0.0,90.2,84.4,79.0,84.5,102.3,99.5,0.0,29.2,5013.9,0.239,211.013,0.0,0.0,0.0637,0.1761,0.0,14.0,0.0,0.0,0.0,36.597,2.511,90.0,14.0,9,13500,5,1,1,False,0.781,0.766,1913.82,0.0,False,False,0.0,False,0.0,False,False,False,0.031,0.064,0.54,0.0,0.0,0.0,0.0,0.0,0.0,14.0,12.0,1.2348,1,76479,1:16.479,96746,96746,10878.798,0,2,25893,0.9329,False,False,Soft (S),0,1.0,0,-182.818,-10.607,796.356,0.961,-15.411,True,0,0,782.665,10878.798
1765362293,254.77,11740,1.0,0.0,1.0,0.085,6,-28.791,0.437,-64.647,0.994,-0.772,70.758,-2.439,0.04,0.576,2.737,0.017,-0.035,0.239,-0.012,-0.363,-0.018,84.4,88.8,93.8,89.0,97.9,99.5,0.0,28.5,5911.8,0.309,209.381,0.0,0.0,-0.0417,0.1768,0.0,14.0,0.0,0.0,0.0,75.3,70.9,67.2,71.1,91.1,99.5,0.0,27.42,2612.3,0.208,207.479,0.0,0.0,0.0626,0.166,0.0,14.0,0.0,0.0,0.0,85.5,90.7,96.4,90.9,104.2,99.5,0.0,29.51,6047.1,0.365,213.447,0.0,0.0,-0.0471,0.1909,0.0,14.0,0.0,0.0,0.0,90.3,84.5,79.1,84.6,102.3,99.5,0.0,29.2,4277.0,0.267,213.447,0.0,0.0,0.0653,0.1764,0.0,14.0,0.0,0.0,0.0,36.597,2.521,90.0,14.0,9,13500,5,1,1,False,0.778,0.726,1922.15,0.0,False,False,0.0,False,0.0,False,False,False,0.032,0.065,0.54,0.0,0.0,0.0,0.0,0.0,0.0,14.0,12.0,1.2348,1,76581,1:16.581,96746,96746,10885.992,0,2,25893,0.9341,False,False,Soft (S),0,1.0,0,-185.859,-10.56,789.842,0.957,-15.411,True,0,0,789.859,10885.992
1765362293,256.83,11824,1.0,0.0,1.0,0.081,6,-26.747,0.386,-66.137,0.986,-0.795,71.33,-2.435,0.064,0.584,2.771,0.016,-0.035,0.239,-0.008,-0.338,0.011,84.4,88.9,93.8,89.0,97.9,99.5,0.0,28.51,6059.3,0.301,210.984,0.0,0.0,-0.041,0.1772,0.0,14.0,0.0,0.0,0.0,75.3,70.9,67.1,71.1,91.1,99.5,0.0,27.41,2597.3,0.206,209.205,0.0,0.0,0.0604,0.1657,0.0,14.0,0.0,0.0,0.0,85.6,90.8,96.5,91.0,104.2,99.5,0.0,29.52,6155.9,0.356,214.983,0.0,0.0,-0.0467,0.1908,0.0,14.0,0.0,0.0,0.0,90.4,84.5,79.2,84.7,102.2,99.5,0.0,29.2,4395.7,0.258,214.983,0.0,0.0,0.0619,0.1769,0.0,14.0,0.0,0.0,0.0,36.597,2.53,90.0,14.0,9,13500,5,1,1,False,0.776,0.684,1930.02,0.0,False,False,0.0,False,0.0,False,False,False,0.031,0.065,0.54,0.0,0.0,0.0,0.0,0.0,0.0,14.0,12.0,1.2348,1,76686,1:16.686,96746,96746,10893.305,0,2,25893,0.9354,False,False,Soft (S),0,1.0,0,-188.775,-10.518,782.975,0.963,-15.411,True,0,0,797.172,10893.305
1765362293,258.86,11910,1.0,0.0,1.0,0.08,6,-24.671,0.411,-67.541,0.871,-0.781,71.897,-2.321,-0.083,0.513,2.804,0.016,-0.037,0.238,0.024,-0.297,0.0,84.5,88.9,93.8,89.0,98.0,99.5,0.0,28.52,6080.1,0.293,212.471,0.0,0.0,-0.0419,0.1768,0.0,14.0,0.0,0.0,0.0,75.3,70.8,67.1,71.1,91.0,99.5,0.0,27.41,2893.2,0.204,210.936,0.0,0.0,0.0566,0.1666,0.0,14.0,0.0,0.0,0.0,85.7,90.9,96.6,91.1,104.2,99.5,0.0,29.52,5784.2,0.334,216.546,0.0,0.0,-0.048,0.1918,0.0,14.0,0.0,0.0,0.0,90.5,84.6,79.2,84.8,102.2,99.5,0.0,29.2,4015.7,0.239,216.546,0.0,0.0,0.0621,0.1783,0.0,14.0,0.0,0.0,0.0,36.597,2.538,90.0,14.0,9,13500,5,1,1,False,0.775,0.643,1937.43,0.0,False,False,0.0,False,0.0,False,False,False,0.031,0.063,0.54,0.0,0.0,0.0,0.0,0.0,0.0,14.0,12.0,1.2348,1,76788,1:16.788,96746,96746,10900.281,0,2,25893,0.9367,False,False,Soft (S),0,1.0,0,-191.393,-10.476,776.153,0.973,-15.411,True,0,0,804.148,10900.281
1765362293,260.83,12008,1.0,0.0,1.0,0.071,6,-22.679,0.362,-68.811,0.857,-0.785,72.444,-2.274,0.007,0.515,2.835,0.015,-0.037,0.238,-0.008,-0.312,-0.016,84.4,88.9,93.8,89.0,98.0,99.5,0.0,28.53,6187.0,0.27,214.186,0.0,0.0,-0.0426,0.1772,0.0,14.0,0.0,0.0,0.0,75.3,70.8,67.1,71.1,91.0,99.5,0.0,27.4,3118.5,0.182,212.581,0.0,0.0,0.0562,0.1682,0.0,14.0,0.0,0.0,0.0,85.8,91.0,96.7,91.1,104.3,99.5,0.0,29.52,5742.6,0.336,218.318,0.0,0.0,-0.048,0.1911,0.0,14.0,0.0,0.0,0.0,90.5,84.7,79.3,84.8,102.2,99.5,0.0,29.2,3993.0,0.247,218.318,0.0,0.0,0.0609,0.178,0.0,14.0,0.0,0.0,0.0,36.597,2.546,90.0,14.0,9,13500,5,1,1,False,0.773,0.603,1944.38,0.0,False,False,0.0,False,0.0,False,False,False,0.029,0.064,0.54,0.0,0.0,0.0,0.0,0.0,0.0,14.0,12.0,1.2348,1,76890,1:16.890,96746,96746,10908.179,0,2,25893,0.938,False,False,Soft (S),0,1.0,0,-193.806,-10.438,769.197,0.955,-15.408,True,0,0,812.046,10908.179
1765362293,262.82,12049,1.0,0.0,1.0,0.067,6,-20.667,0.466,-70.019,0.775,-0.83,72.998,-2.173,0.151,0.54,2.866,0.017,-0.037,0.235,-0.003,-0.267,0.022,84.4,88.8,93.7,89.0,98.1,99.5,0.0,28.54,5903.0,0.247,215.685,0.0,0.0,-0.0422,0.1784,0.0,14.0,0.0,0.0,0.0,75.3,70.8,67.1,71.0,91.0,99.5,0.0,27.39,3022.7,0.161,214.29,0.0,0.0,0.0584,0.1681,0.0,14.0,0.0,0.0,0.0,85.8,91.1,96.7,91.2,104.3,99.5,0.0,29.53,6597.3,0.307,219.068,0.0,0.0,-0.0496,0.1931,0.0,14.0,0.0,0.0,0.0,90.6,84.7,79.3,84.9,102.2,99.5,0.0,29.2,5070.6,0.199,219.068,0.0,0.0,0.0618,0.1801,0.0,14.0,0.0,0.0,0.0,36.597,2.553,90.0,14.0,9,13500,5,1,1,False,0.771,0.564,1950.88,0.0,False,False,0.0,False,0.0,False,False,False,0.029,0.061,0.54,0.0,0.0,0.0,0.0,0.0,0.0,14.0,12.0,1.2348,1,76992,1:16.992,96746,96746,10915.434,0,2,25893,0.9393,False,False,Soft (S),0,1.0,0,-196.013,-10.397,762.113,0.879,-15.408,True,0,0,819.301,10915.434
1765362293,264.65,12132,1.0,0.0,1.0,0.061,6,-18.813,0.45,-71.065,0.762,-0.85,73.506,-1.993,-0.025,0.514,2.894,0.017,-0.039,0.237,-0.009,-0.267,0.019,84.4,88.8,93.7,89.0,98.1,99.5,0.0,28.54,5316.5,0.231,217.18,0.0,0.0,-0.0427,0.1775,0.0,14.0,0.0,0.0,0.0,75.2,70.8,67.1,71.0,90.9,99.5,0.0,27.39,2502.2,0.147,215.771,0.0,0.0,0.0575,0.1679,0.0,14.0,0.0,0.0,0.0,85.9,91.1,96.8,91.3,104.3,99.5,0.0,29.53,6386.8,0.309,220.727,0.0,0.0,-0.0494,0.1912,0.0,14.0,0.0,0.0,0.0,90.7,84.8,79.4,84.9,102.2,99.5,0.0,29.19,4959.5,0.194,220.437,0.0,0.0,0.0602,0.18,0.0,14.0,0.0,0.0,0.0,36.597,2.56,90.0,14.0,9,13500,5,1,1,False,0.77,0.526,1956.96,0.0,False,False,0.0,False,0.0,False,False,False,0.031,0.063,0.54,0.0,0.0,0.0,0.0,0.0,0.0,14.0,12.0,1.2348,1,77094,1:17.094,96746,96746,10922.933,0,2,25893,0.9406,False,False,Soft (S),0,1.0,0,-198.023,-10.349,754.915,0.772,-15.408,True,0,0,826.8,10922.933
1765362293,266.07,10645,1.0,0.0,1.0,0.054,7,-17.018,0.413,-71.922,0.796,-0.863,73.899,-2.039,0.025,0.435,2.92,0.017,-0.04,0.237,-0.031,-0.286,-0.019,84.3,88.7,93.6,88.9,98.2,99.5,0.0,28.55,5206.0,0.216,218.443,0.0,0.0,-0.0431,0.1777,0.0,14.0,0.0,0.0,0.0,75.2,70.8,67.0,71.0,90.9,99.5,0.0,27.38,2618.4,0.135,216.909,0.0,0.0,0.0561,0.169,0.0,14.0,0.0,0.0,0.0,85.9,91.2,96.8,91.3,104.3,99.5,0.0,29.54,6811.5,0.304,221.476,0.0,0.0,-0.049,0.1907,0.0,14.0,0.0,0.0,0.0,90.7,84.8,79.4,85.0,102.2,99.5,0.0,29.19,5206.2,0.169,220.919,0.0,0.0,0.0602,0.1796,0.0,14.0,0.0,0.0,0.0,36.597,2.554,90.0,14.0,9,13500,5,1,1,False,0.769,0.354,1960.83,0.0,False,False,0.0,False,0.0,False,False,False,0.03,0.062,0.54,0.0,0.0,0.0,0.0,0.0,0.0,14.0,12.0,1.2348,1,77187,1:17.187,96746,96746,10929.698,0,2,25893,0.9418,False,False,Soft (S),0,1.0,0,-199.691,-10.31,748.268,0.738,-15.408,True,0,0,833.565,10929.698
1765362293,267.49,10704,1.0,0.0,1.0,0.058,7,-15.118,0.409,-72.747,0.74,-0.862,74.294,-2.02,0.073,0.432,2.947,0.017,-0.04,0.236,-0.028,-0.269,-0.005,84.3,88.7,93.6,88.8,98.2,99.5,0.0,28.56,5465.9,0.22,219.53,0.0,0.0,-0.0435,0.178,0.0,14.0,0.0,0.0,0.0,75.2,70.8,67.0,71.0,90.8,99.5,0.0,27.38,2928.5,0.139,218.115,0.0,0.0,0.0559,0.1693,0.0,14.0,0.0,0.0,0.0,86.0,91.2,96.9,91.3,104.4,99.5,0.0,29.54,6675.8,0.295,222.719,0.0,0.0,-0.0494,0.1913,0.0,14.0,0.0,0.0,0.0,90.7,84.9,79.5,85.0,102.2,99.5,0.0,29.19,5264.1,0.167,222.094,0.0,0.0,0.0603,0.1797,0.0,14.0,0.0,0.0,0.0,36.597,2.561,90.0,14.0,9,13500,5,1,1,False,0.768,0.443,1965.42,0.0,False,False,0.0,False,0.0,False,False,False,0.029,0.062,0.54,0.0,0.0,0.0,0.0,0.0,0.0,14.0,12.0,1.2348,1,77292,1:17.292,96746,96746,10937.53,0,2,25893,0.9431,False,False,Soft (S),0,1.0,0,-201.384,-10.267,740.675,0.783,-15.408,True,0,0,841.397,10937.53
1765362293,268.86,10768,1.0,0.0,1.0,0.057,7,-13.306,0.344,-73.488,0.772,-0.854,74.675,-1.965,-0.05,0.437,2.973,0.016,-0.038,0.237,-0.017,-0.282,-0.019,84.2,88.6,93.5,88.8,98.3,99.5,0.0,28.57,5477.2,0.219,220.657,0.0,0.0,-0.0432,0.1775,0.0,14.0,0.0,0.0,0.0,75.2,70.7,67.0,71.0,90.8,99.5,0.0,27.37,2988.3,0.135,219.163,0.0,0.0,0.0562,0.1687,0.0,14.0,0.0,0.0,0.0,86.0,91.2,96.9,91.4,104.4,99.5,0.0,29.54,6437.4,0.305,224.077,0.0,0.0,-0.0489,0.191,0.0,14.0,0.0,0.0,0.0,90.8,84.9,79.5,85.0,102.2,99.5,0.0,29.19,4995.4,0.181,223.428,0.0,0.0,0.06,0.1789,0.0,14.0,0.0,0.0,0.0,36.597,2.567,90.0,14.0,9,13500,5,1,1,False,0.766,0.434,1970.16,0.0,False,False,0.0,False,0.0,False,False,False,0.03,0.063,0.54,0.0,0.0,0.0,0.0,0.0,0.0,14.0,12.0,1.2348,1,77394,1:17.394,96746,96746,10945.116,0,2,25893,0.9444,False,False,Soft (S),0,1.0,0,-202.833,-10.227,733.216,0.776,-15.408,True,0,0,848.983,10945.116
1765362294,270.29,10814,1.0,0.0,1.0,0.051,7,-11.39,0.436,-74.21,0.708,-0.842,75.072,-1.821,0.027,0.396,2.999,0.017,-0.036,0.236,0.009,-0.224,-0.01,84.1,88.5,93.4,88.7,98.3,99.5,0.0,28.58,5546.8,0.203,221.626,0.0,0.0,-0.0438,0.1782,0.0,14.0,0.0,0.0,0.0,75.2,70.7,67.0,71.0,90.8,99.5,0.0,27.37,2913.8,0.122,220.445,0.0,0.0,0.0561,0.1696,0.0,14.0,0.0,0.0,0.0,86.0,91.3,96.9,91.4,104.4,99.5,0.0,29.55,6531.8,0.285,224.921,0.0,0.0,-0.05,0.193,0.0,14.0,0.0,0.0,0.0,90.8,84.9,79.5,85.1,102.2,99.5,0.0,29.19,5063.8,0.167,224.482,0.0,0.0,0.0617,0.1809,0.0,14.0,0.0,0.0,0.0,36.597,2.573,90.0,14.0,9,13500,5,1,1,False,0.765,0.41,1974.84,0.0,False,False,0.0,False,0.0,False,False,False,0.029,0.06,0.54,0.0,0.0,0.0,0.0,0.0,0.0,14.0,12.0,1.2348,1,77496,1:17.496,96746,96746,10952.804,0,2,25893,0.9458,False,False,Soft (S),0,1.0,0,-204.088,-10.187,725.681,0.744,-15.408,True,0,0,856.671,10952.804
1765362294,271.73,10865,1.0,0.0,1.0,0.043,7,-9.76,0.362,-74.846,0.636,-0.83,75.473,-1.58,0.023,0.39,3.021,0.016,-0.035,0.237,0.076,-0.167,0.002,84.0,88.4,93.3,88.6,98.4,99.5,0.0,28.58,5555.1,0.187,222.547,0.0,0.0,-0.0439,0.1759,0.0,14.0,0.0,0.0,0.0,75.2,70.7,67.0,71.0,90.8,99.5,0.0,27.36,3681.2,0.096,221.695,0.0,0.0,0.0543,0.1684,0.0,14.0,0.0,0.0,0.0,86.0,91.3,96.9,91.4,104.5,99.5,0.0,29.55,6163.2,0.268,225.928,0.0,0.0,-0.0504,0.192,0.0,14.0,0.0,0.0,0.0,90.8,84.9,79.5,85.1,102.2,99.5,0.0,29.19,5021.7,0.162,225.593,0.0,0.0,0.0602,0.181,0.0,14.0,0.0,0.0,0.0,36.597,2.578,90.0,14.0,9,13500,5,1,1,False,0.764,0.402,1979.35,0.0,False,False,0.0,False,0.0,False,False,False,0.033,0.06,0.54,0.0,0.0,0.0,0.0,0.0,0.0,14.0,12.0,1.2348,1,77601,1:17.601,96746,96746,10960.567,0,2,25893,0.9471,False,False,Soft (S),0,1.0,0,-205.191,-10.143,717.853,0.708,-15.408,True,0,0,864.434,10960.567
1765362294,273.18,10904,1.0,0.0,1.0,0.03,7,-8.348,0.36,-75.422,0.528,-0.917,75.876,-1.264,0.079,0.436,3.039,0.017,-0.035,0.235,0.024,-0.121,0.01,83.9,88.2,93.1,88.4,98.4,99.5,0.0,28.59,4566.0,0.144,223.692,0.0,0.0,-0.0448,0.1768,0.0,14.0,0.0,0.0,0.0,75.2,70.7,67.0,71.0,90.8,99.5,0.0,27.36,3317.4,0.065,223.089,0.0,0.0,0.0536,0.1705,0.0,14.0,0.0,0.0,0.0,86.0,91.2,96.9,91.4,104.5,99.5,0.0,29.56,6852.0,0.248,226.799,0.0,0.0,-0.053,0.1918,0.0,14.0,0.0,0.0,0.0,90.8,84.9,79.5,85.1,102.2,99.5,0.0,29.19,6144.5,0.141,226.333,0.0,0.0,0.0597,0.1839,0.0,14.0,0.0,0.0,0.0,36.597,2.583,90.0,14.0,9,13500,5,1,1,False,0.763,0.4,1983.83,0.0,False,False,0.0,False,0.0,False,False,False,0.03,0.058,0.54,0.0,0.0,0.0,0.0,0.0,0.0,14.0,12.0,1.2348,1,77697,1:17.697,96746,96746,10967.904,0,2,25893,0.9484,False,False,Soft (S),0,1.0,0,-206.056,-10.112,710.64,0.519,-15.408,True,0,0,871.771,10967.904
1765362294,274.58,10969,1.0,0.0,1.0,0.018,7,-7.293,0.335,-75.923,0.432,-0.902,76.267,-1.01,0.252,0.424,3.052,0.016,-0.033,0.235,-0.016,-0.113,-0.027,83.7,88.1,92.9,88.2,98.5,99.5,0.0,28.59,5105.3,0.111,224.928,0.0,0.0,-0.0472,0.1764,0.0,14.0,0.0,0.0,0.0,75.2,70.7,67.0,71.0,90.7,99.5,0.0,27.36,3888.0,0.03,224.342,0.0,0.0,0.0526,0.1728,0.0,14.0,0.0,0.0,0.0,85.9,91.2,96.8,91.3,104.5,99.5,0.0,29.56,6129.9,0.235,228.23,0.0,0.0,-0.0524,0.1913,0.0,14.0,0.0,0.0,0.0,90.8,84.9,79.5,85.1,102.2,99.5,0.0,29.19,6010.5,0.151,227.608,0.0,0.0,0.0595,0.1822,0.0,14.0,0.0,0.0,0.0,36.597,2.588,90.0,14.0,9,13500,5,1,1,False,0.762,0.4,1988.2,0.0,False,False,0.0,False,0.0,False,False,False,0.028,0.057,0.54,0.0,0.0,0.0,0.0,0.0,0.0,14.0,12.0,1.2348,1,77796,1:17.796,96746,96746,10975.387,0,2,25893,0.9497,False,False,Soft (S),0,1.0,0,-206.83,-10.079,703.15,0.436,-15.405,True,0,0,879.254,10975.387
1765362294,276.03,11041,1.0,0.0,1.0,0.016,7,-6.469,0.299,-76.401,0.311,-0.855,76.669,-0.758,0.083,0.426,3.062,0.015,-0.033,0.236,-0.03,-0.1,-0.034,83.5,87.8,92.7,88.0,98.5,99.5,0.0,28.6,4930.0,0.101,226.07,0.0,0.0,-0.0496,0.1753,0.0,14.0,0.0,0.0,0.0,75.2,70.7,67.0,70.9,90.7,99.5,0.0,27.36,4142.4,0.02,225.601,0.0,0.0,0.0503,0.1747,0.0,14.0,0.0,0.0,0.0,85.9,91.1,96.8,91.2,104.5,99.5,0.0,29.56,5622.9,0.239,229.769,0.0,0.0,-0.0538,0.1882,0.0,14.0,0.0,0.0,0.0,90.8,84.9,79.5,85.0,102.2,99.5,0.0,29.2,5747.3,0.162,229.057,0.0,0.0,0.0563,0.1833,0.0,14.0,0.0,0.0,0.0,36.597,2.592,90.0,14.0,9,13500,5,1,1,False,0.761,0.4,1992.71,0.0,False,False,0.0,False,0.0,False,False,False,0.027,0.061,0.54,0.0,0.0,0.0,0.0,0.0,0.0,14.0,12.0,1.2348,1,77898,1:17.898,96746,96746,10983.309,0,2,25893,0.9511,False,False,Soft (S),0,1.0,0,-207.531,-10.044,695.382,0.382,-15.405,True,0,0,887.176,10983.309
1765362294,277.5,11074,1.0,0.0,1.0,0.01,7,-5.806,0.303,-76.864,0.259,-0.946,77.078,-0.66,0.31,0.503,3.07,0.016,-0.029,0.233,-0.11,-0.081,-0.013,83.3,87.6,92.4,87.8,98.5,99.5,0.0,28.6,5028.6,0.073,227.373,0.0,0.0,-0.0491,0.1789,0.0,14.0,0.0,0.0,0.0,75.1,70.7,67.0,70.9,90.8,99.5,0.0,27.36,4265.3,0.006,226.928,0.0,0.0,0.0528,0.1757,0.0,14.0,0.0,0.0,0.0,85.8,91.0,96.7,91.2,104.6,99.5,0.0,29.57,7187.4,0.21,230.281,0.0,0.0,-0.0525,0.1888,0.0,14.0,0.0,0.0,0.0,90.8,84.9,79.5,85.0,102.2,99.5,0.0,29.2,6899.8,0.157,229.925,0.0,0.0,0.0568,0.1836,0.0,14.0,0.0,0.0,0.0,36.597,2.596,90.0,14.0,9,13500,5,1,1,False,0.76,0.4,1997.21,0.0,False,False,0.0,False,0.0,False,False,False,0.024,0.06,0.54,0.0,0.0,0.0,0.0,0.0,0.0,14.0,12.0,1.2348,1,78000,1:18.000,96746,96746,10991.239,0,2,25893,0.9524,False,False,Soft (S),0,1.0,0,-208.157,-10.016,687.566,0.278,-15.405,True,0,0,895.106,10991.239
1765362294,278.87,11160,1.0,0.0,1.0,0.011,7,-5.268,0.461,-77.283,0.192,-0.851,77.459,-0.467,-0.02,0.407,3.076,0.017,-0.028,0.234,-0.059,-0.082,0.018,83.1,87.4,92.2,87.5,98.6,99.5,0.0,28.61,4337.3,0.07,228.364,0.0,0.0,-0.0486,0.179,0.0,14.0,0.0,0.0,0.0,75.1,70.7,66.9,70.9,90.8,99.5,0.0,27.36,4077.8,0.006,227.951,0.0,0.0,0.0527,0.175,0.0,14.0,0.0,0.0,0.0,85.7,91.0,96.6,91.1,104.6,99.5,0.0,29.57,5573.1,0.23,232.159,0.0,0.0,-0.0559,0.1894,0.0,14.0,0.0,0.0,0.0,90.8,84.9,79.5,85.0,102.2,99.5,0.0,29.2,5727.6,0.179,231.601,0.0,0.0,0.0567,0.186,0.0,14.0,0.0,0.0,0.0,36.597,2.6,90.0,14.0,9,13500,5,1,1,False,0.759,0.4,2001.59,0.0,False,False,0.0,False,0.0,False,False,False,0.024,0.061,0.54,0.0,0.0,0.0,0.0,0.0,0.0,14.0,12.0,1.2348,1,78099,1:18.099,96746,96746,10998.78,0,2,25893,0.9538,False,False,Soft (S),0,1.0,0,-208.705,-9.975,679.935,0.24,-15.405,True,0,0,902.647,10998.78
1765362294,280.37,11190,1.0,0.0,1.0,0.01,7,-4.736,0.489,-77.734,0.222,-0.95,77.874,-0.534,0.044,0.409,3.084,0.018,-0.024,0.234,-0.034,-0.067,-0.032,82.8,87.2,91.9,87.3,98.6,99.5,0.0,28.61,3658.3,0.069,229.49,0.0,0.0,-0.0497,0.1769,0.0,14.0,0.0,0.0,0.0,75.1,70.7,66.9,70.9,90.8,99.5,0.0,27.36,3537.5,0.007,229.15,0.0,0.0,0.0523,0.1748,0.0,14.0,0.0,0.0,0.0,85.7,90.9,96.5,91.0,104.6,99.5,0.0,29.58,6678.5,0.206,232.611,0.0,0.0,-0.0542,0.1906,0.0,14.0,0.0,0.0,0.0,90.7,84.9,79.4,85.0,102.3,99.5,0.0,29.2,6259.7,0.162,232.417,0.0,0.0,0.0582,0.1857,0.0,14.0,0.0,0.0,0.0,36.597,2.604,90.0,14.0,9,13500,5,1,1,False,0.758,0.4,2006.22,0.0,False,False,0.0,False,0.0,False,False,False,0.026,0.057,0.54,0.0,0.0,0.0,0.0,0.0,0.0,14.0,12.0,1.2348,1,78198,1:18.198,96746,96746,11006.466,0,2,25893,0.9551,False,False,Soft (S),0,1.0,0,-209.204,-9.93,672.263,0.195,-15.405,True,0,0,910.333,11006.466
1765362294,281.76,11236,1.0,0.0,1.0,0.009,7,-4.226,0.422,-78.152,0.173,-0.928,78.262,-0.538,-0.019,0.515,3.09,0.017,-0.022,0.235,0.036,-0.044,-0.006,82.6,86.9,91.7,87.1,98.6,99.5,0.0,28.61,3565.9,0.082,230.444,0.0,0.0,-0.0538,0.1745,0.0,14.0,0.0,0.0,0.0,75.1,70.6,66.9,70.9,90.8,99.5,0.0,27.36,3615.5,0.013,230.202,0.0,0.0,0.0521,0.1724,0.0,14.0,0.0,0.0,0.0,85.6,90.8,96.5,91.0,104.6,99.5,0.0,29.58,7464.4,0.236,233.462,0.0,0.0,-0.0708,0.1908,0.0,14.0,0.0,0.0,0.0,90.7,84.8,79.4,85.0,102.3,99.5,0.0,29.2,6652.5,0.182,233.462,0.0,0.0,0.0619,0.1849,0.0,14.0,0.0,0.0,0.0,36.597,2.607,90.0,14.0,9,13500,5,1,1,False,0.757,0.4,2010.71,0.0,False,False,0.0,False,0.0,False,False,False,0.031,0.058,0.54,0.0,0.0,0.0,0.0,0.0,0.0,14.0,12.0,1.2348,1,78306,1:18.306,96746,96746,11014.759,0,2,25893,0.9566,False,False,Soft (S),0,1.0,0,-209.69,-9.878,663.848,0.203,-15.405,True,0,0,918.626,11014.759
1765362294,283.13,11299,1.0,0.0,1.0,0.009,7,-3.817,0.306,-78.555,0.164,-0.999,78.642,-0.325,-0.144,0.317,3.095,0.017,-0.016,0.235,0.031,-0.042,-0.019,82.4,86.7,91.4,86.8,98.6,99.5,0.0,28.62,3924.1,0.079,231.539,0.0,0.0,-0.0532,0.1749,0.0,14.0,0.0,0.0,0.0,75.0,70.6,66.9,70.8,90.8,99.5,0.0,27.37,3908.9,0.012,231.351,0.0,0.0,0.0512,0.1731,0.0,14.0,0.0,0.0,0.0,85.5,90.7,96.4,90.9,104.6,99.5,0.0,29.58,6148.2,0.216,234.956,0.0,0.0,-0.0604,0.1915,0.0,14.0,0.0,0.0,0.0,90.7,84.8,79.4,85.0,102.3,99.5,0.0,29.21,6428.1,0.169,234.602,0.0,0.0,0.0606,0.1866,0.0,14.0,0.0,0.0,0.0,36.597,2.61,90.0,14.0,9,13500,5,1,1,False,0.756,0.4,2015.21,0.0,False,False,0.0,False,0.0,False,False,False,0.031,0.056,0.54,0.0,0.0,0.0,0.0,0.0,0.0,14.0,12.0,1.2348,1,78411,1:18.411,96746,96746,11023.067,0,2,25893,0.958,False,False,Soft (S),0,1.0,0,-210.112,-9.844,655.622,0.202,-15.405,True,0,0,926.934,11023.067
1765362295,284.47,11350,1.0,0.0,1.0,0.01,7,-3.421,0.487,-78.944,0.163,-0.972,79.014,-0.401,-0.29,0.384,3.101,0.018,-0.014,0.233,0.033,-0.043,-0.006,82.2,86.5,91.2,86.6,98.6,99.5,0.0,28.62,3807.6,0.068,232.608,0.0,0.0,-0.0493,0.1769,0.0,14.0,0.0,0.0,0.0,75.1,70.6,66.9,70.8,90.8,99.5,0.0,27.37,3087.8,0.009,232.396,0.0,0.0,0.0533,0.1744,0.0,14.0,0.0,0.0,0.0,85.4,90.7,96.3,90.8,104.7,99.5,0.0,29.59,6802.6,0.208,235.835,0.0,0.0,-0.058,0.1924,0.0,14.0,0.0,0.0,0.0,90.7,84.8,79.4,85.0,102.3,99.5,0.0,29.21,6287.1,0.179,235.835,0.0,0.0,0.0605,0.1899,0.0,14.0,0.0,0.0,0.0,36.597,2.613,90.0,14.0,9,13500,5,1,1,False,0.755,0.4,2019.69,0.0,False,False,0.0,False,0.0,False,False,False,0.03,0.056,0.54,0.0,0.0,0.0,0.0,0.0,0.0,14.0,12.0,1.2348,1,78513,1:18.513,96746,96746,11031.136,0,2,25893,0.9594,False,False,Soft (S),0,1.0,0,-210.479,-9.801,647.589,0.192,-15.405,True,0,0,935.003,11031.136
1765362295,285.77,11401,1.0,0.0,1.0,0.01,7,-3.05,0.311,-79.32,0.173,-0.953,79.374,-0.431,-0.043,0.355,3.105,0.016,-0.014,0.236,0.034,-0.044,-0.055,82.0,86.2,91.0,86.4,98.7,99.5,0.0,28.62,4296.3,0.078,233.691,0.0,0.0,-0.0518,0.1737,0.0,14.0,0.0,0.0,0.0,75.0,70.6,66.8,70.8,90.8,99.5,0.0,27.37,4003.8,0.014,233.472,0.0,0.0,0.0517,0.1738,0.0,14.0,0.0,0.0,0.0,85.3,90.6,96.2,90.7,104.7,99.5,0.0,29.59,6620.0,0.203,236.901,0.0,0.0,-0.0567,0.1887,0.0,14.0,0.0,0.0,0.0,90.7,84.8,79.4,84.9,102.3,99.5,0.0,29.21,5860.7,0.174,236.901,0.0,0.0,0.0597,0.1863,0.0,14.0,0.0,0.0,0.0,36.597,2.615,90.0,14.0,9,13500,5,1,1,False,0.754,0.4,2024.04,0.0,False,False,0.0,False,0.0,False,False,False,0.031,0.058,0.54,0.0,0.0,0.0,0.0,0.0,0.0,14.0,12.0,1.2348,1,78603,1:18.603,96746,96746,11037.854,0,2,25893,0.9606,False,False,Soft (S),0,1.0,0,-210.771,-9.765,640.468,0.217,-15.402,True,0,0,941.721,11037.854
1765362295,287.14,11442,1.0,0.0,1.0,0.011,7,-2.6,0.46,-79.718,0.164,-0.989,79.755,-0.452,0.649,0.371,3.111,0.018,-0.011,0.229,-0.083,-0.051,0.038,81.8,86.0,90.8,86.2,98.7,99.5,0.0,28.63,6143.1,0.068,235.058,0.0,0.0,-0.0505,0.1809,0.0,14.0,0.0,0.0,0.0,75.0,70.6,66.9,70.8,90.8,99.5,0.0,27.37,5055.4,0.009,234.78,0.0,0.0,0.0553,0.177,0.0,14.0,0.0,0.0,0.0,85.2,90.5,96.1,90.6,104.7,99.5,0.0,29.6,7440.9,0.199,237.859,0.0,0.0,-0.0581,0.1911,0.0,14.0,0.0,0.0,0.0,90.7,84.8,79.4,84.9,102.3,99.5,0.0,29.22,7253.0,0.159,237.658,0.0,0.0,0.0607,0.1886,0.0,14.0,0.0,0.0,0.0,36.597,2.618,90.0,14.0,9,13500,5,1,1,False,0.752,0.4,2028.78,0.0,False,False,0.0,False,0.0,False,False,False,0.021,0.057,0.54,0.0,0.0,0.0,0.0,0.0,0.0,14.0,12.0,1.2348,1,78720,1:18.720,96746,96746,11047.704,0,2,25893,0.9622,False,False,Soft (S),0,1.0,0,-211.104,-9.727,631.166,0.274,-15.405,True,0,0,951.571,11047.704
1765362295,288.37,11539,1.0,0.0,1.0,0.011,7,-2.167,0.761,-80.071,0.137,-0.813,80.099,-0.392,-0.371,0.251,3.116,0.02,-0.018,0.233,0.05,-0.06,0.014,81.6,85.8,90.5,86.0,98.7,99.5,0.0,28.63,4520.7,0.08,235.78,0.0,0.0,-0.0527,0.1765,0.0,14.0,0.0,0.0,0.0,75.1,70.6,66.9,70.8,90.9,99.5,0.0,27.38,4467.4,0.006,235.516,0.0,0.0,0.0529,0.1763,0.0,14.0,0.0,0.0,0.0,85.2,90.4,96.0,90.5,104.8,99.5,0.0,29.6,5062.3,0.225,239.77,0.0,0.0,-0.0591,0.1911,0.0,14.0,0.0,0.0,0.0,90.7,84.8,79.4,85.0,102.4,99.5,0.0,29.22,4545.6,0.198,239.77,0.0,0.0,0.0615,0.1909,0.0,14.0,0.0,0.0,0.0,36.597,2.62,90.0,14.0,9,13500,5,1,1,False,0.751,0.4,2033.26,0.0,False,False,0.0,False,0.0,False,False,False,0.027,0.057,0.54,0.0,0.0,0.0,0.0,0.0,0.0,14.0,12.0,1.2348,1,78819,1:18.819,96746,96746,11055.464,0,2,25893,0.9636,False,False,Soft (S),0,1.0,0,-211.339,-9.658,623.256,0.258,-15.405,True,0,0,959.331,11055.464
1765362295,289.61,11598,1.0,0.0,1.0,0.01,7,-1.77,0.651,-80.424,0.177,-0.814,80.442,-0.374,-0.252,0.202,3.122,0.018,-0.014,0.234,0.102,-0.04,0.024,81.4,85.6,90.3,85.7,98.7,99.5,0.0,28.64,5703.1,0.082,236.711,0.0,0.0,-0.0503,0.176,0.0,14.0,0.0,0.0,0.0,75.0,70.6,66.8,70.8,90.9,99.5,0.0,27.38,5180.4,0.017,236.524,0.0,0.0,0.0547,0.1732,0.0,14.0,0.0,0.0,0.0,85.1,90.3,95.9,90.5,104.8,99.5,0.0,29.6,4564.0,0.235,240.989,0.0,0.0,-0.0593,0.1913,0.0,14.0,0.0,0.0,0.0,90.7,84.8,79.4,84.9,102.4,99.5,0.0,29.22,4291.0,0.212,240.989,0.0,0.0,0.0651,0.1881,0.0,14.0,0.0,0.0,0.0,36.597,2.622,90.0,14.0,9,13500,5,1,1,False,0.75,0.4,2037.73,0.0,False,False,0.0,False,0.0,False,False,False,0.027,0.06,0.54,0.0,0.0,0.0,0.0,0.0,0.0,14.0,12.0,1.2348,1,78924,1:18.924,96746,96746,11063.482,0,2,25893,0.9651,False,False,Soft (S),0,1.0,0,-211.545,-9.584,614.829,0.274,-15.402,True,0,0,967.349,11063.482
1765362295,290.85,11594,1.0,0.0,1.0,0.007,7,-1.402,0.625,-80.777,0.153,-0.929,80.786,-0.361,0.165,0.325,3.126,0.019,-0.014,0.232,0.057,-0.031,-0.023,81.1,85.4,90.1,85.5,98.7,99.5,0.0,28.64,5298.6,0.073,237.738,0.0,0.0,-0.0513,0.1758,0.0,14.0,0.0,0.0,0.0,75.0,70.6,66.8,70.8,90.9,99.5,0.0,27.38,4972.3,0.019,237.58,0.0,0.0,0.0542,0.1749,0.0,14.0,0.0,0.0,0.0,85.0,90.2,95.8,90.4,104.8,99.5,0.0,29.61,6489.6,0.201,240.964,0.0,0.0,-0.0591,0.1913,0.0,14.0,0.0,0.0,0.0,90.7,84.8,79.3,84.9,102.4,99.5,0.0,29.23,6269.2,0.174,240.856,0.0,0.0,0.0617,0.1897,0.0,14.0,0.0,0.0,0.0,36.597,2.624,90.0,14.0,9,13500,5,1,1,False,0.749,0.4,2042.07,0.0,False,False,0.0,False,0.0,False,False,False,0.027,0.055,0.54,0.0,0.0,0.0,0.0,0.0,0.0,14.0,12.0,1.2348,1,79023,1:19.023,96746,96746,11071.865,0,2,25893,0.9665,False,False,Soft (S),0,1.0,0,-211.701,-9.526,606.85,0.221,-15.402,True,0,0,975.732,11071.865
1765362295,292.02,11668,1.0,0.0,1.0,0.006,7,-1.108,0.619,-81.106,0.137,-0.92,81.111,-0.266,-0.281,0.287,3.13,0.019,-0.012,0.234,0.031,-0.028,-0.012,80.9,85.2,89.8,85.3,98.8,99.5,0.0,28.64,4716.5,0.068,238.704,0.0,0.0,-0.0527,0.1759,0.0,14.0,0.0,0.0,0.0,75.0,70.5,66.8,70.8,90.9,99.5,0.0,27.39,4079.4,0.027,238.535,0.0,0.0,0.0564,0.1747,0.0,14.0,0.0,0.0,0.0,84.9,90.1,95.8,90.3,104.8,99.5,0.0,29.61,5650.1,0.215,242.453,0.0,0.0,-0.0591,0.1901,0.0,14.0,0.0,0.0,0.0,90.6,84.7,79.3,84.9,102.4,99.5,0.0,29.23,5410.3,0.197,242.453,0.0,0.0,0.0627,0.1883,0.0,14.0,0.0,0.0,0.0,36.597,2.626,90.0,14.0,9,13500,5,1,1,False,0.748,0.4,2046.54,0.0,False,False,0.0,False,0.0,False,False,False,0.028,0.058,0.54,0.0,0.0,0.0,0.0,0.0,0.0,14.0,12.0,1.2348,1,79128,1:19.128,96746,96746,11080.373,0,2,25893,0.9679,False,False,Soft (S),0,1.0,0,-211.831,-9.459,598.35,0.171,-15.405,True,0,0,984.24,11080.373
1765362295,293.28,11704,1.0,0.0,1.0,0.005,7,-0.839,0.62,-81.461,0.114,-0.959,81.462,-0.237,-0.043,0.358,3.133,0.019,-0.012,0.233,-0.01,-0.032,-0.029,80.7,84.9,89.6,85.1,98.8,99.5,0.0,28.65,4717.0,0.067,239.804,0.0,0.0,-0.0545,0.1764,0.0,14.0,0.0,0.0,0.0,75.0,70.5,66.8,70.8,90.9,99.5,0.0,27.39,4253.8,0.028,239.617,0.0,0.0,0.0566,0.1762,0.0,14.0,0.0,0.0,0.0,84.8,90.0,95.7,90.2,104.9,99.5,0.0,29.62,6401.4,0.212,243.184,0.0,0.0,-0.0622,0.1895,0.0,14.0,0.0,0.0,0.0,90.6,84.7,79.3,84.9,102.5,99.5,0.0,29.23,6250.9,0.192,243.184,0.0,0.0,0.0649,0.1885,0.0,14.0,0.0,0.0,0.0,36.597,2.628,90.0,14.0,9,13500,5,1,1,False,0.747,0.4,2051.27,0.0,False,False,0.0,False,0.0,False,False,False,0.026,0.058,0.54,0.0,0.0,0.0,0.0,0.0,0.0,14.0,12.0,1.2348,1,79233,1:19.233,96746,96746,11088.894,0,2,25893,0.9694,False,False,Soft (S),0,1.0,0,-211.933,-9.396,589.814,0.162,-15.402,True,0,0,992.761,11088.894
1765362295,294.47,11734,1.0,0.0,1.0,0.004,7,-0.603,0.559,-81.792,0.112,-1.012,81.79,-0.221,0.011,0.378,3.136,0.019,-0.01,0.233,-0.015,-0.028,-0.048,80.5,84.7,89.4,84.9,98.8,99.5,0.0,28.65,4208.3,0.068,240.747,0.0,0.0,-0.0557,0.1753,0.0,14.0,0.0,0.0,0.0,75.0,70.5,66.8,70.8,91.0,99.5,0.0,27.4,4448.6,0.028,240.59,0.0,0.0,0.0546,0.1761,0.0,14.0,0.0,0.0,0.0,84.7,90.0,95.6,90.1,104.9,99.5,0.0,29.62,7156.5,0.202,243.81,0.0,0.0,-0.0609,0.1895,0.0,14.0,0.0,0.0,0.0,90.6,84.7,79.3,84.9,102.5,99.5,0.0,29.24,6984.7,0.179,243.81,0.0,0.0,0.0625,0.1878,0.0,14.0,0.0,0.0,0.0,36.597,2.629,90.0,14.0,9,13500,5,1,1,False,0.746,0.4,2055.74,0.0,False,False,0.0,False,0.0,False,False,False,0.028,0.057,0.54,0.0,0.0,0.0,0.0,0.0,0.0,14.0,12.0,1.2348,1,79332,1:19.332,96746,96746,11097.064,0,2,25893,0.9708,False,False,Soft (S),0,1.0,0,-212.004,-9.337,581.733,0.138,-15.405,True,0,0,1000.931,11097.064
1765362295,295.62,11782,1.0,0.0,1.0,0.005,7,-0.369,0.507,-82.113,0.112,-0.993,82.109,-0.245,-0.031,0.361,3.139,0.018,-0.005,0.233,0.001,-0.028,-0.047,80.3,84.5,89.1,84.6,98.8,99.5,0.0,28.65,4539.5,0.071,241.649,0.0,0.0,-0.0563,0.1754,0.0,14.0,0.0,0.0,0.0,75.0,70.5,66.8,70.8,91.0,99.5,0.0,27.4,4470.8,0.028,241.495,0.0,0.0,0.0544,0.1755,0.0,14.0,0.0,0.0,0.0,84.6,89.9,95.5,90.0,104.9,99.5,0.0,29.62,7031.5,0.203,244.806,0.0,0.0,-0.0619,0.1901,0.0,14.0,0.0,0.0,0.0,90.6,84.7,79.3,84.8,102.5,99.5,0.0,29.24,6661.6,0.185,244.806,0.0,0.0,0.0639,0.1873,0.0,14.0,0.0,0.0,0.0,36.597,2.631,90.0,14.0,9,13500,5,1,1,False,0.745,0.4,2060.21,0.0,False,False,0.0,False,0.0,False,False,False,0.028,0.056,0.54,0.0,0.0,0.0,0.0,0.0,0.0,14.0,12.0,1.2348,1,79437,1:19.437,96746,96746,11105.672,0,2,25893,0.9723,False,False,Soft (S),0,1.0,0,-212.055,-9.279,573.128,0.157,-15.405,True,0,0,1009.539,11105.672
1765362296,296.77,11818,1.0,0.0,1.0,0.006,7,-0.104,0.566,-82.433,0.09,-0.972,82.429,-0.306,0.318,0.27,3.141,0.019,-0.003,0.231,0.034,-0.025,-0.009,80.1,84.3,88.9,84.4,98.8,99.5,0.0,28.65,4345.6,0.067,242.526,0.0,0.0,-0.056,0.1767,0.0,14.0,0.0,0.0,0.0,75.0,70.5,66.8,70.7,91.0,99.5,0.0,27.4,3786.1,0.025,242.378,0.0,0.0,0.0556,0.1757,0.0,14.0,0.0,0.0,0.0,84.6,89.8,95.4,89.9,104.9,99.5,0.0,29.63,6961.1,0.2,245.564,0.0,0.0,-0.0652,0.1923,0.0,14.0,0.0,0.0,0.0,90.6,84.7,79.3,84.8,102.5,99.5,0.0,29.25,6714.8,0.179,245.564,0.0,0.0,0.065,0.1904,0.0,14.0,0.0,0.0,0.0,36.597,2.632,90.0,14.0,9,13500,5,1,1,False,0.744,0.4,2064.67,0.0,False,False,0.0,False,0.0,False,False,False,0.027,0.053,0.54,0.0,0.0,0.0,0.0,0.0,0.0,14.0,12.0,1.2348,1,79539,1:19.539,96746,96746,11113.814,0,2,25893,0.9738,False,False,Soft (S),0,1.0,0,-212.079,-9.225,564.736,0.166,-15.405,True,0,0,1017.681,11113.814
1765362296,297.82,11867,1.0,0.0,1.0,0.004,7,0.151,0.466,-82.725,0.1,-1.03,82.72,-0.216,0.257,0.388,-3.139,0.018,-0.002,0.231,-0.085,-0.033,0.016,79.9,84.1,88.7,84.2,98.8,99.5,0.0,28.66,3888.9,0.053,243.525,0.0,0.0,-0.056,0.1796,0.0,14.0,0.0,0.0,0.0,75.0,70.5,66.8,70.7,91.0,99.5,0.0,27.41,3834.1,0.02,243.439,0.0,0.0,0.0521,0.1773,0.0,14.0,0.0,0.0,0.0,84.4,89.7,95.3,89.8,104.9,99.5,0.0,29.63,7170.4,0.211,246.686,0.0,0.0,-0.0646,0.1892,0.0,14.0,0.0,0.0,0.0,90.5,84.6,79.2,84.8,102.6,99.5,0.0,29.25,7302.5,0.17,246.465,0.0,0.0,0.06,0.1886,0.0,14.0,0.0,0.0,0.0,36.597,2.633,90.0,14.0,9,13500,5,1,1,False,0.743,0.4,2069.01,0.0,False,False,0.0,False,0.0,False,False,False,0.023,0.058,0.54,0.0,0.0,0.0,0.0,0.0,0.0,14.0,12.0,1.2348,1,79638,1:19.638,96746,96746,11122.104,0,2,25893,0.9752,False,False,Soft (S),0,1.0,0,-212.076,-9.178,556.561,0.123,-15.402,True,0,0,1025.971,11122.104
1765362296,298.91,11904,1.0,0.0,1.0,0.005,7,0.431,0.495,-83.029,0.1,-1.027,83.025,-0.446,0.349,0.368,-3.135,0.018,0.002,0.228,-0.088,-0.032,0.001,79.7,83.9,88.5,84.0,98.9,99.5,0.0,28.66,6828.5,0.067,244.564,0.0,0.0,-0.0595,0.1812,0.0,14.0,0.0,0.0,0.0,74.9,70.5,66.8,70.7,91.1,99.5,0.0,27.41,5641.9,0.033,244.286,0.0,0.0,0.0571,0.1778,0.0,14.0,0.0,0.0,0.0,84.4,89.6,95.2,89.7,105.0,99.5,0.0,29.64,8196.8,0.199,247.298,0.0,0.0,-0.0635,0.1915,0.0,14.0,0.0,0.0,0.0,90.5,84.6,79.2,84.8,102.6,99.5,0.0,29.25,7150.0,0.18,247.397,0.0,0.0,0.0622,0.1884,0.0,14.0,0.0,0.0,0.0,36.597,2.634,90.0,14.0,9,13500,5,1,1,False,0.742,0.4,2073.47,0.0,False,False,0.0,False,0.0,False,False,False,0.021,0.057,0.54,0.0,0.0,0.0,0.0,0.0,0.0,14.0,12.0,1.2348,1,79743,1:19.743,96746,96746,11130.787,0,2,25893,0.9767,False,False,Soft (S),0,1.0,0,-212.045,-9.127,547.858,0.207,-15.402,True,0,0,1034.654,11130.787
1765362296,300.23,11954,1.0,0.0,1.0,0.006,7,0.778,0.326,-83.392,0.113,-1.121,83.389,-0.342,0.225,0.397,-3.131,0.017,0.006,0.231,-0.135,-0.045,-0.064,79.4,83.6,88.2,83.7,98.9,99.5,0.0,28.66,5584.3,0.055,245.673,0.0,0.0,-0.0513,0.1787,0.0,14.0,0.0,0.0,0.0,74.9,70.5,66.7,70.7,91.1,99.5,0.0,27.42,4405.6,0.019,245.358,0.0,0.0,0.0528,0.1776,0.0,14.0,0.0,0.0,0.0,84.2,89.5,95.1,89.6,105.0,99.5,0.0,29.64,7788.6,0.194,248.527,0.0,0.0,-0.059,0.1894,0.0,14.0,0.0,0.0,0.0,90.5,84.6,79.2,84.7,102.6,99.5,0.0,29.26,7793.3,0.165,248.247,0.0,0.0,0.0581,0.1857,0.0,14.0,0.0,0.0,0.0,36.597,2.636,90.0,14.0,9,13500,5,1,1,False,0.741,0.397,2078.98,0.0,False,False,0.0,False,0.0,False,False,False,0.024,0.058,0.54,0.0,0.0,0.0,0.0,0.0,0.0,14.0,12.0,1.2348,1,79866,1:19.866,96746,96746,11140.741,0,2,25893,0.9785,False,False,Soft (S),0,1.0,0,-211.97,-9.071,537.622,0.178,-15.405,True,0,0,1044.608,11140.741
1765362296,301.03,12185,1.0,0.0,1.0,0.006,7,1.109,0.385,-83.611,0.131,-0.736,83.616,-0.265,-1.265,0.124,-3.127,0.013,0.008,0.238,-0.088,-0.074,-0.13,79.2,83.4,87.9,83.5,98.9,99.5,0.0,28.66,3658.7,0.056,246.163,0.0,0.0,-0.0546,0.1773,0.0,14.0,0.0,0.0,0.0,74.9,70.4,66.7,70.7,91.1,99.5,0.0,27.42,3342.0,0.008,245.873,0.0,0.0,0.0463,0.1834,0.0,14.0,0.0,0.0,0.0,84.1,89.4,95.0,89.5,105.0,99.5,0.0,29.64,3366.3,0.316,253.282,0.0,0.0,-0.0544,0.1841,0.0,14.0,0.0,0.0,0.0,90.5,84.5,79.1,84.7,102.6,99.5,0.0,29.26,3340.4,0.309,253.111,0.0,0.0,0.0538,0.1822,0.0,14.0,0.0,0.0,0.0,36.597,2.637,90.0,14.0,9,13500,5,1,1,False,0.739,0.338,2083.33,0.0,False,False,0.0,False,0.0,False,False,False,0.019,0.064,0.54,0.0,0.0,0.0,0.0,0.0,0.0,14.0,12.0,1.2348,1,79968,1:19.968,96746,96746,11149.202,0,2,25893,0.98,False,False,Soft (S),0,1.0,0,-211.873,-9.017,529.102,0.195,-15.402,True,0,0,1053.069,11149.202
1765362296,301.7,10732,1.0,0.0,1.0,0.007,8,1.447,0.423,-83.792,0.102,-0.926,83.8,-0.411,0.298,0.024,-3.123,0.016,0.013,0.227,0.007,-0.021,-0.027,79.0,83.2,87.7,83.3,98.9,99.5,0.0,28.67,6569.9,0.072,246.549,0.0,0.0,-0.0547,0.1782,0.0,14.0,0.0,0.0,0.0,74.9,70.4,66.7,70.7,91.2,99.5,0.0,27.43,6138.5,0.003,246.606,0.0,0.0,0.048,0.1841,0.0,14.0,0.0,0.0,0.0,84.1,89.3,94.9,89.4,105.1,99.5,0.0,29.65,5897.6,0.186,249.617,0.0,0.0,-0.0579,0.1949,0.0,14.0,0.0,0.0,0.0,90.4,84.5,79.1,84.7,102.7,99.5,0.0,29.27,4951.8,0.179,249.878,0.0,0.0,0.0617,0.1916,0.0,14.0,0.0,0.0,0.0,36.597,2.626,90.0,14.0,9,13500,5,1,1,False,0.739,0.038,2084.33,0.0,False,False,0.0,False,0.0,False,False,False,0.02,0.05,0.54,0.0,0.0,0.0,0.0,0.0,0.0,14.0,12.0,1.2348,1,80079,1:20.079,96746,96746,11159.004,0,2,25893,0.9816,False,False,Soft (S),0,1.0,0,-211.733,-8.981,519.811,0.329,-15.402,True,0,0,1062.871,11159.004
1765362296,302.05,10882,1.0,0.0,1.0,0.006,8,1.663,0.327,-83.885,0.06,-0.659,83.899,-0.061,-1.018,-0.127,-3.121,0.012,0.01,0.238,0.094,-0.027,0.088,78.8,82.9,87.5,83.1,98.9,99.5,0.0,28.67,5777.1,0.068,246.72,0.0,0.0,-0.0504,0.1761,0.0,14.0,0.0,0.0,0.0,74.9,70.4,66.7,70.7,91.2,99.5,0.0,27.43,5738.4,0.021,246.642,0.0,0.0,0.0502,0.1759,0.0,14.0,0.0,0.0,0.0,83.9,89.1,94.7,89.3,105.1,99.5,0.0,29.65,2123.8,0.332,254.509,0.0,0.0,-0.0573,0.185,0.0,14.0,0.0,0.0,0.0,90.4,84.5,79.1,84.6,102.7,99.5,0.0,29.27,2982.8,0.229,251.971,0.0,0.0,0.0534,0.1871,0.0,14.0,0.0,0.0,0.0,36.597,2.628,90.0,14.0,9,13500,5,1,1,False,0.74,0.005,2084.51,0.0,False,False,0.0,False,0.0,False,False,False,0.025,0.069,0.54,0.0,0.0,0.0,0.0,0.0,0.0,14.0,12.0,1.2348,1,80190,1:20.190,96746,96746,11168.341,0,2,25893,0.9832,False,False,Soft (S),0,1.0,0,-211.559,-8.926,510.503,0.205,-15.402,True,0,0,1072.208,11168.341
1765362296,302.72,10738,1.0,0.0,1.0,0.007,8,1.844,0.503,-84.068,0.04,-1.027,84.083,-0.143,0.061,0.093,-3.119,0.018,0.007,0.227,0.129,-0.01,-0.01,78.6,82.8,87.3,82.9,98.9,99.5,0.0,28.67,4847.3,0.055,247.124,0.0,0.0,-0.0514,0.1772,0.0,14.0,0.0,0.0,0.0,74.9,70.4,66.7,70.7,91.2,99.5,0.0,27.44,5502.4,0.026,247.081,0.0,0.0,0.0552,0.1777,0.0,14.0,0.0,0.0,0.0,83.8,89.1,94.7,89.2,105.1,99.5,0.0,29.66,6425.7,0.181,249.934,0.0,0.0,-0.0637,0.1986,0.0,14.0,0.0,0.0,0.0,90.4,84.5,79.1,84.6,102.7,99.5,0.0,29.28,6573.9,0.169,249.854,0.0,0.0,0.0628,0.1983,0.0,14.0,0.0,0.0,0.0,36.597,2.63,90.0,14.0,9,13500,5,1,1,False,0.74,0.001,2084.53,0.0,False,False,0.0,False,0.0,False,False,False,0.025,0.046,0.54,0.0,0.0,0.0,0.0,0.0,0.0,14.0,12.0,1.2348,1,80292,1:20.292,96746,96746,11176.825,0,2,25893,0.9847,False,False,Soft (S),0,1.0,0,-211.379,-8.893,501.936,0.119,-15.402,True,0,0,1080.692,11176.825
1765362296,303.2,10778,1.0,0.0,1.0,0.011,8,2.043,0.532,-84.195,0.08,-0.918,84.216,-0.254,-0.357,0.055,-3.116,0.017,0.009,0.231,0.103,-0.03,-0.003,78.4,82.6,87.1,82.7,98.9,99.5,0.0,28.67,4690.7,0.067,247.586,0.0,0.0,-0.0508,0.1771,0.0,14.0,0.0,0.0,0.0,74.9,70.4,66.7,70.7,91.3,99.5,0.0,27.44,4619.2,0.006,247.455,0.0,0.0,0.0503,0.1765,0.0,14.0,0.0,0.0,0.0,83.7,88.9,94.5,89.0,105.1,99.5,0.0,29.66,5286.1,0.193,250.832,0.0,0.0,-0.0598,0.1942,0.0,14.0,0.0,0.0,0.0,90.3,84.4,79.0,84.6,102.8,99.5,0.0,29.28,5249.6,0.172,250.832,0.0,0.0,0.0601,0.1927,0.0,14.0,0.0,0.0,0.0,36.597,2.631,90.0,14.0,9,13500,5,1,1,False,0.74,0.0,2084.54,0.0,False,False,0.0,False,0.0,False,False,False,0.026,0.054,0.54,0.0,0.0,0.0,0.0,0.0,0.0,14.0,12.0,1.2348,1,80397,1:20.397,96746,96746,11185.671,0,2,25893,0.9862,False,False,Soft (S),0,1.0,0,-211.175,-8.838,493.102,0.227,-15.402,True,0,0,1089.538,11185.671
1765362297,303.73,10778,1.0,0.0,1.0,0.012,8,2.468,0.374,-84.331,0.182,-1.012,84.362,-0.466,0.107,0.144,-3.11,0.016,0.014,0.231,-0.012,-0.062,-0.041,78.2,82.3,86.8,82.5,99.0,99.5,0.0,28.67,5305.6,0.068,248.318,0.0,0.0,-0.0478,0.1784,0.0,14.0,0.0,0.0,0.0,74.9,70.4,66.7,70.7,91.3,99.5,0.0,27.45,4709.1,0.004,247.978,0.0,0.0,0.0519,0.177,0.0,14.0,0.0,0.0,0.0,83.6,88.8,94.4,88.9,105.2,99.5,0.0,29.67,7127.1,0.19,250.932,0.0,0.0,-0.0573,0.192,0.0,14.0,0.0,0.0,0.0,90.3,84.4,78.9,84.5,102.8,99.5,0.0,29.28,6802.6,0.149,250.72,0.0,0.0,0.0595,0.1885,0.0,14.0,0.0,0.0,0.0,36.597,2.633,90.0,14.0,9,13500,5,1,1,False,0.74,0.0,2084.54,0.0,False,False,0.0,False,0.0,False,False,False,0.024,0.055,0.54,0.0,0.0,0.0,0.0,0.0,0.0,14.0,12.0,1.2348,1,80508,1:20.508,96746,96746,11194.813,0,2,25893,0.9878,False,False,Soft (S),0,1.0,0,-210.927,-8.794,483.749,0.275,-15.402,True,0,0,1098.68,11194.813
1765362297,304.15,10804,1.0,0.0,1.0,0.012,8,2.952,0.454,-84.435,0.217,-0.961,84.482,-0.503,-0.108,0.118,-3.104,0.017,0.015,0.231,0.008,-0.06,0.02,78.0,82.1,86.6,82.3,99.0,99.5,0.0,28.68,5247.7,0.074,248.604,0.0,0.0,-0.0487,0.1792,0.0,14.0,0.0,0.0,0.0,74.9,70.4,66.7,70.7,91.3,99.5,0.0,27.45,4505.7,0.005,248.298,0.0,0.0,0.0537,0.1763,0.0,14.0,0.0,0.0,0.0,83.5,88.7,94.3,88.8,105.2,99.5,0.0,29.67,6383.4,0.2,251.518,0.0,0.0,-0.057,0.1923,0.0,14.0,0.0,0.0,0.0,90.2,84.3,78.9,84.5,102.8,99.5,0.0,29.29,6045.8,0.151,251.336,0.0,0.0,0.0592,0.1894,0.0,14.0,0.0,0.0,0.0,36.597,2.634,90.0,14.0,9,13500,5,1,1,False,0.74,0.0,2084.54,0.0,False,False,0.0,False,0.0,False,False,False,0.025,0.057,0.54,0.0,0.0,0.0,0.0,0.0,0.0,14.0,12.0,1.2348,1,80607,1:20.607,96746,96746,11203.379,0,2,25893,0.9893,False,False,Soft (S),0,1.0,0,-210.659,-8.751,475.395,0.293,-15.402,True,0,0,1107.246,11203.379
1765362297,304.61,10811,1.0,0.0,1.0,0.01,8,3.476,0.44,-84.541,0.217,-0.984,84.608,-0.516,-0.01,0.139,-3.098,0.017,0.013,0.231,0.005,-0.055,0.043,77.8,81.9,86.4,82.1,99.0,99.5,0.0,28.68,5018.7,0.077,248.958,0.0,0.0,-0.0523,0.1792,0.0,14.0,0.0,0.0,0.0,74.9,70.4,66.7,70.7,91.3,99.5,0.0,27.46,4366.5,0.004,248.686,0.0,0.0,0.0535,0.1757,0.0,14.0,0.0,0.0,0.0,83.4,88.6,94.1,88.7,105.2,99.5,0.0,29.67,6804.7,0.201,251.752,0.0,0.0,-0.059,0.1915,0.0,14.0,0.0,0.0,0.0,90.2,84.3,78.9,84.4,102.8,99.5,0.0,29.29,6693.9,0.147,251.455,0.0,0.0,0.0591,0.1897,0.0,14.0,0.0,0.0,0.0,36.597,2.635,90.0,14.0,9,13500,5,1,1,False,0.74,0.0,2084.54,0.0,False,False,0.0,False,0.0,False,False,False,0.025,0.057,0.54,0.0,0.0,0.0,0.0,0.0,0.0,14.0,12.0,1.2348,1,80715,1:20.715,96746,96746,11212.438,0,2,25893,0.9909,False,False,Soft (S),0,1.0,0,-210.312,-8.703,466.27,0.283,-15.399,True,0,0,1116.305,11212.438
1765362297,305.04,10831,1.0,0.0,1.0,0.009,8,3.981,0.302,-84.64,0.201,-1.019,84.728,-0.49,0.109,0.147,-3.092,0.016,0.013,0.231,-0.053,-0.062,-0.015,77.6,81.7,86.2,81.8,99.0,99.5,0.0,28.68,5589.8,0.073,249.449,0.0,0.0,-0.053,0.1794,0.0,14.0,0.0,0.0,0.0,74.9,70.4,66.7,70.7,91.4,99.5,0.0,27.46,4796.6,0.008,249.115,0.0,0.0,0.0538,0.1769,0.0,14.0,0.0,0.0,0.0,83.2,88.4,94.0,88.6,105.2,99.5,0.0,29.68,6891.5,0.197,252.172,0.0,0.0,-0.058,0.1902,0.0,14.0,0.0,0.0,0.0,90.1,84.2,78.8,84.4,102.9,99.5,0.0,29.3,6597.0,0.149,251.946,0.0,0.0,0.0589,0.1876,0.0,14.0,0.0,0.0,0.0,36.597,2.636,90.0,14.0,9,13500,5,1,1,False,0.74,0.0,2084.54,0.0,False,False,0.0,False,0.0,False,False,False,0.023,0.058,0.54,0.0,0.0,0.0,0.0,0.0,0.0,14.0,12.0,1.2348,1,80814,1:20.814,96746,96746,11220.89,0,2,25893,0.9923,False,False,Soft (S),0,1.0,0,-209.941,-8.667,457.895,0.273,-15.402,True,0,0,1124.757,11220.89
1765362297,305.48,10857,1.0,0.0,1.0,0.01,8,4.458,0.41,-84.736,0.165,-0.928,84.849,-0.382,-0.353,0.122,-3.087,0.016,0.013,0.232,0.026,-0.055,-0.036,77.4,81.5,86.0,81.6,99.0,99.5,0.0,28.68,4495.6,0.073,249.615,0.0,0.0,-0.0526,0.1776,0.0,14.0,0.0,0.0,0.0,74.9,70.4,66.7,70.7,91.4,99.5,0.0,27.46,4191.6,0.005,249.328,0.0,0.0,0.0526,0.1771,0.0,14.0,0.0,0.0,0.0,83.1,88.3,93.9,88.5,105.3,99.5,0.0,29.68,5933.1,0.206,252.768,0.0,0.0,-0.0609,0.1929,0.0,14.0,0.0,0.0,0.0,90.1,84.2,78.8,84.4,102.9,99.5,0.0,29.3,5755.6,0.165,252.55,0.0,0.0,0.0613,0.1897,0.0,14.0,0.0,0.0,0.0,36.597,2.637,90.0,14.0,9,13500,5,1,1,False,0.741,0.0,2084.54,0.0,False,False,0.0,False,0.0,False,False,False,0.026,0.055,0.54,0.0,0.0,0.0,0.0,0.0,0.0,14.0,12.0,1.2348,1,80916,1:20.916,96746,96746,11229.385,0,2,25893,0.9938,False,False,Soft (S),0,1.0,0,-209.509,-8.625,449.257,0.242,-15.399,True,0,0,1133.252,11229.385
1765362297,305.92,10854,1.0,0.0,1.0,0.009,8,4.863,0.389,-84.837,0.149,-0.999,84.971,-0.474,0.201,0.096,-3.083,0.016,0.014,0.229,0.016,-0.042,0.01,77.3,81.3,85.8,81.4,99.0,99.5,0.0,28.69,5593.7,0.077,249.98,0.0,0.0,-0.0518,0.1791,0.0,14.0,0.0,0.0,0.0,74.9,70.4,66.7,70.7,91.4,99.5,0.0,27.47,4942.9,0.002,249.77,0.0,0.0,0.054,0.1773,0.0,14.0,0.0,0.0,0.0,83.0,88.2,93.8,88.3,105.3,99.5,0.0,29.68,6966.0,0.19,252.673,0.0,0.0,-0.06,0.1935,0.0,14.0,0.0,0.0,0.0,90.0,84.2,78.8,84.3,102.9,99.5,0.0,29.31,6722.1,0.156,252.533,0.0,0.0,0.0613,0.1908,0.0,14.0,0.0,0.0,0.0,36.597,2.638,90.0,14.0,9,13500,5,1,1,False,0.741,0.0,2084.54,0.0,False,False,0.0,False,0.0,False,False,False,0.023,0.054,0.54,0.0,0.0,0.0,0.0,0.0,0.0,14.0,12.0,1.2348,1,81012,1:21.012,96746,96746,11237.752,0,2,25893,0.9952,False,False,Soft (S),0,1.0,0,-209.062,-8.593,441.117,0.311,-15.399,True,0,0,1141.619,11237.752
1765362297,306.34,10883,1.0,0.0,1.0,0.008,8,5.203,0.347,-84.935,0.131,-0.964,85.089,-0.308,-0.114,0.118,-3.079,0.015,0.015,0.232,0.006,-0.028,-0.002,77.1,81.1,85.5,81.2,99.0,99.5,0.0,28.69,5476.4,0.066,250.309,0.0,0.0,-0.0515,0.1782,0.0,14.0,0.0,0.0,0.0,74.9,70.4,66.7,70.7,91.5,99.5,0.0,27.47,4978.1,0.015,250.143,0.0,0.0,0.0538,0.1768,0.0,14.0,0.0,0.0,0.0,82.9,88.1,93.7,88.2,105.3,99.5,0.0,29.69,6264.6,0.192,253.272,0.0,0.0,-0.059,0.1914,0.0,14.0,0.0,0.0,0.0,90.0,84.1,78.7,84.3,102.9,99.5,0.0,29.31,5971.0,0.169,253.272,0.0,0.0,0.0611,0.1894,0.0,14.0,0.0,0.0,0.0,36.597,2.639,90.0,14.0,9,13500,5,1,1,False,0.741,0.0,2084.54,0.0,False,False,0.0,False,0.0,False,False,False,0.025,0.056,0.54,0.0,0.0,0.0,0.0,0.0,0.0,14.0,12.0,1.2348,1,81111,1:21.111,96746,96746,11245.513,0,2,25893,0.9967,False,False,Soft (S),0,1.0,0,-208.579,-8.554,432.969,0.219,-15.402,True,0,0,1149.38,11245.513
1765362297,306.76,10895,1.0,0.0,1.0,0.01,8,5.543,0.371,-85.03,0.151,-0.977,85.205,-0.389,-0.059,0.144,-3.075,0.016,0.017,0.231,-0.03,-0.056,-0.022,76.9,80.9,85.3,81.1,99.1,99.5,0.0,28.69,5189.3,0.067,250.764,0.0,0.0,-0.0516,0.1793,0.0,14.0,0.0,0.0,0.0,74.9,70.4,66.7,70.7,91.5,99.5,0.0,27.48,4707.3,0.007,250.46,0.0,0.0,0.0545,0.1779,0.0,14.0,0.0,0.0,0.0,82.8,88.0,93.5,88.1,105.3,99.5,0.0,29.69,6647.0,0.195,253.557,0.0,0.0,-0.0585,0.1918,0.0,14.0,0.0,0.0,0.0,89.9,84.1,78.7,84.2,103.0,99.5,0.0,29.31,6312.6,0.163,253.557,0.0,0.0,0.0614,0.1896,0.0,14.0,0.0,0.0,0.0,36.597,2.639,90.0,14.0,9,13500,5,1,1,False,0.741,0.0,2084.54,0.0,False,False,0.0,False,0.0,False,False,False,0.023,0.057,0.54,0.0,0.0,0.0,0.0,0.0,0.0,14.0,12.0,1.2348,1,81225,1:21.225,96746,96746,11255.772,0,2,25893,0.9984,False,False,Soft (S),0,1.0,0,-207.953,-8.511,423.026,0.246,-15.399,True,0,0,1159.639,11255.772
1765362297,307.17,10907,1.0,0.0,1.0,0.01,8,5.995,0.359,-85.113,0.21,-1.015,85.319,-0.489,0.172,0.132,-3.069,0.016,0.017,0.23,-0.068,-0.069,-0.016,76.7,80.7,85.1,80.9,99.1,99.5,0.0,28.69,5109.2,0.07,251.192,0.0,0.0,-0.0518,0.1802,0.0,14.0,0.0,0.0,0.0,74.9,70.4,66.7,70.7,91.5,99.5,0.0,27.49,4940.4,0.004,250.832,0.0,0.0,0.0545,0.1789,0.0,14.0,0.0,0.0,0.0,82.7,87.9,93.4,88.0,105.3,99.5,0.0,29.69,6983.6,0.2,253.974,0.0,0.0,-0.0575,0.1911,0.0,14.0,0.0,0.0,0.0,89.9,84.0,78.6,84.2,103.0,99.5,0.0,29.32,6703.4,0.151,253.703,0.0,0.0,0.06,0.189,0.0,14.0,0.0,0.0,0.0,36.597,2.64,90.0,14.0,9,13500,5,1,1,False,0.741,0.0,2084.54,0.0,False,False,0.0,False,0.0,False,False,False,0.021,0.057,0.54,0.0,0.0,0.0,0.0,0.0,0.0,14.0,12.0,1.2348,1,81318,1:21.318,96746,96746,11263.745,0,2,25893,0.9998,False,False,Soft (S),0,1.0,0,-207.417,-8.477,415.114,0.272,-15.402,True,0,0,1167.612,11263.745
1765362297,307.57,10921,1.0,0.0,1.0,0.01,8,6.471,0.442,-85.189,0.216,-0.979,85.429,-0.461,-0.013,0.146,-3.063,0.017,0.017,0.23,-0.022,-0.056,0.045,76.5,80.5,84.9,80.7,99.1,99.5,0.0,28.69,4219.4,0.069,251.376,0.0,0.0,-0.05,0.1797,0.0,14.0,0.0,0.0,0.0,74.9,70.4,66.7,70.7,91.6,99.5,0.0,27.49,4837.3,0.004,251.11,0.0,0.0,0.0542,0.1778,0.0,14.0,0.0,0.0,0.0,82.6,87.8,93.3,87.9,105.4,99.5,0.0,29.7,6680.0,0.201,254.262,0.0,0.0,-0.0579,0.1931,0.0,14.0,0.0,0.0,0.0,89.9,84.0,78.6,84.1,103.0,99.5,0.0,29.32,6473.8,0.154,254.036,0.0,0.0,0.0611,0.19,0.0,14.0,0.0,0.0,0.0,36.597,2.641,90.0,14.0,9,13500,5,1,1,False,0.741,0.0,0.0,0.0,False,False,0.0,False,0.0,False,False,False,0.023,0.055,0.54,0.0,0.0,0.0,0.0,0.0,0.0,14.0,12.0,1.2348,2,81,0:00.081,81345,81345,11272.979,0,0,25336,0.0014,False,False,Soft (S),0,1.0,0,-206.744,-8.431,405.917,0.244,-0.003,True,0,0,0.0,11272.979
1765362298,307.98,10928,1.0,0.0,1.0,0.007,8,6.947,0.375,-85.266,0.211,-1.014,85.543,-0.474,0.346,0.116,-3.058,0.016,0.017,0.229,-0.039,-0.046,0.043,76.3,80.3,84.7,80.5,99.1,99.5,0.0,28.69,6176.1,0.06,251.818,0.0,0.0,-0.0477,0.1814,0.0,14.0,0.0,0.0,0.0,74.9,70.4,66.7,70.7,91.6,99.5,0.0,27.49,5160.8,0.01,251.487,0.0,0.0,0.0546,0.1773,0.0,14.0,0.0,0.0,0.0,82.5,87.7,93.2,87.8,105.4,99.5,0.0,29.7,6638.5,0.192,254.53,0.0,0.0,-0.0576,0.1927,0.0,14.0,0.0,0.0,0.0,89.8,83.9,78.5,84.1,103.0,99.5,0.0,29.33,7122.4,0.146,254.105,0.0,0.0,0.0603,0.1887,0.0,14.0,0.0,0.0,0.0,36.597,2.642,90.0,14.0,9,13500,5,1,1,False,0.742,0.0,0.0,0.0,False,False,0.0,False,0.0,False,False,False,0.021,0.056,0.54,0.0,0.0,0.0,0.0,0.0,0.0,14.0,12.0,1.2348,2,180,0:00.180,81345,81345,11281.434,0,0,25336,0.0028,False,False,Soft (S),0,1.0,0,-206.079,-8.392,397.479,0.25,0.0,True,0,0,8.455,11281.434
1765362298,308.36,10961,1.0,0.0,1.0,0.006,8,7.338,0.449,-85.338,0.149,-0.909,85.65,-0.35,-0.401,0.057,-3.054,0.016,0.016,0.232,0.061,-0.041,-0.06,76.2,80.1,84.5,80.3,99.1,99.5,0.0,28.69,5227.6,0.064,251.86,0.0,0.0,-0.0499,0.1771,0.0,14.0,0.0,0.0,0.0,74.9,70.4,66.7,70.7,91.6,99.5,0.0,27.5,4548.4,0.011,251.632,0.0,0.0,0.0526,0.1775,0.0,14.0,0.0,0.0,0.0,82.4,87.6,93.1,87.7,105.4,99.5,0.0,29.7,5798.6,0.197,255.093,0.0,0.0,-0.0581,0.1931,0.0,14.0,0.0,0.0,0.0,89.8,83.9,78.5,84.1,103.1,99.5,0.0,29.33,5171.0,0.172,255.093,0.0,0.0,0.0604,0.1911,0.0,14.0,0.0,0.0,0.0,36.597,2.642,90.0,14.0,9,13500,5,1,1,False,0.742,0.0,0.0,0.0,False,False,0.0,False,0.0,False,False,False,0.026,0.054,0.54,0.0,0.0,0.0,0.0,0.0,0.0,14.0,12.0,1.2348,2,279,0:00.279,81345,81345,11289.964,0,0,25336,0.0043,False,False,Soft (S),0,1.0,0,-205.371,-8.344,389.034,0.22,0.0,True,0,0,16.985,11289.964
1765362298,308.77,10939,1.0,0.0,1.0,0.007,8,7.652,0.458,-85.427,0.109,-1.048,85.764,-0.377,0.399,0.136,-3.051,0.018,0.014,0.227,0.02,-0.02,0.024,76.0,80.0,84.3,80.1,99.1,99.5,0.0,28.7,5274.4,0.058,252.21,0.0,0.0,-0.0505,0.1796,0.0,14.0,0.0,0.0,0.0,74.9,70.4,66.7,70.7,91.7,99.5,0.0,27.5,5134.1,0.007,252.125,0.0,0.0,0.0507,0.1783,0.0,14.0,0.0,0.0,0.0,82.3,87.5,93.0,87.6,105.4,99.5,0.0,29.71,8009.6,0.174,254.573,0.0,0.0,-0.0584,0.195,0.0,14.0,0.0,0.0,0.0,89.8,83.9,78.5,84.0,103.1,99.5,0.0,29.34,7473.8,0.153,254.573,0.0,0.0,0.0616,0.1928,0.0,14.0,0.0,0.0,0.0,36.597,2.643,90.0,14.0,9,13500,5,1,1,False,0.742,0.0,0.0,0.0,False,False,0.0,False,0.0,False,False,False,0.023,0.05,0.54,0.0,0.0,0.0,0.0,0.0,0.0,14.0,12.0,1.2348,2,384,0:00.384,81345,81345,11298.895,0,0,25336,0.0059,False,False,Soft (S),0,1.0,0,-204.583,-8.302,380.069,0.219,0.0,True,0,0,25.916,11298.895
1765362298,309.13,10973,1.0,0.0,1.0,0.001,8,7.917,0.427,-85.502,0.108,-1.037,85.862,-0.311,-0.035,0.13,-3.048,0.017,0.017,0.23,-0.024,-0.037,-0.043,75.8,79.8,84.2,79.9,99.1,99.5,0.0,28.7,6018.5,0.051,252.675,0.0,0.0,-0.0491,0.1796,0.0,14.0,0.0,0.0,0.0,74.9,70.5,66.7,70.7,91.7,99.5,0.0,27.51,4419.5,0.02,252.364,0.0,0.0,0.0545,0.1779,0.0,14.0,0.0,0.0,0.0,82.2,87.3,92.8,87.4,105.4,99.5,0.0,29.71,6969.5,0.183,255.358,0.0,0.0,-0.0576,0.192,0.0,14.0,0.0,0.0,0.0,89.7,83.8,78.4,84.0,103.1,99.5,0.0,29.34,6481.8,0.163,255.358,0.0,0.0,0.0594,0.1906,0.0,14.0,0.0,0.0,0.0,36.597,2.643,90.0,14.0,9,13500,5,1,1,False,0.742,0.0,0.0,0.0,False,False,0.0,False,0.0,False,False,False,0.023,0.056,0.54,0.0,0.0,0.0,0.0,0.0,0.0,14.0,12.0,1.2348,2,483,0:00.483,81345,81345,11307.457,0,0,25336,0.0073,False,False,Soft (S),0,1.0,0,-203.812,-8.256,371.608,0.173,0.0,True,0,0,34.478,11307.457
1765362298,309.5,10983,1.0,0.0,1.0,0.004,8,8.165,0.438,-85.582,0.117,-1.029,85.965,-0.193,0.292,0.088,-3.045,0.017,0.016,0.229,-0.068,-0.037,0.007,75.7,79.6,84.0,79.8,99.1,99.5,0.0,28.7,4482.0,0.037,253.005,0.0,0.0,-0.0494,0.1824,0.0,14.0,0.0,0.0,0.0,74.9,70.5,66.7,70.7,91.7,99.5,0.0,27.52,4714.4,0.017,252.752,0.0,0.0,0.0529,0.1787,0.0,14.0,0.0,0.0,0.0,82.1,87.2,92.7,87.3,105.5,99.5,0.0,29.71,6859.9,0.185,255.725,0.0,0.0,-0.059,0.1913,0.0,14.0,0.0,0.0,0.0,89.6,83.8,78.4,83.9,103.1,99.5,0.0,29.34,7109.9,0.15,255.46,0.0,0.0,0.0585,0.191,0.0,14.0,0.0,0.0,0.0,36.597,2.644,90.0,14.0,9,13500,5,1,1,False,0.742,0.0,0.0,0.0,False,False,0.0,False,0.0,False,False,False,0.02,0.056,0.54,0.0,0.0,0.0,0.0,0.0,0.0,14.0,12.0,1.2348,2,585,0:00.585,81345,81345,11315.974,0,0,25336,0.0089,False,False,Soft (S),0,1.0,0,-202.991,-8.213,362.882,0.092,-0.003,True,0,0,42.995,11315.974
1765362298,309.88,10986,1.0,0.0,1.0,0.0,8,8.437,0.297,-85.663,0.181,-1.111,86.071,-0.287,0.191,0.14,-3.042,0.016,0.026,0.229,-0.083,-0.037,-0.131,75.5,79.4,83.8,79.6,99.1,99.5,0.0,28.7,5189.7,0.036,253.34,0.0,0.0,-0.0491,0.1805,0.0,14.0,0.0,0.0,0.0,74.9,70.5,66.8,70.7,91.8,99.5,0.0,27.52,4168.6,0.024,253.074,0.0,0.0,0.0529,0.1786,0.0,14.0,0.0,0.0,0.0,81.9,87.1,92.6,87.2,105.5,99.5,0.0,29.72,8284.4,0.175,255.67,0.0,0.0,-0.0559,0.1924,0.0,14.0,0.0,0.0,0.0,89.6,83.7,78.3,83.9,103.2,99.5,0.0,29.35,7217.9,0.15,255.67,0.0,0.0,0.0602,0.189,0.0,14.0,0.0,0.0,0.0,36.597,2.644,90.0,14.0,9,13500,5,1,1,False,0.742,0.0,0.0,0.0,False,False,0.0,False,0.0,False,False,False,0.023,0.053,0.54,0.0,0.0,0.0,0.0,0.0,0.0,14.0,12.0,1.2348,2,684,0:00.684,81345,81345,11324.662,0,0,25336,0.0103,False,False,Soft (S),0,1.0,0,-202.169,-8.178,354.405,0.083,0.0,True,0,0,51.683,11324.662
1765362298,310.25,11005,1.0,0.0,1.0,0.003,8,8.697,0.36,-85.74,0.119,-1.012,86.175,-0.255,0.03,0.133,-3.039,0.016,0.025,0.229,-0.01,-0.03,0.015,75.3,79.3,83.6,79.4,99.1,99.5,0.0,28.7,5610.9,0.048,253.494,0.0,0.0,-0.0495,0.1798,0.0,14.0,0.0,0.0,0.0,74.9,70.4,66.7,70.7,91.8,99.5,0.0,27.53,4871.8,0.021,253.301,0.0,0.0,0.0533,0.1779,0.0,14.0,0.0,0.0,0.0,81.8,87.0,92.5,87.1,105.5,99.5,0.0,29.72,7156.5,0.182,256.164,0.0,0.0,-0.0585,0.193,0.0,14.0,0.0,0.0,0.0,89.5,83.7,78.3,83.8,103.2,99.5,0.0,29.35,6865.5,0.157,256.075,0.0,0.0,0.0594,0.1913,0.0,14.0,0.0,0.0,0.0,36.597,2.644,90.0,14.0,9,13500,5,1,1,False,0.742,0.0,0.0,0.0,False,False,0.0,False,0.0,False,False,False,0.023,0.054,0.54,0.0,0.0,0.0,0.0,0.0,0.0,14.0,12.0,1.2348,2,783,0:00.783,81345,81345,11333.011,0,0,25336,0.0118,False,False,Soft (S),0,1.0,0,-201.321,-8.141,345.921,0.143,0.0,True,0,0,60.032,11333.011
1765362298,310.62,11027,1.0,0.0,1.0,0.003,8,8.895,0.409,-85.822,0.041,-0.936,86.278,-0.163,-0.053,0.054,-3.038,0.016,0.02,0.23,0.076,-0.018,-0.028,75.1,79.1,83.4,79.2,99.1,99.5,0.0,28.7,5560.3,0.053,253.656,0.0,0.0,-0.0514,0.1768,0.0,14.0,0.0,0.0,0.0,74.9,70.4,66.7,70.7,91.8,99.5,0.0,27.53,5407.2,0.02,253.479,0.0,0.0,0.05,0.1785,0.0,14.0,0.0,0.0,0.0,81.7,86.9,92.4,87.0,105.5,99.5,0.0,29.72,5785.8,0.183,256.715,0.0,0.0,-0.0599,0.1927,0.0,14.0,0.0,0.0,0.0,89.5,83.7,78.3,83.8,103.2,99.5,0.0,29.36,6122.8,0.17,256.543,0.0,0.0,0.0593,0.1926,0.0,14.0,0.0,0.0,0.0,36.597,2.645,90.0,14.0,9,13500,5,1,1,False,0.743,0.0,0.0,0.0,False,False,0.0,False,0.0,False,False,False,0.024,0.054,0.54,0.0,0.0,0.0,0.0,0.0,0.0,14.0,12.0,1.2348,2,888,0:00.888,81345,81345,11342.334,0,0,25336,0.0134,False,False,Soft (S),0,1.0,0,-200.397,-8.098,336.914,0.156,0.0,True,0,0,69.355,11342.334
1765362298,310.98,11020,1.0,0.0,1.0,0.005,8,8.969,0.632,-85.914,-0.028,-1.04,86.377,-0.078,0.071,0.115,-3.038,0.019,0.013,0.226,0.088,0.016,0.192,75.0,79.0,83.3,79.1,99.1,99.5,0.0,28.7,4298.0,0.044,253.74,0.0,0.0,-0.0508,0.1804,0.0,14.0,0.0,0.0,0.0,74.9,70.4,66.7,70.7,91.9,99.5,0.0,27.54,4818.6,0.015,253.878,0.0,0.0,0.0514,0.1783,0.0,14.0,0.0,0.0,0.0,81.7,86.8,92.3,86.9,105.5,99.5,0.0,29.73,7197.7,0.177,256.469,0.0,0.0,-0.0653,0.197,0.0,14.0,0.0,0.0,0.0,89.5,83.6,78.3,83.8,103.3,99.5,0.0,29.36,7133.0,0.17,256.469,0.0,0.0,0.0627,0.1993,0.0,14.0,0.0,0.0,0.0,36.597,2.645,90.0,14.0,9,13500,5,1,1,False,0.743,0.0,0.0,0.0,False,False,0.0,False,0.0,False,False,False,0.023,0.049,0.54,0.0,0.0,0.0,0.0,0.0,0.0,14.0,12.0,1.2348,2,987,0:00.987,81345,81345,11350.631,0,0,25336,0.0149,False,False,Soft (S),0,1.0,0,-199.512,-8.05,328.413,0.11,0.0,True,0,0,77.652,11350.631
1765362298,311.33,11036,1.0,0.0,1.0,-0.002,8,8.997,0.411,-86.01,0.014,-1.068,86.474,0.012,-0.105,0.102,-3.037,0.017,0.012,0.231,0.063,0.009,-0.063,74.8,78.8,83.1,78.9,99.1,99.5,0.0,28.7,4421.6,0.036,254.13,0.0,0.0,-0.0528,0.1757,0.0,14.0,0.0,0.0,0.0,74.9,70.4,66.7,70.7,91.9,99.5,0.0,27.54,4754.1,0.037,254.156,0.0,0.0,0.0488,0.1778,0.0,14.0,0.0,0.0,0.0,81.5,86.7,92.1,86.8,105.5,99.5,0.0,29.73,7469.8,0.163,256.72,0.0,0.0,-0.0578,0.1922,0.0,14.0,0.0,0.0,0.0,89.4,83.6,78.2,83.7,103.3,99.5,0.0,29.37,6660.1,0.169,256.938,0.0,0.0,0.0595,0.1927,0.0,14.0,0.0,0.0,0.0,36.597,2.646,90.0,14.0,9,13500,5,1,1,False,0.743,0.0,0.0,0.0,False,False,0.0,False,0.0,False,False,False,0.027,0.052,0.54,0.0,0.0,0.0,0.0,0.0,0.0,14.0,12.0,1.2348,2,1092,0:01.092,81345,81345,11359.865,0,0,25336,0.0164,False,False,Soft (S),0,1.0,0,-198.568,-7.997,319.388,-0.02,0.003,True,0,0,86.886,11359.865
1765362299,311.67,11050,1.0,0.0,1.0,0.001,8,8.963,0.425,-86.108,-0.014,-1.03,86.568,0.013,-0.042,0.145,-3.038,0.017,0.014,0.23,0.034,0.008,0.016,74.7,78.6,82.9,78.7,99.1,99.5,0.0,28.7,3794.2,0.033,254.424,0.0,0.0,-0.0516,0.1785,0.0,14.0,0.0,0.0,0.0,74.9,70.4,66.7,70.7,91.9,99.5,0.0,27.55,4619.8,0.028,254.478,0.0,0.0,0.0494,0.1785,0.0,14.0,0.0,0.0,0.0,81.4,86.5,92.0,86.7,105.6,99.5,0.0,29.73,7005.9,0.166,257.167,0.0,0.0,-0.0595,0.1938,0.0,14.0,0.0,0.0,0.0,89.4,83.5,78.2,83.7,103.3,99.5,0.0,29.37,7083.7,0.171,257.155,0.0,0.0,0.0595,0.193,0.0,14.0,0.0,0.0,0.0,36.597,2.646,90.0,14.0,9,13500,5,1,1,False,0.743,0.0,0.0,0.0,False,False,0.0,False,0.0,False,False,False,0.025,0.051,0.54,0.0,0.0,0.0,0.0,0.0,0.0,14.0,12.0,1.2348,2,1191,0:01.191,81345,81345,11368.217,0,0,25336,0.0179,False,False,Soft (S),0,1.0,0,-197.679,-7.958,310.868,-0.01,0.0,True,0,0,95.238,11368.217
1765362299,312.02,11050,1.0,0.0,1.0,0.001,8,8.939,0.444,-86.208,0.004,-1.109,86.664,-0.053,0.336,0.14,-3.038,0.018,0.015,0.226,0.018,-0.007,-0.072,74.5,78.4,82.7,78.6,99.1,99.5,0.0,28.7,6048.4,0.036,254.825,0.0,0.0,-0.0502,0.1786,0.0,14.0,0.0,0.0,0.0,74.9,70.4,66.7,70.7,92.0,99.5,0.0,27.56,4955.1,0.027,254.727,0.0,0.0,0.0509,0.1805,0.0,14.0,0.0,0.0,0.0,81.3,86.4,91.9,86.5,105.6,99.5,0.0,29.73,8643.8,0.163,257.045,0.0,0.0,-0.0604,0.1957,0.0,14.0,0.0,0.0,0.0,89.3,83.5,78.1,83.7,103.3,99.5,0.0,29.37,7658.1,0.168,257.259,0.0,0.0,0.0623,0.1949,0.0,14.0,0.0,0.0,0.0,36.597,2.646,90.0,14.0,9,13500,5,1,1,False,0.743,0.0,0.0,0.0,False,False,0.0,False,0.0,False,False,False,0.023,0.047,0.54,0.0,0.0,0.0,0.0,0.0,0.0,14.0,12.0,1.2348,2,1290,0:01.290,81345,81345,11377.098,0,0,25336,0.0194,False,False,Soft (S),0,1.0,0,-196.793,-7.919,302.339,0.075,0.0,True,0,0,104.119,11377.098
1765362299,312.32,11078,1.0,0.0,1.0,0.0,8,8.947,0.415,-86.291,0.037,-1.037,86.749,-0.04,0.111,0.118,-3.038,0.017,0.02,0.229,-0.016,-0.002,-0.035,74.4,78.3,82.6,78.4,99.1,99.5,0.0,28.69,5234.9,0.036,255.099,0.0,0.0,-0.0508,0.1792,0.0,14.0,0.0,0.0,0.0,74.9,70.4,66.7,70.7,92.0,99.5,0.0,27.57,5055.0,0.038,255.044,0.0,0.0,0.0552,0.1789,0.0,14.0,0.0,0.0,0.0,81.2,86.3,91.8,86.4,105.6,99.5,0.0,29.73,7078.0,0.17,257.82,0.0,0.0,-0.0584,0.1931,0.0,14.0,0.0,0.0,0.0,89.3,83.4,78.1,83.6,103.4,99.5,0.0,29.38,6816.0,0.172,257.82,0.0,0.0,0.0618,0.1915,0.0,14.0,0.0,0.0,0.0,36.597,2.646,90.0,14.0,9,13500,5,1,1,False,0.743,0.0,0.0,0.0,False,False,0.0,False,0.0,False,False,False,0.022,0.054,0.54,0.0,0.0,0.0,0.0,0.0,0.0,14.0,12.0,1.2348,2,1395,0:01.395,81345,81345,11385.929,0,0,25336,0.021,False,False,Soft (S),0,1.0,0,-195.854,-7.871,293.283,-0.007,0.0,True,0,0,112.95,11385.929
1765362299,312.65,11082,1.0,0.0,1.0,0.001,8,8.964,0.578,-86.381,0.024,-1.042,86.841,0.01,0.317,0.085,-3.038,0.019,0.02,0.226,-0.02,0.001,0.058,74.3,78.2,82.4,78.3,99.1,99.5,0.0,28.7,5506.0,0.028,255.363,0.0,0.0,-0.0484,0.1822,0.0,14.0,0.0,0.0,0.0,74.9,70.4,66.7,70.7,92.1,99.5,0.0,27.57,4932.7,0.03,255.322,0.0,0.0,0.055,0.1799,0.0,14.0,0.0,0.0,0.0,81.1,86.2,91.7,86.3,105.6,99.5,0.0,29.74,7578.5,0.171,257.898,0.0,0.0,-0.0607,0.1952,0.0,14.0,0.0,0.0,0.0,89.3,83.4,78.0,83.6,103.4,99.5,0.0,29.38,7537.8,0.164,257.898,0.0,0.0,0.0614,0.1941,0.0,14.0,0.0,0.0,0.0,36.597,2.647,90.0,14.0,9,13500,5,1,1,False,0.744,0.0,0.0,0.0,False,False,0.0,False,0.0,False,False,False,0.02,0.052,0.54,0.0,0.0,0.0,0.0,0.0,0.0,14.0,12.0,1.2348,2,1494,0:01.494,81345,81345,11394.045,0,0,25336,0.0225,False,False,Soft (S),0,1.0,0,-194.967,-7.825,284.736,0.01,0.0,True,0,0,121.066,11394.045
1765362299,312.93,11112,1.0,0.0,1.0,-0.002,8,8.977,0.397,-86.46,0.026,-1.047,86.919,0.039,0.064,0.15,-3.038,0.017,0.017,0.23,-0.084,-0.008,-0.004,74.1,78.0,82.2,78.1,99.1,99.5,0.0,28.69,4846.5,0.022,255.751,0.0,0.0,-0.0496,0.1815,0.0,14.0,0.0,0.0,0.0,74.9,70.4,66.7,70.7,92.1,99.5,0.0,27.58,5107.6,0.038,255.607,0.0,0.0,0.0528,0.1786,0.0,14.0,0.0,0.0,0.0,81.0,86.1,91.5,86.2,105.6,99.5,0.0,29.74,6643.9,0.178,258.64,0.0,0.0,-0.0585,0.1889,0.0,14.0,0.0,0.0,0.0,89.2,83.3,78.0,83.5,103.4,99.5,0.0,29.39,6787.1,0.171,258.537,0.0,0.0,0.0577,0.1909,0.0,14.0,0.0,0.0,0.0,36.597,2.647,90.0,14.0,9,13500,5,1,1,False,0.744,0.0,0.0,0.0,False,False,0.0,False,0.0,False,False,False,0.021,0.061,0.54,0.0,0.0,0.0,0.0,0.0,0.0,14.0,12.0,1.2348,2,1599,0:01.599,81345,81345,11403.682,0,0,25336,0.0241,False,False,Soft (S),0,1.0,0,-194.026,-7.771,275.661,-0.087,0.003,True,0,0,130.703,11403.682
1765362299,313.27,11116,1.0,0.0,1.0,-0.0,8,8.958,0.454,-86.556,-0.003,-1.006,87.014,-0.01,-0.109,0.085,-3.039,0.017,0.013,0.229,0.005,0.005,0.016,74.0,77.8,82.1,78.0,99.1,99.5,0.0,28.69,5031.8,0.034,255.784,0.0,0.0,-0.052,0.1788,0.0,14.0,0.0,0.0,0.0,74.9,70.4,66.7,70.7,92.2,99.5,0.0,27.58,5314.0,0.03,255.807,0.0,0.0,0.0498,0.1794,0.0,14.0,0.0,0.0,0.0,80.9,86.0,91.4,86.1,105.6,99.5,0.0,29.74,6678.4,0.171,258.697,0.0,0.0,-0.0594,0.1925,0.0,14.0,0.0,0.0,0.0,89.2,83.3,78.0,83.5,103.5,99.5,0.0,29.39,6355.5,0.172,258.697,0.0,0.0,0.0592,0.1937,0.0,14.0,0.0,0.0,0.0,36.597,2.647,90.0,14.0,9,13500,5,1,1,False,0.744,0.0,0.0,0.0,False,False,0.0,False,0.0,False,False,False,0.023,0.054,0.54,0.0,0.0,0.0,0.0,0.0,0.0,14.0,12.0,1.2348,2,1695,0:01.695,81345,81345,11412.278,0,0,25336,0.0255,False,False,Soft (S),0,1.0,0,-193.165,-7.727,267.356,0.015,0.0,True,0,0,139.299,11412.278
1765362299,313.57,11129,1.0,0.0,1.0,-0.001,8,8.925,0.502,-86.643,-0.005,-0.97,87.097,0.066,-0.12,0.058,-3.039,0.017,0.014,0.229,0.047,0.01,0.034,73.8,77.7,81.9,77.8,99.1,99.5,0.0,28.69,4732.1,0.027,255.96,0.0,0.0,-0.0504,0.1793,0.0,14.0,0.0,0.0,0.0,74.9,70.4,66.7,70.7,92.2,99.5,0.0,27.59,4970.0,0.033,255.98,0.0,0.0,0.0498,0.1781,0.0,14.0,0.0,0.0,0.0,80.8,85.9,91.3,86.0,105.6,99.5,0.0,29.74,6218.1,0.176,258.991,0.0,0.0,-0.0605,0.1932,0.0,14.0,0.0,0.0,0.0,89.1,83.3,77.9,83.4,103.5,99.5,0.0,29.4,6223.1,0.175,258.991,0.0,0.0,0.0597,0.1935,0.0,14.0,0.0,0.0,0.0,36.597,2.647,90.0,14.0,9,13500,5,1,1,False,0.744,0.0,0.0,0.0,False,False,0.0,False,0.0,False,False,False,0.023,0.054,0.54,0.0,0.0,0.0,0.0,0.0,0.0,14.0,12.0,1.2348,2,1800,0:01.800,81345,81345,11421.075,0,0,25336,0.0271,False,False,Soft (S),0,1.0,0,-192.226,-7.677,258.263,-0.041,0.0,True,0,0,148.096,11421.075
1765362299,313.89,11125,1.0,0.0,1.0,-0.001,8,8.864,0.461,-86.737,-0.011,-1.074,87.184,0.101,0.136,0.094,-3.04,0.018,0.015,0.228,0.007,0.009,-0.006,73.7,77.5,81.8,77.7,99.1,99.5,0.0,28.69,4657.1,0.027,256.273,0.0,0.0,-0.0516,0.1794,0.0,14.0,0.0,0.0,0.0,74.9,70.4,66.7,70.7,92.2,99.5,0.0,27.6,4844.6,0.036,256.302,0.0,0.0,0.0517,0.1793,0.0,14.0,0.0,0.0,0.0,80.7,85.8,91.2,85.9,105.6,99.5,0.0,29.74,7372.9,0.165,258.899,0.0,0.0,-0.0604,0.1939,0.0,14.0,0.0,0.0,0.0,89.1,83.2,77.9,83.4,103.5,99.5,0.0,29.4,7390.0,0.168,258.899,0.0,0.0,0.0601,0.194,0.0,14.0,0.0,0.0,0.0,36.597,2.648,90.0,14.0,9,13500,5,1,1,False,0.744,0.0,0.0,0.0,False,False,0.0,False,0.0,False,False,False,0.022,0.051,0.54,0.0,0.0,0.0,0.0,0.0,0.0,14.0,12.0,1.2348,2,1896,0:01.896,81345,81345,11429.639,0,0,25336,0.0286,False,False,Soft (S),0,1.0,0,-191.371,-7.636,249.94,-0.054,0.0,True,0,0,156.66,11429.639
1765362299,314.27,11163,1.0,0.0,1.0,-0.002,8,8.794,0.424,-86.853,0.009,-0.839,87.294,0.095,0.264,0.246,-3.041,0.014,0.018,0.231,-0.093,0.009,-0.033,73.5,77.4,81.6,77.5,99.1,99.5,0.0,28.69,5572.2,0.023,256.75,0.0,0.0,-0.0517,0.1833,0.0,14.0,0.0,0.0,0.0,74.9,70.4,66.7,70.7,92.3,99.5,0.0,27.61,5304.9,0.04,256.762,0.0,0.0,0.0565,0.1823,0.0,14.0,0.0,0.0,0.0,80.5,85.6,91.0,85.7,105.6,99.5,0.0,29.74,6865.7,0.175,259.79,0.0,0.0,-0.0554,0.1858,0.0,14.0,0.0,0.0,0.0,89.0,83.1,77.8,83.3,103.5,99.5,0.0,29.4,6481.9,0.186,259.79,0.0,0.0,0.0592,0.1865,0.0,14.0,0.0,0.0,0.0,36.597,2.648,90.0,14.0,9,13500,5,1,1,False,0.744,0.0,0.0,1.0,True,True,0.0,False,0.0,False,False,False,0.017,0.063,0.54,0.0,0.0,0.0,0.0,0.0,0.0,14.0,12.0,1.2348,2,1995,0:01.995,81345,81345,11438.341,0,0,25336,0.0301,False,False,Soft (S),0,1.0,0,-190.497,-7.593,241.349,-0.086,0.0,True,0,0,165.362,11438.341
1765362299,314.74,11230,1.0,0.0,1.0,-0.001,8,8.751,0.497,-86.987,0.002,-0.668,87.424,0.064,-0.356,0.08,-3.041,0.013,0.015,0.235,0.021,-0.002,0.011,73.4,77.3,81.5,77.4,99.1,99.5,0.0,28.69,5596.1,0.032,256.992,0.0,0.0,-0.0507,0.18,0.0,14.0,0.0,0.0,0.0,74.9,70.4,66.7,70.7,92.3,99.5,0.0,27.61,5394.2,0.035,256.911,0.0,0.0,0.0517,0.1797,0.0,14.0,0.0,0.0,0.0,80.4,85.5,90.9,85.6,105.6,99.5,0.0,29.74,4102.0,0.218,261.534,0.0,0.0,-0.0561,0.1846,0.0,14.0,0.0,0.0,0.0,88.9,83.0,77.7,83.2,103.5,99.5,0.0,29.4,4613.1,0.203,261.159,0.0,0.0,0.0546,0.1861,0.0,14.0,0.0,0.0,0.0,36.597,2.648,90.0,14.0,9,13500,5,1,1,False,0.744,0.0,0.0,1.0,True,True,0.0,False,0.0,False,False,False,0.021,0.067,0.54,0.0,0.0,0.0,0.0,0.0,0.0,14.0,12.0,1.2348,2,2100,0:02.100,81345,81345,11447.464,0,0,25336,0.0317,False,False,Soft (S),0,1.0,0,-189.577,-7.536,232.221,-0.015,0.0,True,0,0,174.485,11447.464
1765362300,315.29,11213,1.0,0.0,1.0,-0.001,8,8.738,0.456,-87.142,-0.011,-0.718,87.577,0.053,-0.108,0.114,-3.042,0.013,0.013,0.234,0.052,-0.0,-0.045,73.3,77.1,81.3,77.2,99.1,99.5,0.0,28.69,5236.5,0.038,257.358,0.0,0.0,-0.0535,0.1783,0.0,14.0,0.0,0.0,0.0,74.9,70.4,66.7,70.7,92.4,99.5,0.0,27.62,5667.0,0.032,257.34,0.0,0.0,0.0494,0.1804,0.0,14.0,0.0,0.0,0.0,80.2,85.3,90.7,85.4,105.6,99.5,0.0,29.74,5004.7,0.189,261.03,0.0,0.0,-0.056,0.1852,0.0,14.0,0.0,0.0,0.0,88.8,83.0,77.6,83.1,103.5,99.5,0.0,29.4,5298.3,0.182,260.888,0.0,0.0,0.0541,0.1864,0.0,14.0,0.0,0.0,0.0,36.597,2.648,90.0,14.0,9,13500,5,1,1,False,0.745,0.0,0.0,1.0,True,True,0.0,False,0.0,False,False,False,0.023,0.063,0.54,0.0,0.0,0.0,0.0,0.0,0.0,14.0,12.0,1.2348,2,2199,0:02.199,81345,81345,11456.214,0,0,25336,0.0332,False,False,Soft (S),0,1.0,0,-188.711,-7.49,223.601,0.018,0.003,True,0,0,183.235,11456.214
1765362300,315.8,11211,1.0,0.0,1.0,-0.002,8,8.685,0.495,-87.289,-0.016,-0.775,87.718,0.092,0.144,0.144,-3.043,0.014,0.015,0.232,0.018,0.014,0.029,73.1,77.0,81.2,77.1,99.1,99.5,0.0,28.69,5191.9,0.029,257.784,0.0,0.0,-0.0518,0.1805,0.0,14.0,0.0,0.0,0.0,74.9,70.4,66.7,70.7,92.4,99.5,0.0,27.63,5369.4,0.034,257.837,0.0,0.0,0.051,0.1805,0.0,14.0,0.0,0.0,0.0,80.1,85.1,90.5,85.3,105.6,99.5,0.0,29.74,6007.3,0.171,260.896,0.0,0.0,-0.0558,0.1863,0.0,14.0,0.0,0.0,0.0,88.6,82.9,77.5,83.0,103.5,99.5,0.0,29.41,6290.1,0.174,260.896,0.0,0.0,0.0555,0.1865,0.0,14.0,0.0,0.0,0.0,36.597,2.648,90.0,14.0,9,13500,5,1,1,False,0.745,0.0,0.0,1.0,True,True,0.0,False,0.0,False,False,False,0.021,0.061,0.54,0.0,0.0,0.0,0.0,0.0,0.0,14.0,12.0,1.2348,2,2304,0:02.304,81345,81345,11465.212,0,0,25336,0.0348,False,False,Soft (S),0,1.0,0,-187.796,-7.443,214.444,-0.04,0.003,True,0,0,192.233,11465.212
1765362300,316.24,11252,1.0,0.0,1.0,-0.001,8,8.599,0.495,-87.421,-0.058,-0.737,87.841,0.099,-0.22,0.106,-3.044,0.014,0.012,0.235,0.028,0.017,0.015,73.0,76.8,81.0,77.0,99.1,99.5,0.0,28.69,4164.1,0.029,258.083,0.0,0.0,-0.0533,0.179,0.0,14.0,0.0,0.0,0.0,74.9,70.4,66.7,70.7,92.5,99.5,0.0,27.63,5069.1,0.031,258.183,0.0,0.0,0.0487,0.1807,0.0,14.0,0.0,0.0,0.0,79.9,85.0,90.4,85.1,105.6,99.5,0.0,29.74,5130.6,0.184,261.811,0.0,0.0,-0.0553,0.1849,0.0,14.0,0.0,0.0,0.0,88.5,82.8,77.4,82.9,103.5,99.5,0.0,29.41,5052.6,0.19,261.899,0.0,0.0,0.0534,0.186,0.0,14.0,0.0,0.0,0.0,36.597,2.648,90.0,14.0,9,13500,5,1,1,False,0.745,0.0,0.0,1.0,True,True,0.0,False,0.0,False,False,False,0.022,0.064,0.54,0.0,0.0,0.0,0.0,0.0,0.0,14.0,12.0,1.2348,2,2406,0:02.406,81345,81345,11474.289,0,0,25336,0.0363,False,False,Soft (S),0,1.0,0,-186.914,-7.391,205.533,-0.042,0.0,True,0,0,201.31,11474.289
1765362300,316.75,11233,1.0,0.0,1.0,-0.001,8,8.488,0.528,-87.574,-0.053,-0.839,87.982,0.114,0.19,0.155,-3.046,0.016,0.014,0.231,0.005,0.015,0.007,72.9,76.7,80.9,76.8,99.0,99.5,0.0,28.69,4902.3,0.025,258.564,0.0,0.0,-0.0523,0.1807,0.0,14.0,0.0,0.0,0.0,74.9,70.4,66.8,70.7,92.5,99.5,0.0,27.64,5048.4,0.034,258.618,0.0,0.0,0.0514,0.1813,0.0,14.0,0.0,0.0,0.0,79.8,84.8,90.2,84.9,105.6,99.5,0.0,29.74,6794.4,0.161,261.422,0.0,0.0,-0.0557,0.1873,0.0,14.0,0.0,0.0,0.0,88.4,82.7,77.4,82.8,103.5,99.5,0.0,29.41,6845.4,0.171,261.422,0.0,0.0,0.0556,0.1875,0.0,14.0,0.0,0.0,0.0,36.597,2.648,90.0,14.0,9,13500,5,1,1,False,0.745,0.0,0.0,1.0,True,True,0.0,False,0.0,False,False,False,0.021,0.06,0.54,0.0,0.0,0.0,0.0,0.0,0.0,14.0,12.0,1.2348,2,2508,0:02.508,81345,81345,11483.078,0,0,25336,0.0379,False,False,Soft (S),0,1.0,0,-186.043,-7.344,196.608,-0.057,0.0,True,0,0,210.099,11483.078
1765362300,317.2,11271,1.0,0.0,1.0,0.0,8,8.393,0.569,-87.707,-0.066,-0.764,88.106,0.063,-0.034,0.113,-3.047,0.015,0.011,0.233,0.008,0.012,-0.007,72.8,76.6,80.8,76.7,99.0,99.5,0.0,28.69,4929.1,0.034,258.919,0.0,0.0,-0.0542,0.1793,0.0,14.0,0.0,0.0,0.0,74.9,70.5,66.8,70.7,92.6,99.5,0.0,27.65,5432.2,0.03,258.971,0.0,0.0,0.0505,0.1823,0.0,14.0,0.0,0.0,0.0,79.6,84.7,90.1,84.8,105.6,99.5,0.0,29.74,5334.9,0.171,262.36,0.0,0.0,-0.0553,0.1859,0.0,14.0,0.0,0.0,0.0,88.3,82.6,77.3,82.7,103.5,99.5,0.0,29.41,5771.2,0.18,262.253,0.0,0.0,0.0537,0.1863,0.0,14.0,0.0,0.0,0.0,36.597,2.648,90.0,14.0,9,13500,5,1,1,False,0.745,0.0,0.0,1.0,True,True,0.0,False,0.0,False,False,False,0.021,0.06,0.54,0.0,0.0,0.0,0.0,0.0,0.0,14.0,12.0,1.2348,2,2607,0:02.607,81345,81345,11491.896,0,0,25336,0.0394,False,False,Soft (S),0,1.0,0,-185.209,-7.288,187.931,0.003,0.003,True,0,0,218.917,11491.896
1765362300,317.65,11273,1.0,0.0,1.0,0.001,8,8.315,0.494,-87.843,-0.033,-0.82,88.233,0.062,0.174,0.142,-3.048,0.015,0.014,0.233,-0.018,0.012,0.008,72.6,76.5,80.6,76.6,99.0,99.5,0.0,28.69,4825.4,0.034,259.337,0.0,0.0,-0.0523,0.18,0.0,14.0,0.0,0.0,0.0,74.9,70.5,66.8,70.7,92.6,99.5,0.0,27.66,5038.9,0.026,259.371,0.0,0.0,0.0513,0.1813,0.0,14.0,0.0,0.0,0.0,79.5,84.5,89.9,84.6,105.6,99.5,0.0,29.73,6286.8,0.167,262.352,0.0,0.0,-0.0555,0.1864,0.0,14.0,0.0,0.0,0.0,88.2,82.5,77.2,82.6,103.5,99.5,0.0,29.41,6601.6,0.174,262.352,0.0,0.0,0.0552,0.1845,0.0,14.0,0.0,0.0,0.0,36.597,2.649,90.0,14.0,9,13500,5,1,1,False,0.745,0.0,0.0,1.0,True,True,0.0,False,0.0,False,False,False,0.021,0.06,0.54,0.0,0.0,0.0,0.0,0.0,0.0,14.0,12.0,1.2348,2,2706,0:02.706,81345,81345,11500.716,0,0,25336,0.0409,False,False,Soft (S),0,1.0,0,-184.382,-7.237,179.242,0.037,0.003,True,0,0,227.737,11500.716
1765362300,318.08,11308,1.0,0.0,1.0,0.001,8,8.276,0.441,-87.965,-0.013,-0.794,88.351,0.029,0.069,0.149,-3.048,0.014,0.012,0.233,-0.059,0.005,0.052,72.5,76.3,80.5,76.5,99.0,99.5,0.0,28.69,5865.7,0.036,259.766,0.0,0.0,-0.0523,0.1817,0.0,14.0,0.0,0.0,0.0,74.9,70.5,66.8,70.7,92.7,99.5,0.0,27.67,5483.1,0.024,259.782,0.0,0.0,0.0509,0.1816,0.0,14.0,0.0,0.0,0.0,79.3,84.4,89.7,84.5,105.6,99.5,0.0,29.73,5534.7,0.185,263.29,0.0,0.0,-0.055,0.1838,0.0,14.0,0.0,0.0,0.0,88.1,82.4,77.1,82.5,103.5,99.5,0.0,29.41,6221.6,0.176,263.015,0.0,0.0,0.0538,0.1849,0.0,14.0,0.0,0.0,0.0,36.597,2.649,90.0,14.0,9,13500,5,1,1,False,0.746,0.0,0.0,1.0,True,True,0.0,False,0.0,False,False,False,0.019,0.066,0.54,0.0,0.0,0.0,0.0,0.0,0.0,14.0,12.0,1.2348,2,2805,0:02.805,81345,81345,11508.95,0,0,25336,0.0424,False,False,Soft (S),0,1.0,0,-183.561,-7.19,170.539,0.073,0.0,True,0,0,235.971,11508.95
1765362300,318.49,11339,1.0,0.0,1.0,-0.001,8,8.277,0.393,-88.08,-0.002,-0.734,88.465,0.02,-0.23,0.186,-3.048,0.013,0.013,0.234,-0.012,-0.003,-0.06,72.4,76.2,80.4,76.3,99.0,99.5,0.0,28.68,5709.0,0.033,260.048,0.0,0.0,-0.0517,0.1797,0.0,14.0,0.0,0.0,0.0,74.9,70.5,66.8,70.7,92.7,99.5,0.0,27.67,5526.3,0.032,259.995,0.0,0.0,0.0497,0.1807,0.0,14.0,0.0,0.0,0.0,79.2,84.2,89.5,84.3,105.6,99.5,0.0,29.73,5395.9,0.196,263.885,0.0,0.0,-0.0544,0.184,0.0,14.0,0.0,0.0,0.0,88.0,82.3,77.0,82.4,103.6,99.5,0.0,29.41,5201.6,0.197,263.885,0.0,0.0,0.0542,0.1849,0.0,14.0,0.0,0.0,0.0,36.597,2.649,90.0,14.0,9,13500,5,1,1,False,0.746,0.0,0.0,1.0,True,True,0.0,False,0.0,False,False,False,0.021,0.065,0.54,0.0,0.0,0.0,0.0,0.0,0.0,14.0,12.0,1.2348,2,2907,0:02.907,81345,81345,11518.386,0,0,25336,0.044,False,False,Soft (S),0,1.0,0,-182.717,-7.142,161.56,0.007,0.003,True,0,0,245.407,11518.386
1765362300,318.95,11325,1.0,0.0,1.0,-0.0,8,8.26,0.535,-88.21,0.014,-0.767,88.594,0.033,0.132,0.117,-3.048,0.015,0.016,0.231,0.002,0.004,0.019,72.3,76.1,80.2,76.2,99.0,99.5,0.0,28.68,5168.2,0.027,260.383,0.0,0.0,-0.0508,0.1823,0.0,14.0,0.0,0.0,0.0,74.9,70.5,66.8,70.7,92.8,99.5,0.0,27.68,5212.1,0.034,260.355,0.0,0.0,0.055,0.181,0.0,14.0,0.0,0.0,0.0,79.1,84.1,89.4,84.2,105.6,99.5,0.0,29.73,6023.0,0.176,263.545,0.0,0.0,-0.0564,0.1877,0.0,14.0,0.0,0.0,0.0,87.9,82.2,76.9,82.3,103.6,99.5,0.0,29.41,6071.1,0.175,263.545,0.0,0.0,0.0573,0.1872,0.0,14.0,0.0,0.0,0.0,36.597,2.649,90.0,14.0,9,13500,5,1,1,False,0.746,0.0,0.0,1.0,True,True,0.0,False,0.0,False,False,False,0.019,0.061,0.54,0.0,0.0,0.0,0.0,0.0,0.0,14.0,12.0,1.2348,2,3006,0:03.006,81345,81345,11527.211,0,0,25336,0.0455,False,False,Soft (S),0,1.0,0,-181.898,-7.097,152.833,-0.043,0.0,True,0,0,254.232,11527.211
1765362300,319.36,11354,1.0,0.0,1.0,0.001,8,8.272,0.447,-88.324,0.01,-0.744,88.708,-0.028,-0.035,0.153,-3.048,0.013,0.012,0.233,0.002,-0.005,0.014,72.2,75.9,80.1,76.1,99.0,99.5,0.0,28.68,5857.2,0.035,260.734,0.0,0.0,-0.0513,0.1808,0.0,14.0,0.0,0.0,0.0,74.9,70.5,66.8,70.7,92.8,99.5,0.0,27.69,5350.6,0.03,260.676,0.0,0.0,0.0514,0.1801,0.0,14.0,0.0,0.0,0.0,78.9,83.9,89.2,84.0,105.5,99.5,0.0,29.73,5814.1,0.185,264.138,0.0,0.0,-0.054,0.184,0.0,14.0,0.0,0.0,0.0,87.8,82.1,76.8,82.2,103.6,99.5,0.0,29.41,5235.6,0.183,264.341,0.0,0.0,0.0552,0.1861,0.0,14.0,0.0,0.0,0.0,36.597,2.649,90.0,14.0,9,13500,5,1,1,False,0.746,0.0,0.0,1.0,True,True,0.0,False,0.0,False,False,False,0.021,0.066,0.54,0.0,0.0,0.0,0.0,0.0,0.0,14.0,12.0,1.2348,2,3105,0:03.105,81345,81345,11536.112,0,0,25336,0.047,False,False,Soft (S),0,1.0,0,-181.08,-7.046,144.095,0.043,0.003,True,0,0,263.133,11536.112
1765362301,319.82,11351,1.0,0.0,1.0,0.0,8,8.311,0.499,-88.447,0.01,-0.76,88.835,-0.05,-0.266,0.121,-3.048,0.014,0.011,0.234,0.066,-0.0,-0.033,72.0,75.8,79.9,75.9,99.0,99.5,0.0,28.68,4115.6,0.037,260.937,0.0,0.0,-0.053,0.1785,0.0,14.0,0.0,0.0,0.0,74.9,70.5,66.8,70.7,92.8,99.5,0.0,27.7,4591.4,0.025,260.945,0.0,0.0,0.0492,0.1808,0.0,14.0,0.0,0.0,0.0,78.8,83.8,89.1,83.9,105.5,99.5,0.0,29.73,6097.5,0.173,264.109,0.0,0.0,-0.0552,0.1868,0.0,14.0,0.0,0.0,0.0,87.7,82.0,76.8,82.1,103.6,99.5,0.0,29.41,5739.0,0.172,264.212,0.0,0.0,0.055,0.1869,0.0,14.0,0.0,0.0,0.0,36.597,2.649,90.0,14.0,9,13500,5,1,1,False,0.746,0.0,0.0,1.0,True,True,0.0,False,0.0,False,False,False,0.024,0.059,0.54,0.0,0.0,0.0,0.0,0.0,0.0,14.0,12.0,1.2348,2,3210,0:03.210,81345,81345,11545.163,0,0,25336,0.0487,False,False,Soft (S),0,1.0,0,-180.21,-6.996,134.815,0.042,0.0,True,0,0,272.184,11545.163
1765362301,320.23,11348,1.0,0.0,1.0,0.002,8,8.329,0.516,-88.561,0.012,-0.887,88.949,-0.021,0.27,0.13,-3.048,0.016,0.013,0.23,0.045,0.007,0.056,71.9,75.7,79.8,75.8,99.0,99.5,0.0,28.68,4427.5,0.035,261.308,0.0,0.0,-0.0526,0.1817,0.0,14.0,0.0,0.0,0.0,74.9,70.5,66.8,70.7,92.9,99.5,0.0,27.7,4902.2,0.022,261.351,0.0,0.0,0.0509,0.18,0.0,14.0,0.0,0.0,0.0,78.7,83.6,88.9,83.7,105.5,99.5,0.0,29.72,6969.6,0.166,264.097,0.0,0.0,-0.0569,0.1897,0.0,14.0,0.0,0.0,0.0,87.6,81.9,76.7,82.0,103.6,99.5,0.0,29.41,6991.0,0.165,264.097,0.0,0.0,0.0578,0.1896,0.0,14.0,0.0,0.0,0.0,36.597,2.649,90.0,14.0,9,13500,5,1,1,False,0.746,0.0,0.0,1.0,True,True,0.0,False,0.0,False,False,False,0.022,0.057,0.54,0.0,0.0,0.0,0.0,0.0,0.0,14.0,12.0,1.2348,2,3318,0:03.318,81345,81345,11554.948,0,0,25336,0.0503,False,False,Soft (S),0,1.0,0,-179.311,-6.947,125.258,0.055,0.0,True,0,0,281.969,11554.948
1765362301,320.62,11363,1.0,0.0,1.0,0.001,8,8.364,0.504,-88.666,0.026,-0.896,89.057,-0.041,0.185,0.149,-3.047,0.016,0.013,0.23,0.002,0.002,0.004,71.8,75.6,79.7,75.7,99.0,99.5,0.0,28.68,5372.4,0.032,261.715,0.0,0.0,-0.051,0.1815,0.0,14.0,0.0,0.0,0.0,75.0,70.5,66.8,70.8,92.9,99.5,0.0,27.71,4936.6,0.028,261.712,0.0,0.0,0.0526,0.1811,0.0,14.0,0.0,0.0,0.0,78.5,83.5,88.8,83.6,105.5,99.5,0.0,29.72,7321.6,0.167,264.449,0.0,0.0,-0.0561,0.1881,0.0,14.0,0.0,0.0,0.0,87.5,81.8,76.6,81.9,103.6,99.5,0.0,29.41,7026.3,0.164,264.449,0.0,0.0,0.0567,0.1881,0.0,14.0,0.0,0.0,0.0,36.597,2.649,90.0,14.0,9,13500,5,1,1,False,0.747,0.0,0.0,1.0,True,True,0.0,False,0.0,False,False,False,0.021,0.058,0.54,0.0,0.0,0.0,0.0,0.0,0.0,14.0,12.0,1.2348,2,3420,0:03.420,81345,81345,11563.471,0,0,25336,0.0519,False,False,Soft (S),0,1.0,0,-178.459,-6.897,116.22,0.034,0.003,True,0,0,290.492,11563.471
1765362301,320.99,11415,1.0,0.0,1.0,0.002,8,8.427,0.482,-88.764,0.033,-0.735,89.162,-0.085,-0.015,0.033,-3.047,0.014,0.014,0.232,-0.011,-0.018,-0.082,71.7,75.4,79.6,75.6,99.0,99.5,0.0,28.68,5809.9,0.039,262.098,0.0,0.0,-0.0536,0.1806,0.0,14.0,0.0,0.0,0.0,75.0,70.5,66.8,70.8,93.0,99.5,0.0,27.72,5833.9,0.02,262.008,0.0,0.0,0.0498,0.1834,0.0,14.0,0.0,0.0,0.0,78.4,83.3,88.6,83.4,105.5,99.5,0.0,29.72,5027.7,0.183,265.655,0.0,0.0,-0.0551,0.1856,0.0,14.0,0.0,0.0,0.0,87.3,81.7,76.5,81.8,103.6,99.5,0.0,29.41,4906.7,0.178,265.655,0.0,0.0,0.0549,0.186,0.0,14.0,0.0,0.0,0.0,36.597,2.649,90.0,14.0,9,13500,5,1,1,False,0.747,0.0,0.0,1.0,True,True,0.0,False,0.0,False,False,False,0.02,0.061,0.54,0.0,0.0,0.0,0.0,0.0,0.0,14.0,12.0,1.2348,2,3513,0:03.513,81345,81345,11571.974,0,0,25336,0.0533,False,False,Soft (S),0,1.0,0,-177.679,-6.85,107.97,0.101,0.0,True,0,0,298.995,11571.974
1765362301,321.5,11409,1.0,0.0,1.0,0.005,8,8.592,0.426,-88.89,0.057,-0.845,89.302,-0.228,0.133,0.159,-3.045,0.014,0.013,0.231,-0.067,-0.021,0.055,71.5,75.3,79.4,75.4,99.0,99.5,0.0,28.68,5422.2,0.049,262.544,0.0,0.0,-0.053,0.1821,0.0,14.0,0.0,0.0,0.0,75.0,70.5,66.8,70.8,93.0,99.5,0.0,27.73,5289.1,0.008,262.523,0.0,0.0,0.0509,0.1829,0.0,14.0,0.0,0.0,0.0,78.2,83.1,88.4,83.2,105.5,99.5,0.0,29.72,6667.6,0.178,265.56,0.0,0.0,-0.055,0.1854,0.0,14.0,0.0,0.0,0.0,87.2,81.5,76.4,81.7,103.6,99.5,0.0,29.41,6699.0,0.161,265.439,0.0,0.0,0.0547,0.1858,0.0,14.0,0.0,0.0,0.0,36.597,2.649,90.0,14.0,9,13500,5,1,1,False,0.747,0.0,0.0,1.0,True,True,0.0,False,0.0,False,False,False,0.019,0.062,0.54,0.0,0.0,0.0,0.0,0.0,0.0,14.0,12.0,1.2348,2,3657,0:03.657,81345,81345,11585.021,0,0,25336,0.0556,False,False,Soft (S),0,1.0,0,-176.456,-6.785,95.179,0.18,0.0,True,0,0,312.042,11585.021
1765362301,321.95,11467,1.0,0.0,1.0,0.001,8,8.862,0.48,-88.99,0.116,-0.717,89.429,-0.185,-0.151,0.075,-3.041,0.013,0.012,0.233,-0.012,-0.028,0.014,71.4,75.1,79.2,75.2,99.0,99.5,0.0,28.68,6331.4,0.034,263.003,0.0,0.0,-0.0478,0.1838,0.0,14.0,0.0,0.0,0.0,75.0,70.5,66.8,70.8,93.1,99.5,0.0,27.74,5454.9,0.03,262.689,0.0,0.0,0.0553,0.179,0.0,14.0,0.0,0.0,0.0,78.0,83.0,88.2,83.1,105.5,99.5,0.0,29.72,4973.7,0.206,266.865,0.0,0.0,-0.054,0.1845,0.0,14.0,0.0,0.0,0.0,87.1,81.4,76.2,81.6,103.6,99.5,0.0,29.41,4610.2,0.188,266.865,0.0,0.0,0.0553,0.185,0.0,14.0,0.0,0.0,0.0,36.597,2.649,90.0,14.0,9,13500,5,1,1,False,0.747,0.0,0.0,1.0,True,True,0.0,False,0.0,False,False,False,0.019,0.068,0.54,0.0,0.0,0.0,0.0,0.0,0.0,14.0,12.0,1.2348,2,3792,0:03.792,81345,81345,11596.59,0,0,25336,0.0577,False,False,Soft (S),0,1.0,0,-175.277,-6.708,83.172,0.055,0.003,True,0,0,323.611,11596.59
1765362301,322.36,11487,1.0,0.0,1.0,-0.0,8,9.057,0.4,-89.084,0.104,-0.67,89.541,-0.13,-0.209,0.058,-3.039,0.012,0.011,0.234,0.008,-0.022,-0.086,71.2,75.0,79.0,75.1,99.0,99.5,0.0,28.68,5904.0,0.041,263.197,0.0,0.0,-0.0532,0.1803,0.0,14.0,0.0,0.0,0.0,75.0,70.5,66.8,70.8,93.2,99.5,0.0,27.74,6072.1,0.028,263.084,0.0,0.0,0.0517,0.1821,0.0,14.0,0.0,0.0,0.0,77.9,82.8,88.0,82.9,105.5,99.5,0.0,29.71,4713.2,0.207,267.264,0.0,0.0,-0.0545,0.1851,0.0,14.0,0.0,0.0,0.0,86.9,81.3,76.1,81.5,103.6,99.5,0.0,29.41,4217.8,0.194,267.402,0.0,0.0,0.0548,0.1849,0.0,14.0,0.0,0.0,0.0,36.597,2.649,90.0,14.0,9,13500,5,1,1,False,0.747,0.0,0.0,1.0,True,True,0.0,False,0.0,False,False,False,0.02,0.064,0.54,0.0,0.0,0.0,0.0,0.0,0.0,14.0,12.0,1.2348,2,3903,0:03.903,81345,81345,11606.881,0,0,25336,0.0594,False,False,Soft (S),0,1.0,0,-174.283,-6.654,73.288,0.068,0.003,True,0,0,333.902,11606.881
1765362301,322.75,11447,1.0,0.0,1.0,0.0,8,9.205,0.556,-89.177,0.03,-0.815,89.649,-0.192,0.358,0.073,-3.039,0.015,0.011,0.229,0.017,-0.025,-0.115,71.1,74.8,78.9,75.0,99.0,99.5,0.0,28.68,5005.0,0.039,263.481,0.0,0.0,-0.0558,0.1806,0.0,14.0,0.0,0.0,0.0,75.0,70.6,66.9,70.8,93.2,99.5,0.0,27.75,5480.1,0.012,263.309,0.0,0.0,0.0486,0.1857,0.0,14.0,0.0,0.0,0.0,77.8,82.7,87.9,82.8,105.5,99.5,0.0,29.71,6168.5,0.167,266.439,0.0,0.0,-0.0582,0.1901,0.0,14.0,0.0,0.0,0.0,86.9,81.2,76.1,81.4,103.6,99.5,0.0,29.41,6143.7,0.165,266.343,0.0,0.0,0.0559,0.1907,0.0,14.0,0.0,0.0,0.0,36.597,2.649,90.0,14.0,9,13500,5,1,1,False,0.747,0.0,0.0,1.0,True,True,0.0,False,0.0,False,False,False,0.019,0.052,0.54,0.0,0.0,0.0,0.0,0.0,0.0,14.0,12.0,1.2348,2,4008,0:04.008,81345,81345,11616.421,0,0,25336,0.061,False,False,Soft (S),0,1.0,0,-173.324,-6.61,63.929,0.118,0.003,True,0,0,343.442,11616.421
1765362301,323.09,11478,1.0,0.0,1.0,0.002,8,9.252,0.538,-89.268,0.007,-0.748,89.745,-0.029,-0.139,0.045,-3.038,0.014,0.015,0.232,0.037,0.003,0.018,71.0,74.7,78.8,74.8,99.0,99.5,0.0,28.68,5534.9,0.036,263.641,0.0,0.0,-0.0502,0.1811,0.0,14.0,0.0,0.0,0.0,75.0,70.6,66.9,70.8,93.2,99.5,0.0,27.76,5495.4,0.022,263.65,0.0,0.0,0.0511,0.1813,0.0,14.0,0.0,0.0,0.0,77.6,82.6,87.8,82.7,105.4,99.5,0.0,29.71,5181.2,0.179,267.121,0.0,0.0,-0.0559,0.1874,0.0,14.0,0.0,0.0,0.0,86.7,81.1,76.0,81.3,103.6,99.5,0.0,29.41,5313.9,0.177,267.121,0.0,0.0,0.0559,0.1871,0.0,14.0,0.0,0.0,0.0,36.597,2.649,90.0,14.0,9,13500,5,1,1,False,0.748,0.0,0.0,1.0,True,True,0.0,False,0.0,False,False,False,0.02,0.061,0.54,0.0,0.0,0.0,0.0,0.0,0.0,14.0,12.0,1.2348,2,4113,0:04.113,81345,81345,11625.998,0,0,25336,0.0627,False,False,Soft (S),0,1.0,0,-172.355,-6.551,54.561,0.073,0.0,True,0,0,353.019,11625.998
1765362302,323.44,11475,1.0,0.0,1.0,0.0,8,9.258,0.462,-89.364,0.009,-0.816,89.84,0.044,0.171,0.12,-3.038,0.014,0.016,0.231,-0.031,0.006,0.027,70.9,74.6,78.7,74.7,99.0,99.5,0.0,28.68,5417.8,0.029,264.032,0.0,0.0,-0.0516,0.1826,0.0,14.0,0.0,0.0,0.0,75.0,70.6,66.9,70.8,93.3,99.5,0.0,27.77,5499.3,0.031,264.035,0.0,0.0,0.0534,0.1815,0.0,14.0,0.0,0.0,0.0,77.5,82.4,87.6,82.5,105.4,99.5,0.0,29.71,6133.0,0.169,267.116,0.0,0.0,-0.0554,0.1861,0.0,14.0,0.0,0.0,0.0,86.6,81.0,75.9,81.2,103.6,99.5,0.0,29.41,6545.8,0.166,266.992,0.0,0.0,0.0548,0.1859,0.0,14.0,0.0,0.0,0.0,36.597,2.65,90.0,14.0,9,13500,5,1,1,False,0.748,0.0,0.0,1.0,True,True,0.0,False,0.0,False,False,False,0.019,0.062,0.54,0.0,0.0,0.0,0.0,0.0,0.0,14.0,12.0,1.2348,2,4212,0:04.212,81345,81345,11634.227,0,0,25336,0.0642,False,False,Soft (S),0,1.0,0,-171.438,-6.505,45.719,-0.021,0.003,True,0,0,361.248,11634.227
1765362302,323.74,11513,1.0,0.0,1.0,-0.001,8,9.249,0.458,-89.45,0.004,-0.749,89.925,0.058,-0.091,0.135,-3.039,0.013,0.016,0.232,-0.059,-0.0,-0.023,70.8,74.5,78.6,74.6,99.0,99.5,0.0,28.68,5465.5,0.027,264.338,0.0,0.0,-0.0528,0.183,0.0,14.0,0.0,0.0,0.0,75.1,70.6,66.9,70.8,93.3,99.5,0.0,27.77,5764.2,0.032,264.305,0.0,0.0,0.0524,0.1824,0.0,14.0,0.0,0.0,0.0,77.4,82.3,87.5,82.4,105.4,99.5,0.0,29.71,5815.3,0.189,267.87,0.0,0.0,-0.0543,0.1847,0.0,14.0,0.0,0.0,0.0,86.5,80.9,75.8,81.1,103.6,99.5,0.0,29.41,5576.4,0.186,268.014,0.0,0.0,0.054,0.1854,0.0,14.0,0.0,0.0,0.0,36.597,2.65,90.0,14.0,9,13500,5,1,1,False,0.748,0.0,0.0,1.0,True,True,0.0,False,0.0,False,False,False,0.017,0.066,0.54,0.0,0.0,0.0,0.0,0.0,0.0,14.0,12.0,1.2348,2,4314,0:04.314,81345,81345,11643.985,0,0,25336,0.0658,False,False,Soft (S),0,1.0,0,-170.494,-6.454,36.599,-0.046,0.0,True,0,0,371.006,11643.985
1765362302,324.06,11538,1.0,0.0,1.0,0.0,8,9.222,0.5,-89.543,-0.024,-0.706,90.015,0.027,-0.109,0.059,-3.039,0.013,0.013,0.232,-0.023,-0.003,-0.021,70.7,74.4,78.5,74.5,99.0,99.5,0.0,28.68,5875.7,0.032,264.57,0.0,0.0,-0.0534,0.1814,0.0,14.0,0.0,0.0,0.0,75.1,70.6,66.9,70.8,93.4,99.5,0.0,27.78,6200.0,0.028,264.514,0.0,0.0,0.0522,0.1843,0.0,14.0,0.0,0.0,0.0,77.2,82.1,87.3,82.2,105.4,99.5,0.0,29.7,4569.9,0.2,268.716,0.0,0.0,-0.0562,0.1856,0.0,14.0,0.0,0.0,0.0,86.4,80.9,75.7,81.0,103.6,99.5,0.0,29.41,5132.9,0.188,268.323,0.0,0.0,0.0542,0.1866,0.0,14.0,0.0,0.0,0.0,36.597,2.65,90.0,14.0,9,13500,5,1,1,False,0.748,0.0,0.0,1.0,True,True,0.0,False,0.0,False,False,False,0.018,0.06,0.54,0.0,0.0,0.0,0.0,0.0,0.0,14.0,12.0,1.2348,2,4422,0:04.422,81345,81345,11652.97,0,0,25336,0.0675,False,False,Soft (S),0,1.0,0,-169.497,-6.4,26.933,0.022,0.003,True,0,0,379.991,11652.97
1765362302,324.42,11524,1.0,0.0,1.0,0.001,8,9.172,0.467,-89.647,-0.022,-0.763,90.113,0.081,-0.002,0.102,-3.04,0.014,0.016,0.232,-0.018,0.019,0.086,70.6,74.3,78.3,74.4,99.0,99.5,0.0,28.67,5580.8,0.03,264.755,0.0,0.0,-0.0511,0.1829,0.0,14.0,0.0,0.0,0.0,75.0,70.6,66.9,70.8,93.4,99.5,0.0,27.79,5800.4,0.029,264.859,0.0,0.0,0.0524,0.1811,0.0,14.0,0.0,0.0,0.0,77.1,82.0,87.2,82.1,105.4,99.5,0.0,29.7,5477.6,0.179,268.258,0.0,0.0,-0.0555,0.1865,0.0,14.0,0.0,0.0,0.0,86.3,80.8,75.7,80.9,103.6,99.5,0.0,29.41,6077.7,0.179,268.138,0.0,0.0,0.0548,0.1857,0.0,14.0,0.0,0.0,0.0,36.597,2.65,90.0,14.0,9,13500,5,1,1,False,0.748,0.0,0.0,1.0,True,True,0.0,False,0.0,False,False,False,0.019,0.063,0.54,0.0,0.0,0.0,0.0,0.0,0.0,14.0,12.0,1.2348,2,4518,0:04.518,81345,81345,11662.354,0,0,25336,0.069,False,False,Soft (S),0,1.0,0,-168.614,-6.353,18.331,-0.008,0.003,True,0,0,389.375,11662.354
1765362302,324.72,11534,1.0,0.0,1.0,-0.001,8,9.108,0.487,-89.739,0.002,-0.774,90.198,0.097,-0.084,0.164,-3.041,0.014,0.017,0.231,-0.058,0.012,0.012,70.5,74.2,78.2,74.3,99.0,99.5,0.0,28.67,6063.7,0.02,265.095,0.0,0.0,-0.0498,0.1842,0.0,14.0,0.0,0.0,0.0,75.1,70.6,66.9,70.9,93.5,99.5,0.0,27.8,5597.9,0.033,265.126,0.0,0.0,0.0535,0.1822,0.0,14.0,0.0,0.0,0.0,77.0,81.9,87.0,82.0,105.4,99.5,0.0,29.7,6871.4,0.181,268.212,0.0,0.0,-0.0551,0.1849,0.0,14.0,0.0,0.0,0.0,86.2,80.7,75.6,80.8,103.6,99.5,0.0,29.41,5869.8,0.184,268.606,0.0,0.0,0.0559,0.1866,0.0,14.0,0.0,0.0,0.0,36.597,2.65,90.0,14.0,9,13500,5,1,1,False,0.748,0.0,0.0,1.0,True,True,0.0,False,0.0,False,False,False,0.017,0.066,0.54,0.0,0.0,0.0,0.0,0.0,0.0,14.0,12.0,1.2348,2,4620,0:04.620,81345,81345,11671.432,0,0,25336,0.0706,False,False,Soft (S),0,1.0,0,-167.681,-6.303,9.182,-0.07,0.003,True,0,0,398.453,11671.432
1765362302,325.04,11562,1.0,0.0,1.0,-0.001,8,9.073,0.514,-89.829,-0.012,-0.696,90.285,0.004,-0.174,0.077,-3.041,0.013,0.015,0.233,0.017,0.001,-0.037,70.4,74.1,78.1,74.2,99.0,99.5,0.0,28.67,5762.8,0.029,265.258,0.0,0.0,-0.0523,0.1808,0.0,14.0,0.0,0.0,0.0,75.1,70.6,66.9,70.9,93.5,99.5,0.0,27.8,5763.0,0.032,265.233,0.0,0.0,0.0511,0.1821,0.0,14.0,0.0,0.0,0.0,76.9,81.7,86.9,81.8,105.4,99.5,0.0,29.7,5216.1,0.184,268.953,0.0,0.0,-0.0552,0.1859,0.0,14.0,0.0,0.0,0.0,86.2,80.6,75.5,80.8,103.6,99.5,0.0,29.41,4779.6,0.195,269.195,0.0,0.0,0.0556,0.1864,0.0,14.0,0.0,0.0,0.0,36.597,2.65,90.0,14.0,9,13500,5,1,1,False,0.749,0.0,0.0,1.0,True,True,0.0,False,0.0,False,False,False,0.02,0.063,0.54,0.0,0.0,0.0,0.0,0.0,0.0,14.0,12.0,1.2348,2,4728,0:04.728,81345,81345,11680.896,0,0,25336,0.0723,False,False,Soft (S),0,1.0,0,-166.699,-6.244,-0.516,-0.029,0.003,True,0,0,407.917,11680.896
1765362302,325.35,11561,1.0,0.0,1.0,0.001,8,9.047,0.589,-89.919,-0.015,-0.722,90.372,0.024,-0.113,0.024,-3.042,0.015,0.014,0.231,0.039,0.001,0.055,70.3,74.0,78.0,74.1,99.0,99.5,0.0,28.67,5397.8,0.031,265.464,0.0,0.0,-0.0521,0.1822,0.0,14.0,0.0,0.0,0.0,75.1,70.6,66.9,70.9,93.6,99.5,0.0,27.81,5852.8,0.03,265.454,0.0,0.0,0.0535,0.1816,0.0,14.0,0.0,0.0,0.0,76.8,81.6,86.8,81.7,105.3,99.5,0.0,29.7,5272.3,0.186,269.048,0.0,0.0,-0.0577,0.1876,0.0,14.0,0.0,0.0,0.0,86.1,80.5,75.4,80.7,103.6,99.5,0.0,29.42,5252.4,0.184,269.048,0.0,0.0,0.0568,0.1884,0.0,14.0,0.0,0.0,0.0,36.597,2.65,90.0,14.0,9,13500,5,1,1,False,0.749,0.0,0.0,1.0,True,True,0.0,False,0.0,False,False,False,0.019,0.062,0.54,0.0,0.0,0.0,0.0,0.0,0.0,14.0,12.0,1.2348,2,4827,0:04.827,81345,81345,11690.227,0,0,25336,0.0738,False,False,Soft (S),0,1.0,0,-165.803,-6.19,-9.414,-0.013,0.003,True,0,0,417.248,11690.227
1765362302,325.66,11565,1.0,0.0,1.0,-0.003,8,9.021,0.562,-90.008,0.008,-0.715,90.458,0.055,-0.4,0.04,-3.042,0.014,0.013,0.234,0.125,0.012,0.041,70.1,73.9,77.9,74.0,98.9,99.5,0.0,28.67,4519.8,0.022,265.529,0.0,0.0,-0.05,0.1802,0.0,14.0,0.0,0.0,0.0,75.0,70.6,66.9,70.8,93.6,99.5,0.0,27.82,4385.7,0.04,265.564,0.0,0.0,0.0519,0.1785,0.0,14.0,0.0,0.0,0.0,76.6,81.5,86.6,81.6,105.3,99.5,0.0,29.69,5278.2,0.182,269.07,0.0,0.0,-0.0564,0.1872,0.0,14.0,0.0,0.0,0.0,86.0,80.5,75.4,80.6,103.6,99.5,0.0,29.42,4909.3,0.179,269.231,0.0,0.0,0.056,0.189,0.0,14.0,0.0,0.0,0.0,36.597,2.65,90.0,14.0,9,13500,5,1,1,False,0.749,0.0,0.0,1.0,True,True,0.0,False,0.0,False,False,False,0.024,0.062,0.54,0.0,0.0,0.0,0.0,0.0,0.0,14.0,12.0,1.2348,2,4926,0:04.926,81345,81345,11699.083,0,0,25336,0.0754,False,False,Soft (S),0,1.0,0,-164.908,-6.131,-18.32,-0.079,0.003,True,0,0,426.104,11699.083
1765362302,325.97,11546,1.0,0.0,1.0,-0.005,8,8.915,0.464,-90.107,-0.089,-0.951,90.543,0.175,0.369,0.105,-3.044,0.016,0.007,0.228,0.02,0.028,0.021,70.1,73.8,77.8,73.9,98.9,99.5,0.0,28.67,4660.5,0.013,265.912,0.0,0.0,-0.0529,0.1811,0.0,14.0,0.0,0.0,0.0,75.0,70.6,66.9,70.8,93.7,99.5,0.0,27.83,5603.0,0.031,266.063,0.0,0.0,0.0464,0.1832,0.0,14.0,0.0,0.0,0.0,76.5,81.4,86.5,81.5,105.3,99.5,0.0,29.69,7288.5,0.156,268.7,0.0,0.0,-0.0596,0.1904,0.0,14.0,0.0,0.0,0.0,85.9,80.4,75.3,80.5,103.6,99.5,0.0,29.42,7128.3,0.166,268.7,0.0,0.0,0.0538,0.1922,0.0,14.0,0.0,0.0,0.0,36.597,2.65,90.0,14.0,9,13500,5,1,1,False,0.749,0.0,0.0,1.0,True,True,0.0,False,0.0,False,False,False,0.019,0.055,0.54,0.0,0.0,0.0,0.0,0.0,0.0,14.0,12.0,1.2348,2,5031,0:05.031,81345,81345,11708.632,0,0,25336,0.077,False,False,Soft (S),0,1.0,0,-163.965,-6.09,-27.776,-0.113,0.003,True,0,0,435.653,11708.632
1765362303,326.25,11559,1.0,0.0,1.0,-0.005,8,8.64,0.525,-90.211,-0.156,-0.884,90.621,0.343,0.155,0.109,-3.048,0.016,0.011,0.229,0.004,0.042,0.001,70.0,73.7,77.7,73.8,98.9,99.5,0.0,28.67,5019.9,0.004,266.147,0.0,0.0,-0.0515,0.1824,0.0,14.0,0.0,0.0,0.0,75.0,70.6,66.9,70.8,93.7,99.5,0.0,27.84,4605.4,0.042,266.292,0.0,0.0,0.0496,0.1827,0.0,14.0,0.0,0.0,0.0,76.4,81.2,86.4,81.3,105.3,99.5,0.0,29.69,7380.3,0.15,268.865,0.0,0.0,-0.0575,0.1887,0.0,14.0,0.0,0.0,0.0,85.8,80.3,75.2,80.4,103.6,99.5,0.0,29.42,7036.9,0.182,269.158,0.0,0.0,0.0556,0.19,0.0,14.0,0.0,0.0,0.0,36.597,2.65,90.0,14.0,9,13500,5,1,1,False,0.749,0.0,0.0,1.0,True,True,0.0,False,0.0,False,False,False,0.02,0.058,0.54,0.0,0.0,0.0,0.0,0.0,0.0,14.0,12.0,1.2348,2,5127,0:05.127,81345,81345,11717.087,0,0,25336,0.0785,False,False,Soft (S),0,1.0,0,-163.121,-6.042,-36.43,-0.162,0.003,True,0,0,444.108,11717.087
1765362303,326.54,11569,1.0,0.0,1.0,-0.006,8,8.283,0.49,-90.325,-0.195,-0.948,90.7,0.4,0.319,0.082,-3.052,0.016,0.011,0.228,-0.046,0.032,-0.025,69.9,73.6,77.6,73.7,98.9,99.5,0.0,28.67,4601.5,0.003,266.482,0.0,0.0,-0.0536,0.1823,0.0,14.0,0.0,0.0,0.0,75.0,70.6,66.9,70.8,93.8,99.5,0.0,27.84,4961.6,0.046,266.598,0.0,0.0,0.0509,0.1842,0.0,14.0,0.0,0.0,0.0,76.3,81.1,86.2,81.2,105.3,99.5,0.0,29.68,7287.9,0.145,269.234,0.0,0.0,-0.0586,0.1888,0.0,14.0,0.0,0.0,0.0,85.7,80.2,75.1,80.3,103.6,99.5,0.0,29.42,7425.8,0.184,269.234,0.0,0.0,0.0569,0.1908,0.0,14.0,0.0,0.0,0.0,36.597,2.65,90.0,14.0,9,13500,5,1,1,False,0.749,0.0,0.0,1.0,True,True,0.0,False,0.0,False,False,False,0.016,0.06,0.54,0.0,0.0,0.0,0.0,0.0,0.0,14.0,12.0,1.2348,2,5217,0:05.217,81345,81345,11725.68,0,0,25336,0.08,False,False,Soft (S),0,1.0,0,-162.356,-6.0,-44.553,-0.189,0.003,True,0,0,452.701,11725.68
1765362303,326.81,11585,1.0,0.0,1.0,-0.002,8,7.921,0.455,-90.434,-0.177,-0.89,90.777,0.353,0.204,0.098,-3.056,0.015,0.013,0.23,-0.065,0.034,-0.009,69.8,73.5,77.5,73.6,98.9,99.5,0.0,28.66,5143.6,0.013,266.718,0.0,0.0,-0.0535,0.1825,0.0,14.0,0.0,0.0,0.0,75.0,70.6,66.9,70.8,93.8,99.5,0.0,27.85,5326.1,0.043,266.869,0.0,0.0,0.0527,0.1838,0.0,14.0,0.0,0.0,0.0,76.2,81.0,86.1,81.1,105.3,99.5,0.0,29.68,7146.4,0.15,269.494,0.0,0.0,-0.0565,0.1856,0.0,14.0,0.0,0.0,0.0,85.6,80.1,75.1,80.3,103.6,99.5,0.0,29.42,6970.6,0.186,269.741,0.0,0.0,0.0572,0.1887,0.0,14.0,0.0,0.0,0.0,36.597,2.65,90.0,14.0,9,13500,5,1,1,False,0.75,0.0,0.0,1.0,True,True,0.0,False,0.0,False,False,False,0.018,0.061,0.54,0.0,0.0,0.0,0.0,0.0,0.0,14.0,12.0,1.2348,2,5331,0:05.331,81345,81345,11735.936,0,0,25336,0.0818,False,False,Soft (S),0,1.0,0,-161.43,-5.945,-54.855,-0.149,0.0,True,0,0,462.957,11735.936
1765362303,327.07,11606,1.0,0.0,1.0,-0.002,8,7.65,0.415,-90.529,-0.121,-0.835,90.849,0.262,0.129,0.162,-3.059,0.014,0.014,0.23,-0.085,0.021,-0.04,69.7,73.4,77.4,73.5,98.9,99.5,0.0,28.66,5307.3,0.017,266.998,0.0,0.0,-0.054,0.1826,0.0,14.0,0.0,0.0,0.0,75.0,70.6,66.9,70.8,93.9,99.5,0.0,27.86,5799.2,0.041,267.072,0.0,0.0,0.0534,0.1843,0.0,14.0,0.0,0.0,0.0,76.0,80.8,85.9,80.9,105.2,99.5,0.0,29.68,6701.8,0.163,270.094,0.0,0.0,-0.0559,0.1851,0.0,14.0,0.0,0.0,0.0,85.5,80.0,75.0,80.2,103.6,99.5,0.0,29.42,6814.4,0.188,270.094,0.0,0.0,0.0564,0.1866,0.0,14.0,0.0,0.0,0.0,36.597,2.65,90.0,14.0,9,13500,5,1,1,False,0.75,0.0,0.0,1.0,True,True,0.0,False,0.0,False,False,False,0.016,0.063,0.54,0.0,0.0,0.0,0.0,0.0,0.0,14.0,12.0,1.2348,2,5439,0:05.439,81345,81345,11745.528,0,0,25336,0.0835,False,False,Soft (S),0,1.0,0,-160.59,-5.896,-64.627,-0.137,0.003,True,0,0,472.549,11745.528
1765362303,327.33,11628,1.0,0.0,1.0,-0.0,8,7.458,0.429,-90.619,-0.073,-0.768,90.923,0.151,-0.014,0.099,-3.06,0.013,0.014,0.231,-0.045,0.011,0.004,69.6,73.3,77.3,73.4,98.9,99.5,0.0,28.66,5740.2,0.024,267.184,0.0,0.0,-0.0528,0.1828,0.0,14.0,0.0,0.0,0.0,75.0,70.6,66.9,70.8,93.9,99.5,0.0,27.87,5743.4,0.035,267.195,0.0,0.0,0.0527,0.183,0.0,14.0,0.0,0.0,0.0,75.9,80.7,85.8,80.8,105.2,99.5,0.0,29.68,5669.6,0.175,270.618,0.0,0.0,-0.0569,0.1855,0.0,14.0,0.0,0.0,0.0,85.4,80.0,74.9,80.1,103.6,99.5,0.0,29.42,5885.7,0.19,270.618,0.0,0.0,0.0582,0.1873,0.0,14.0,0.0,0.0,0.0,36.597,2.65,90.0,14.0,9,13500,5,1,1,False,0.75,0.0,0.0,1.0,True,True,0.0,False,0.0,False,False,False,0.017,0.063,0.54,0.0,0.0,0.0,0.0,0.0,0.0,14.0,12.0,1.2348,2,5541,0:05.541,81345,81345,11754.861,0,0,25336,0.0851,False,False,Soft (S),0,1.0,0,-159.822,-5.849,-73.866,-0.068,0.003,True,0,0,481.882,11754.861
1765362303,327.61,11635,1.0,0.0,1.0,-0.002,8,7.36,0.374,-90.704,0.002,-0.761,90.999,0.091,0.063,0.074,-3.061,0.012,0.02,0.232,-0.022,0.006,-0.072,69.5,73.2,77.2,73.3,98.9,99.5,0.0,28.66,6319.9,0.021,267.411,0.0,0.0,-0.0509,0.1828,0.0,14.0,0.0,0.0,0.0,75.0,70.6,66.9,70.8,94.0,99.5,0.0,27.88,5720.4,0.039,267.359,0.0,0.0,0.0532,0.182,0.0,14.0,0.0,0.0,0.0,75.8,80.6,85.7,80.7,105.2,99.5,0.0,29.67,6113.5,0.173,270.632,0.0,0.0,-0.0549,0.1859,0.0,14.0,0.0,0.0,0.0,85.3,79.9,74.8,80.0,103.6,99.5,0.0,29.42,5474.2,0.186,270.93,0.0,0.0,0.0568,0.1859,0.0,14.0,0.0,0.0,0.0,36.597,2.65,90.0,14.0,9,13500,5,1,1,False,0.75,0.0,0.0,1.0,True,True,0.0,False,0.0,False,False,False,0.019,0.063,0.54,0.0,0.0,0.0,0.0,0.0,0.0,14.0,12.0,1.2348,2,5634,0:05.634,81345,81345,11763.442,0,0,25336,0.0865,False,False,Soft (S),0,1.0,0,-159.133,-5.81,-82.298,-0.094,0.003,True,0,0,490.463,11763.442
1765362303,327.86,11648,1.0,0.0,1.0,0.002,8,7.313,0.505,-90.777,-0.031,-0.69,91.07,0.027,0.005,0.05,-3.062,0.013,0.015,0.23,0.029,-0.013,-0.007,69.4,73.1,77.1,73.2,98.9,99.5,0.0,28.66,6038.1,0.034,267.557,0.0,0.0,-0.0535,0.1821,0.0,14.0,0.0,0.0,0.0,75.0,70.6,66.9,70.8,94.0,99.5,0.0,27.88,6286.8,0.032,267.453,0.0,0.0,0.0544,0.1836,0.0,14.0,0.0,0.0,0.0,75.7,80.5,85.6,80.6,105.2,99.5,0.0,29.67,5226.6,0.185,271.068,0.0,0.0,-0.0574,0.1871,0.0,14.0,0.0,0.0,0.0,85.3,79.8,74.8,80.0,103.6,99.5,0.0,29.42,5398.6,0.18,271.068,0.0,0.0,0.0557,0.189,0.0,14.0,0.0,0.0,0.0,36.597,2.65,90.0,14.0,9,13500,5,1,1,False,0.75,0.0,0.0,1.0,True,True,0.0,False,0.0,False,False,False,0.018,0.06,0.54,0.0,0.0,0.0,0.0,0.0,0.0,14.0,12.0,1.2348,2,5742,0:05.742,81345,81345,11773.032,0,0,25336,0.0883,False,False,Soft (S),0,1.0,0,-158.342,-5.76,-92.098,-0.0,0.003,True,0,0,500.053,11773.032
1765362303,328.12,11652,1.0,0.0,1.0,0.003,8,7.33,0.488,-90.848,0.011,-0.738,91.142,-0.08,-0.049,0.044,-3.061,0.013,0.017,0.231,0.033,-0.009,-0.012,69.3,73.0,77.0,73.1,98.8,99.5,0.0,28.66,6134.2,0.039,267.753,0.0,0.0,-0.0516,0.1819,0.0,14.0,0.0,0.0,0.0,75.0,70.6,66.9,70.8,94.1,99.5,0.0,27.89,5754.4,0.024,267.663,0.0,0.0,0.0536,0.1821,0.0,14.0,0.0,0.0,0.0,75.6,80.4,85.5,80.5,105.2,99.5,0.0,29.67,5483.3,0.18,271.16,0.0,0.0,-0.0559,0.1876,0.0,14.0,0.0,0.0,0.0,85.2,79.7,74.7,79.9,103.6,99.5,0.0,29.42,5528.4,0.183,271.16,0.0,0.0,0.059,0.1874,0.0,14.0,0.0,0.0,0.0,36.597,2.65,90.0,14.0,9,13500,5,1,1,False,0.75,0.0,0.0,1.0,True,True,0.0,False,0.0,False,False,False,0.019,0.061,0.54,0.0,0.0,0.0,0.0,0.0,0.0,14.0,12.0,1.2348,2,5838,0:05.838,81345,81345,11781.818,0,0,25336,0.0898,False,False,Soft (S),0,1.0,0,-157.64,-5.713,-100.816,0.09,0.003,True,0,0,508.839,11781.818
1765362303,328.37,11668,1.0,0.0,1.0,0.005,8,7.435,0.501,-90.909,0.039,-0.703,91.211,-0.143,-0.161,0.017,-3.06,0.013,0.013,0.232,0.068,-0.019,0.059,69.2,72.9,76.9,73.0,98.8,99.5,0.0,28.66,5852.1,0.045,267.89,0.0,0.0,-0.0514,0.1818,0.0,14.0,0.0,0.0,0.0,75.0,70.6,66.9,70.8,94.1,99.5,0.0,27.9,5591.5,0.017,267.792,0.0,0.0,0.0522,0.1809,0.0,14.0,0.0,0.0,0.0,75.5,80.3,85.3,80.4,105.2,99.5,0.0,29.67,4834.8,0.191,271.615,0.0,0.0,-0.0566,0.1873,0.0,14.0,0.0,0.0,0.0,85.1,79.7,74.6,79.8,103.6,99.5,0.0,29.42,5106.2,0.174,271.44,0.0,0.0,0.0557,0.188,0.0,14.0,0.0,0.0,0.0,36.597,2.65,90.0,14.0,9,13500,5,1,1,False,0.75,0.0,0.0,1.0,True,True,0.0,False,0.0,False,False,False,0.02,0.062,0.54,0.0,0.0,0.0,0.0,0.0,0.0,14.0,12.0,1.2348,2,5940,0:05.940,81345,81345,11790.771,0,0,25336,0.0914,False,False,Soft (S),0,1.0,0,-156.888,-5.661,-110.086,0.142,0.003,True,0,0,517.792,11790.771
1765362303,328.63,11657,1.0,0.0,1.0,0.002,8,7.588,0.441,-90.968,0.071,-0.772,91.281,-0.155,0.061,0.07,-3.058,0.013,0.013,0.231,0.037,-0.011,-0.038,69.1,72.8,76.8,72.9,98.8,99.5,0.0,28.65,5185.1,0.04,268.119,0.0,0.0,-0.0527,0.1813,0.0,14.0,0.0,0.0,0.0,75.0,70.6,66.9,70.8,94.1,99.5,0.0,27.9,5675.0,0.02,268.06,0.0,0.0,0.0514,0.182,0.0,14.0,0.0,0.0,0.0,75.4,80.2,85.2,80.2,105.2,99.5,0.0,29.66,6233.3,0.177,271.284,0.0,0.0,-0.0554,0.1879,0.0,14.0,0.0,0.0,0.0,85.0,79.6,74.6,79.7,103.6,99.5,0.0,29.42,5862.3,0.168,271.284,0.0,0.0,0.0567,0.1871,0.0,14.0,0.0,0.0,0.0,36.597,2.65,90.0,14.0,9,13500,5,1,1,False,0.751,0.0,0.0,1.0,True,True,0.0,False,0.0,False,False,False,0.02,0.059,0.54,0.0,0.0,0.0,0.0,0.0,0.0,14.0,12.0,1.2348,2,6042,0:06.042,81345,81345,11800.556,0,0,25336,0.093,False,False,Soft (S),0,1.0,0,-156.122,-5.617,-119.362,0.089,0.0,True,0,0,527.577,11800.556
1765362304,328.86,11676,1.0,0.0,1.0,0.003,8,7.705,0.477,-91.023,0.043,-0.732,91.347,-0.086,-0.204,0.006,-3.057,0.013,0.014,0.232,0.086,-0.009,0.009,69.0,72.7,76.7,72.8,98.8,99.5,0.0,28.65,5340.6,0.043,268.219,0.0,0.0,-0.052,0.1812,0.0,14.0,0.0,0.0,0.0,75.0,70.6,66.9,70.8,94.2,99.5,0.0,27.91,5160.1,0.018,268.165,0.0,0.0,0.0529,0.1815,0.0,14.0,0.0,0.0,0.0,75.3,80.0,85.1,80.1,105.1,99.5,0.0,29.66,4783.6,0.185,271.906,0.0,0.0,-0.0566,0.1896,0.0,14.0,0.0,0.0,0.0,84.9,79.5,74.5,79.6,103.6,99.5,0.0,29.42,5586.9,0.17,271.537,0.0,0.0,0.0564,0.1879,0.0,14.0,0.0,0.0,0.0,36.597,2.65,90.0,14.0,9,13500,5,1,1,False,0.751,0.0,0.0,1.0,True,True,0.0,False,0.0,False,False,False,0.021,0.058,0.54,0.0,0.0,0.0,0.0,0.0,0.0,14.0,12.0,1.2348,2,6147,0:06.147,81345,81345,11810.088,0,0,25336,0.0947,False,False,Soft (S),0,1.0,0,-155.318,-5.569,-128.916,0.119,0.0,True,0,0,537.109,11810.088
1765362304,329.09,11688,1.0,0.0,1.0,0.004,8,7.792,0.425,-91.08,0.01,-0.737,91.411,-0.147,0.068,0.028,-3.056,0.013,0.008,0.23,0.07,-0.016,0.012,69.0,72.6,76.6,72.7,98.8,99.5,0.0,28.65,5381.7,0.042,268.457,0.0,0.0,-0.0523,0.1809,0.0,14.0,0.0,0.0,0.0,75.0,70.6,66.9,70.8,94.2,99.5,0.0,27.92,6360.3,0.007,268.413,0.0,0.0,0.046,0.1831,0.0,14.0,0.0,0.0,0.0,75.2,79.9,85.0,80.0,105.1,99.5,0.0,29.66,5287.9,0.184,271.998,0.0,0.0,-0.0572,0.1887,0.0,14.0,0.0,0.0,0.0,84.8,79.4,74.4,79.6,103.6,99.5,0.0,29.42,5142.5,0.18,271.998,0.0,0.0,0.0574,0.1897,0.0,14.0,0.0,0.0,0.0,36.597,2.65,90.0,14.0,9,13500,5,1,1,False,0.751,0.0,0.0,1.0,True,True,0.0,False,0.0,False,False,False,0.018,0.058,0.54,0.0,0.0,0.0,0.0,0.0,0.0,14.0,12.0,1.2348,2,6246,0:06.246,81345,81345,11819.081,0,0,25336,0.0962,False,False,Soft (S),0,1.0,0,-154.551,-5.527,-137.93,0.165,0.006,True,0,0,546.102,11819.081
1765362304,329.33,11668,1.0,0.0,1.0,0.002,8,7.87,0.562,-91.141,0.052,-0.814,91.478,-0.056,0.245,0.066,-3.055,0.015,0.015,0.228,0.019,0.012,0.04,68.9,72.6,76.5,72.7,98.8,99.5,0.0,28.65,5436.6,0.029,268.651,0.0,0.0,-0.0503,0.1852,0.0,14.0,0.0,0.0,0.0,75.1,70.6,66.9,70.8,94.3,99.5,0.0,27.92,5175.0,0.019,268.717,0.0,0.0,0.054,0.1826,0.0,14.0,0.0,0.0,0.0,75.1,79.8,84.9,79.9,105.1,99.5,0.0,29.66,6994.2,0.168,271.538,0.0,0.0,-0.0569,0.1916,0.0,14.0,0.0,0.0,0.0,84.8,79.3,74.4,79.5,103.6,99.5,0.0,29.42,6800.5,0.165,271.538,0.0,0.0,0.059,0.1892,0.0,14.0,0.0,0.0,0.0,36.597,2.65,90.0,14.0,9,13500,5,1,1,False,0.751,0.0,0.0,1.0,True,True,0.0,False,0.0,False,False,False,0.017,0.056,0.54,0.0,0.0,0.0,0.0,0.0,0.0,14.0,12.0,1.2348,2,6345,0:06.345,81345,81345,11828.452,0,0,25336,0.0978,False,False,Soft (S),0,1.0,0,-153.775,-5.484,-146.95,0.061,0.006,True,0,0,555.473,11828.452
1765362304,329.56,11696,1.0,0.0,1.0,-0.0,8,7.924,0.369,-91.2,0.024,-0.82,91.54,-0.015,-0.196,0.052,-3.055,0.013,0.013,0.233,0.02,-0.003,-0.045,68.8,72.4,76.4,72.5,98.8,99.5,0.0,28.65,4877.8,0.037,268.869,0.0,0.0,-0.0538,0.1797,0.0,14.0,0.0,0.0,0.0,75.0,70.6,66.9,70.8,94.3,99.5,0.0,27.93,5511.0,0.028,268.863,0.0,0.0,0.0514,0.1823,0.0,14.0,0.0,0.0,0.0,75.0,79.7,84.7,79.8,105.1,99.5,0.0,29.65,5636.3,0.178,272.262,0.0,0.0,-0.0573,0.187,0.0,14.0,0.0,0.0,0.0,84.7,79.3,74.3,79.4,103.6,99.5,0.0,29.42,5966.2,0.173,272.132,0.0,0.0,0.0556,0.1861,0.0,14.0,0.0,0.0,0.0,36.597,2.65,90.0,14.0,9,13500,5,1,1,False,0.751,0.0,0.0,1.0,True,True,0.0,False,0.0,False,False,False,0.021,0.06,0.54,0.0,0.0,0.0,0.0,0.0,0.0,14.0,12.0,1.2348,2,6447,0:06.447,81345,81345,11837.459,0,0,25336,0.0994,False,False,Soft (S),0,1.0,0,-152.97,-5.435,-156.248,0.028,0.003,True,0,0,564.48,11837.459
1765362304,329.79,11687,1.0,0.0,1.0,0.003,8,7.928,0.501,-91.263,0.001,-0.803,91.605,0.035,0.308,0.053,-3.055,0.014,0.016,0.228,0.0,0.012,0.049,68.7,72.4,76.3,72.5,98.8,99.5,0.0,28.65,5520.0,0.033,269.038,0.0,0.0,-0.0531,0.1843,0.0,14.0,0.0,0.0,0.0,75.1,70.6,66.9,70.8,94.4,99.5,0.0,27.94,5886.6,0.017,269.144,0.0,0.0,0.0515,0.184,0.0,14.0,0.0,0.0,0.0,74.9,79.6,84.6,79.7,105.1,99.5,0.0,29.65,6626.6,0.166,271.988,0.0,0.0,-0.0572,0.1907,0.0,14.0,0.0,0.0,0.0,84.6,79.2,74.2,79.3,103.6,99.5,0.0,29.42,6901.9,0.169,271.988,0.0,0.0,0.0585,0.1884,0.0,14.0,0.0,0.0,0.0,36.597,2.65,90.0,14.0,9,13500,5,1,1,False,0.751,0.0,0.0,1.0,True,True,0.0,False,0.0,False,False,False,0.017,0.056,0.54,0.0,0.0,0.0,0.0,0.0,0.0,14.0,12.0,1.2348,2,6552,0:06.552,81345,81345,11847.294,0,0,25336,0.1011,False,False,Soft (S),0,1.0,0,-152.137,-5.394,-165.828,0.081,0.003,True,0,0,574.315,11847.294
1765362304,330.01,11703,1.0,0.0,1.0,-0.002,8,7.921,0.309,-91.326,0.028,-0.865,91.665,0.024,0.079,0.144,-3.055,0.013,0.02,0.23,-0.064,0.012,0.022,68.6,72.3,76.2,72.4,98.8,99.5,0.0,28.65,7066.3,0.023,269.419,0.0,0.0,-0.0481,0.1845,0.0,14.0,0.0,0.0,0.0,75.0,70.6,66.9,70.8,94.4,99.5,0.0,27.94,5189.3,0.041,269.367,0.0,0.0,0.0582,0.1815,0.0,14.0,0.0,0.0,0.0,74.7,79.5,84.5,79.6,105.0,99.5,0.0,29.65,6871.5,0.169,272.31,0.0,0.0,-0.0544,0.1861,0.0,14.0,0.0,0.0,0.0,84.5,79.1,74.1,79.2,103.6,99.5,0.0,29.41,6716.1,0.175,272.401,0.0,0.0,0.0587,0.185,0.0,14.0,0.0,0.0,0.0,36.597,2.65,90.0,14.0,9,13500,5,1,1,False,0.752,0.0,0.0,1.0,True,True,0.0,False,0.0,False,False,False,0.018,0.063,0.54,0.0,0.0,0.0,0.0,0.0,0.0,14.0,12.0,1.2348,2,6651,0:06.651,81345,81345,11856.36,0,0,25336,0.1027,False,False,Soft (S),0,1.0,0,-151.352,-5.353,-174.865,-0.058,0.003,True,0,0,583.381,11856.36
1765362304,330.2,11719,1.0,0.0,1.0,-0.003,8,7.893,0.509,-91.38,-0.031,-0.778,91.718,0.01,-0.021,0.078,-3.056,0.014,0.012,0.229,-0.037,-0.009,-0.058,68.5,72.2,76.2,72.3,98.8,99.5,0.0,28.65,5307.5,0.021,269.515,0.0,0.0,-0.0547,0.1828,0.0,14.0,0.0,0.0,0.0,75.1,70.6,66.9,70.9,94.4,99.5,0.0,27.95,5565.8,0.028,269.409,0.0,0.0,0.0515,0.1866,0.0,14.0,0.0,0.0,0.0,74.7,79.4,84.4,79.5,105.0,99.5,0.0,29.65,6316.3,0.175,272.682,0.0,0.0,-0.0574,0.187,0.0,14.0,0.0,0.0,0.0,84.4,79.0,74.1,79.2,103.6,99.5,0.0,29.42,5910.3,0.176,272.789,0.0,0.0,0.0557,0.19,0.0,14.0,0.0,0.0,0.0,36.597,2.65,90.0,14.0,9,13500,5,1,1,False,0.752,0.0,0.0,1.0,True,True,0.0,False,0.0,False,False,False,0.016,0.059,0.54,0.0,0.0,0.0,0.0,0.0,0.0,14.0,12.0,1.2348,2,6753,0:06.753,81345,81345,11865.659,0,0,25336,0.1043,False,False,Soft (S),0,1.0,0,-150.546,-5.309,-184.183,-0.052,0.003,True,0,0,592.68,11865.659
1765362304,330.41,11729,1.0,0.0,1.0,-0.0,8,7.829,0.445,-91.445,-0.05,-0.821,91.777,0.077,-0.091,0.109,-3.057,0.014,0.014,0.231,-0.055,0.011,0.005,68.5,72.1,76.1,72.2,98.8,99.5,0.0,28.65,5308.0,0.022,269.658,0.0,0.0,-0.0518,0.1833,0.0,14.0,0.0,0.0,0.0,75.0,70.6,66.9,70.8,94.5,99.5,0.0,27.96,5391.3,0.028,269.679,0.0,0.0,0.0521,0.1836,0.0,14.0,0.0,0.0,0.0,74.6,79.3,84.3,79.4,105.0,99.5,0.0,29.64,6008.2,0.173,272.953,0.0,0.0,-0.0568,0.1861,0.0,14.0,0.0,0.0,0.0,84.3,79.0,74.0,79.1,103.6,99.5,0.0,29.41,6290.3,0.179,272.953,0.0,0.0,0.0549,0.187,0.0,14.0,0.0,0.0,0.0,36.597,2.65,90.0,14.0,9,13500,5,1,1,False,0.752,0.0,0.0,1.0,True,True,0.0,False,0.0,False,False,False,0.017,0.062,0.54,0.0,0.0,0.0,0.0,0.0,0.0,14.0,12.0,1.2348,2,6855,0:06.855,81345,81345,11874.573,0,0,25336,0.106,False,False,Soft (S),0,1.0,0,-149.744,-5.259,-193.508,-0.038,0.003,True,0,0,601.594,11874.573
1765362304,330.62,11742,1.0,0.0,1.0,0.0,8,7.774,0.389,-91.508,-0.064,-0.77,91.835,0.118,0.033,0.071,-3.058,0.013,0.008,0.231,-0.051,-0.002,0.066,68.4,72.0,76.0,72.1,98.8,99.5,0.0,28.65,4776.8,0.03,269.84,0.0,0.0,-0.0578,0.1846,0.0,14.0,0.0,0.0,0.0,75.0,70.6,66.9,70.8,94.5,99.5,0.0,27.96,5876.5,0.02,269.825,0.0,0.0,0.0489,0.1833,0.0,14.0,0.0,0.0,0.0,74.4,79.2,84.1,79.3,105.0,99.5,0.0,29.64,5675.3,0.183,273.393,0.0,0.0,-0.0566,0.185,0.0,14.0,0.0,0.0,0.0,84.2,78.9,73.9,79.0,103.6,99.5,0.0,29.41,6237.8,0.174,273.149,0.0,0.0,0.0522,0.1871,0.0,14.0,0.0,0.0,0.0,36.597,2.65,90.0,14.0,9,13500,5,1,1,False,0.752,0.0,0.0,1.0,True,True,0.0,False,0.0,False,False,False,0.015,0.065,0.54,0.0,0.0,0.0,0.0,0.0,0.0,14.0,12.0,1.2348,2,6954,0:06.954,81345,81345,11884.171,0,0,25336,0.1075,False,False,Soft (S),0,1.0,0,-148.973,-5.216,-202.564,0.034,0.003,True,0,0,611.192,11884.171
1765362304,330.81,11750,1.0,0.0,1.0,0.001,8,7.756,0.703,-91.56,-0.03,-0.715,91.888,0.072,-0.097,-0.002,-3.057,0.015,0.008,0.226,0.015,0.001,0.101,68.3,72.0,75.9,72.1,98.8,99.5,0.0,28.65,5997.6,0.017,269.837,0.0,0.0,-0.0521,0.1881,0.0,14.0,0.0,0.0,0.0,75.1,70.6,66.9,70.9,94.6,99.5,0.0,27.97,6505.4,0.015,269.918,0.0,0.0,0.048,0.1848,0.0,14.0,0.0,0.0,0.0,74.4,79.1,84.1,79.2,105.0,99.5,0.0,29.64,4651.7,0.184,273.659,0.0,0.0,-0.0592,0.1927,0.0,14.0,0.0,0.0,0.0,84.2,78.8,73.9,79.0,103.6,99.5,0.0,29.42,5675.9,0.171,273.227,0.0,0.0,0.055,0.1918,0.0,14.0,0.0,0.0,0.0,36.597,2.65,90.0,14.0,9,13500,5,1,1,False,0.752,0.0,0.0,1.0,True,True,0.0,False,0.0,False,False,False,0.013,0.057,0.54,0.0,0.0,0.0,0.0,0.0,0.0,14.0,12.0,1.2348,2,7056,0:07.056,81345,81345,11893.609,0,0,25336,0.1091,False,False,Soft (S),0,1.0,0,-148.181,-5.163,-211.902,-0.005,0.003,True,0,0,620.63,11893.609
1765362305,331.01,11766,1.0,0.0,1.0,-0.001,8,7.775,0.437,-91.616,0.029,-0.757,91.944,0.01,-0.368,0.097,-3.057,0.013,0.016,0.233,0.027,-0.004,-0.095,68.2,71.9,75.8,72.0,98.8,99.5,0.0,28.64,6048.4,0.025,270.072,0.0,0.0,-0.0497,0.1814,0.0,14.0,0.0,0.0,0.0,75.0,70.6,66.9,70.8,94.6,99.5,0.0,27.98,4964.3,0.041,269.973,0.0,0.0,0.055,0.1806,0.0,14.0,0.0,0.0,0.0,74.3,79.0,83.9,79.1,105.0,99.5,0.0,29.64,5406.5,0.184,273.746,0.0,0.0,-0.0553,0.1871,0.0,14.0,0.0,0.0,0.0,84.1,78.7,73.8,78.9,103.6,99.5,0.0,29.41,5104.2,0.199,273.911,0.0,0.0,0.0597,0.1851,0.0,14.0,0.0,0.0,0.0,36.597,2.65,90.0,14.0,9,13500,5,1,1,False,0.752,0.0,0.0,1.0,True,True,0.0,False,0.0,False,False,False,0.021,0.063,0.54,0.0,0.0,0.0,0.0,0.0,0.0,14.0,12.0,1.2348,2,7158,0:07.158,81345,81345,11902.498,0,0,25336,0.1108,False,False,Soft (S),0,1.0,0,-147.389,-5.101,-221.244,-0.057,0.006,True,0,0,629.519,11902.498
1765362305,331.24,11730,1.0,0.0,1.0,0.002,8,7.797,0.532,-91.679,0.003,-0.902,92.007,-0.097,0.863,0.054,-3.057,0.016,0.01,0.223,-0.095,-0.007,0.088,68.2,71.8,75.8,71.9,98.8,99.5,0.0,28.64,6720.2,0.027,270.471,0.0,0.0,-0.0532,0.1875,0.0,14.0,0.0,0.0,0.0,75.0,70.6,66.9,70.8,94.7,99.5,0.0,27.99,6776.8,0.011,270.403,0.0,0.0,0.0512,0.1874,0.0,14.0,0.0,0.0,0.0,74.2,78.9,83.8,79.0,105.0,99.5,0.0,29.63,7718.0,0.168,272.983,0.0,0.0,-0.0596,0.1901,0.0,14.0,0.0,0.0,0.0,84.0,78.7,73.8,78.8,103.6,99.5,0.0,29.41,7821.4,0.158,272.983,0.0,0.0,0.0574,0.1918,0.0,14.0,0.0,0.0,0.0,36.597,2.65,90.0,14.0,9,13500,5,1,1,False,0.753,0.0,0.0,1.0,True,True,0.0,False,0.0,False,False,False,0.011,0.056,0.54,0.0,0.0,0.0,0.0,0.0,0.0,14.0,12.0,1.2348,2,7263,0:07.263,81345,81345,11911.908,0,0,25336,0.1124,False,False,Soft (S),0,1.0,0,-146.572,-5.062,-230.867,0.101,0.003,True,0,0,638.929,11911.908
1765362305,331.33,11829,1.0,0.0,1.0,0.001,8,7.863,0.584,-91.699,-0.038,-0.606,92.035,-0.053,-0.552,-0.022,-3.057,0.013,0.006,0.233,0.012,-0.013,-0.02,68.1,71.7,75.7,71.8,98.8,99.5,0.0,28.64,5747.4,0.03,270.373,0.0,0.0,-0.0518,0.1818,0.0,14.0,0.0,0.0,0.0,75.0,70.6,66.9,70.8,94.7,99.5,0.0,27.99,6151.6,0.019,270.265,0.0,0.0,0.0474,0.1835,0.0,14.0,0.0,0.0,0.0,74.1,78.8,83.7,78.9,104.9,99.5,0.0,29.63,3854.7,0.22,275.365,0.0,0.0,-0.0551,0.185,0.0,14.0,0.0,0.0,0.0,84.0,78.6,73.7,78.7,103.6,99.5,0.0,29.41,4052.5,0.215,275.222,0.0,0.0,0.0514,0.1861,0.0,14.0,0.0,0.0,0.0,36.597,2.65,90.0,14.0,9,13500,5,1,1,False,0.753,0.0,0.0,1.0,True,True,0.0,False,0.0,False,False,False,0.017,0.066,0.54,0.0,0.0,0.0,0.0,0.0,0.0,14.0,12.0,1.2348,2,7368,0:07.368,81345,81345,11922.083,0,0,25336,0.1141,False,False,Soft (S),0,1.0,0,-145.75,-4.988,-240.495,0.061,0.003,True,0,0,649.104,11922.083
1765362305,331.61,11754,1.0,0.0,1.0,0.001,8,7.888,0.533,-91.774,0.007,-0.791,92.111,-0.15,-0.227,0.149,-3.056,0.014,0.011,0.231,0.111,0.001,-0.165,68.0,71.6,75.6,71.7,98.7,99.5,0.0,28.64,4495.9,0.043,270.315,0.0,0.0,-0.0571,0.1778,0.0,14.0,0.0,0.0,0.0,75.0,70.6,66.9,70.8,94.7,99.5,0.0,28.0,4910.0,0.029,270.386,0.0,0.0,0.0518,0.1829,0.0,14.0,0.0,0.0,0.0,74.0,78.7,83.6,78.8,104.9,99.5,0.0,29.63,7489.3,0.16,272.978,0.0,0.0,-0.0561,0.1904,0.0,14.0,0.0,0.0,0.0,83.9,78.6,73.6,78.7,103.6,99.5,0.0,29.41,5139.9,0.191,274.102,0.0,0.0,0.059,0.1893,0.0,14.0,0.0,0.0,0.0,36.597,2.65,90.0,14.0,9,13500,5,1,1,False,0.753,0.0,0.0,1.0,True,True,0.0,False,0.0,False,False,False,0.024,0.055,0.54,0.0,0.0,0.0,0.0,0.0,0.0,14.0,12.0,1.2348,2,7464,0:07.464,81345,81345,11931.259,0,0,25336,0.1156,False,False,Soft (S),0,1.0,0,-144.994,-4.935,-249.302,0.055,0.003,True,0,0,658.28,11931.259
1765362305,331.78,11755,1.0,0.0,1.0,0.003,8,7.854,0.542,-91.824,0.032,-0.948,92.156,-0.033,0.546,0.041,-3.056,0.016,0.015,0.226,-0.061,0.005,0.119,67.9,71.6,75.5,71.7,98.8,99.5,0.0,28.64,6039.7,0.031,270.795,0.0,0.0,-0.0511,0.1869,0.0,14.0,0.0,0.0,0.0,75.0,70.6,66.9,70.8,94.8,99.5,0.0,28.0,5176.1,0.023,270.786,0.0,0.0,0.0608,0.1843,0.0,14.0,0.0,0.0,0.0,73.9,78.6,83.5,78.7,104.9,99.5,0.0,29.63,7606.8,0.173,273.463,0.0,0.0,-0.0596,0.191,0.0,14.0,0.0,0.0,0.0,83.8,78.5,73.6,78.6,103.6,99.5,0.0,29.41,6971.7,0.174,273.661,0.0,0.0,0.065,0.1912,0.0,14.0,0.0,0.0,0.0,36.597,2.65,90.0,14.0,9,13500,5,1,1,False,0.753,0.0,0.0,1.0,True,True,0.0,False,0.0,False,False,False,0.014,0.058,0.54,0.0,0.0,0.0,0.0,0.0,0.0,14.0,12.0,1.2348,2,7569,0:07.569,81345,81345,11940.813,0,0,25336,0.1173,False,False,Soft (S),0,1.0,0,-144.166,-4.89,-258.94,0.072,0.006,True,0,0,667.834,11940.813
1765362305,331.89,11827,1.0,0.0,1.0,0.002,8,7.94,0.649,-91.847,-0.024,-0.676,92.19,-0.061,-0.801,-0.049,-3.056,0.014,-0.003,0.234,0.071,-0.017,0.004,67.9,71.5,75.4,71.6,98.7,99.5,0.0,28.64,3439.7,0.041,270.642,0.0,0.0,-0.0572,0.1789,0.0,14.0,0.0,0.0,0.0,75.0,70.6,66.9,70.8,94.8,99.5,0.0,28.01,5373.5,0.004,270.62,0.0,0.0,0.0416,0.1842,0.0,14.0,0.0,0.0,0.0,73.8,78.5,83.4,78.6,104.9,99.5,0.0,29.62,3703.3,0.224,275.703,0.0,0.0,-0.0592,0.1851,0.0,14.0,0.0,0.0,0.0,83.7,78.4,73.5,78.6,103.6,99.5,0.0,29.41,4476.1,0.182,274.769,0.0,0.0,0.0496,0.1913,0.0,14.0,0.0,0.0,0.0,36.597,2.65,90.0,14.0,9,13500,5,1,1,False,0.753,0.0,0.0,1.0,True,True,0.0,False,0.0,False,False,False,0.021,0.062,0.54,0.0,0.0,0.0,0.0,0.0,0.0,14.0,12.0,1.2348,2,7674,0:07.674,81345,81345,11950.248,0,0,25336,0.119,False,False,Soft (S),0,1.0,0,-143.338,-4.815,-268.584,0.119,0.003,True,0,0,677.269,11950.248
1765362305,332.13,11769,1.0,0.0,1.0,-0.0,8,7.954,0.502,-91.913,0.023,-0.888,92.254,0.117,0.412,0.069,-3.055,0.015,0.011,0.227,-0.053,0.013,-0.027,67.8,71.4,75.3,71.5,98.7,99.5,0.0,28.64,6445.7,0.011,271.058,0.0,0.0,-0.0484,0.188,0.0,14.0,0.0,0.0,0.0,75.0,70.6,66.9,70.8,94.9,99.5,0.0,28.02,5726.4,0.034,271.074,0.0,0.0,0.0562,0.1826,0.0,14.0,0.0,0.0,0.0,73.7,78.4,83.3,78.5,104.9,99.5,0.0,29.62,7393.0,0.162,273.785,0.0,0.0,-0.056,0.1894,0.0,14.0,0.0,0.0,0.0,83.6,78.3,73.4,78.5,103.6,99.5,0.0,29.41,6891.3,0.172,273.974,0.0,0.0,0.0588,0.1873,0.0,14.0,0.0,0.0,0.0,36.597,2.65,90.0,14.0,9,13500,5,1,1,False,0.753,0.0,0.0,1.0,True,True,0.0,False,0.0,False,False,False,0.014,0.061,0.54,0.0,0.0,0.0,0.0,0.0,0.0,14.0,12.0,1.2348,2,7776,0:07.776,81345,81345,11959.831,0,0,25336,0.1206,False,False,Soft (S),0,1.0,0,-142.524,-4.769,-277.956,-0.117,0.003,True,0,0,686.852,11959.831
1765362305,332.29,11798,1.0,0.0,1.0,-0.002,8,7.938,0.461,-91.96,-0.009,-0.791,92.299,0.003,-0.186,0.083,-3.056,0.014,0.005,0.231,-0.045,-0.011,-0.012,67.7,71.3,75.3,71.4,98.7,99.5,0.0,28.64,5709.3,0.023,271.226,0.0,0.0,-0.0521,0.1827,0.0,14.0,0.0,0.0,0.0,75.0,70.6,66.9,70.8,94.9,99.5,0.0,28.02,5759.6,0.028,271.119,0.0,0.0,0.0504,0.1835,0.0,14.0,0.0,0.0,0.0,73.6,78.3,83.2,78.4,104.9,99.5,0.0,29.62,5893.4,0.18,274.561,0.0,0.0,-0.0564,0.1853,0.0,14.0,0.0,0.0,0.0,83.6,78.3,73.4,78.4,103.6,99.5,0.0,29.41,6008.4,0.177,274.561,0.0,0.0,0.0548,0.1873,0.0,14.0,0.0,0.0,0.0,36.597,2.65,90.0,14.0,9,13500,5,1,1,False,0.754,0.0,0.0,1.0,True,True,0.0,False,0.0,False,False,False,0.017,0.063,0.54,0.0,0.0,0.0,0.0,0.0,0.0,14.0,12.0,1.2348,2,7875,0:07.875,81345,81345,11968.861,0,0,25336,0.1222,False,False,Soft (S),0,1.0,0,-141.739,-4.714,-287.057,-0.039,0.006,True,0,0,695.882,11968.861
1765362305,332.48,11784,1.0,0.0,1.0,0.003,8,7.945,0.584,-92.012,-0.034,-0.773,92.353,-0.067,-0.15,0.046,-3.056,0.015,0.005,0.23,0.063,0.01,0.025,67.6,71.3,75.2,71.4,98.7,99.5,0.0,28.63,5350.8,0.034,271.099,0.0,0.0,-0.0528,0.1814,0.0,14.0,0.0,0.0,0.0,75.0,70.5,66.8,70.8,94.9,99.5,0.0,28.03,4664.9,0.014,271.173,0.0,0.0,0.0482,0.1836,0.0,14.0,0.0,0.0,0.0,73.5,78.2,83.1,78.3,104.8,99.5,0.0,29.61,6491.1,0.166,274.179,0.0,0.0,-0.0561,0.191,0.0,14.0,0.0,0.0,0.0,83.5,78.2,73.3,78.4,103.6,99.5,0.0,29.41,6131.2,0.172,274.319,0.0,0.0,0.0566,0.1887,0.0,14.0,0.0,0.0,0.0,36.597,2.65,90.0,14.0,9,13500,5,1,1,False,0.754,0.0,0.0,1.0,True,True,0.0,False,0.0,False,False,False,0.021,0.055,0.54,0.0,0.0,0.0,0.0,0.0,0.0,14.0,12.0,1.2348,2,7980,0:07.980,81345,81345,11978.561,0,0,25336,0.1239,False,False,Soft (S),0,1.0,0,-140.905,-4.657,-296.716,0.103,0.006,True,0,0,705.582,11978.561
1765362305,332.66,11789,1.0,0.0,1.0,-0.0,8,7.954,0.356,-92.062,0.014,-0.878,92.402,-0.01,0.16,0.07,-3.055,0.013,0.01,0.23,-0.028,0.006,-0.097,67.5,71.2,75.1,71.3,98.7,99.5,0.0,28.63,5965.4,0.028,271.454,0.0,0.0,-0.0513,0.1818,0.0,14.0,0.0,0.0,0.0,75.0,70.5,66.8,70.8,95.0,99.5,0.0,28.03,5605.7,0.032,271.447,0.0,0.0,0.0556,0.1838,0.0,14.0,0.0,0.0,0.0,73.4,78.1,83.0,78.2,104.8,99.5,0.0,29.61,7365.1,0.159,274.211,0.0,0.0,-0.0538,0.1876,0.0,14.0,0.0,0.0,0.0,83.4,78.1,73.2,78.3,103.6,99.5,0.0,29.41,6528.0,0.175,274.506,0.0,0.0,0.0576,0.1855,0.0,14.0,0.0,0.0,0.0,36.597,2.65,90.0,14.0,9,13500,5,1,1,False,0.754,0.0,0.0,1.0,True,True,0.0,False,0.0,False,False,False,0.018,0.059,0.54,0.0,0.0,0.0,0.0,0.0,0.0,14.0,12.0,1.2348,2,8073,0:08.073,81345,81345,11987.233,0,0,25336,0.1254,False,False,Soft (S),0,1.0,0,-140.165,-4.618,-305.275,-0.022,0.003,True,0,0,714.254,11987.233
1765362306,332.81,11809,1.0,0.0,1.0,0.001,8,7.95,0.393,-92.105,0.03,-0.8,92.444,-0.027,0.095,0.057,-3.055,0.013,0.012,0.229,-0.046,-0.009,-0.017,67.5,71.1,75.0,71.2,98.7,99.5,0.0,28.63,6479.7,0.034,271.657,0.0,0.0,-0.0525,0.1839,0.0,14.0,0.0,0.0,0.0,75.0,70.5,66.8,70.8,95.0,99.5,0.0,28.04,6190.8,0.023,271.561,0.0,0.0,0.0537,0.1843,0.0,14.0,0.0,0.0,0.0,73.4,78.0,82.9,78.1,104.8,99.5,0.0,29.61,5988.4,0.177,274.881,0.0,0.0,-0.0563,0.1872,0.0,14.0,0.0,0.0,0.0,83.3,78.1,73.2,78.2,103.6,99.5,0.0,29.41,6398.0,0.177,274.753,0.0,0.0,0.0601,0.1872,0.0,14.0,0.0,0.0,0.0,36.597,2.65,90.0,14.0,9,13500,5,1,1,False,0.754,0.0,0.0,1.0,True,True,0.0,False,0.0,False,False,False,0.016,0.061,0.54,0.0,0.0,0.0,0.0,0.0,0.0,14.0,12.0,1.2348,2,8178,0:08.178,81345,81345,11996.901,0,0,25336,0.1271,False,False,Soft (S),0,1.0,0,-139.331,-4.577,-314.944,0.07,0.006,True,0,0,723.922,11996.901
1765362306,332.96,11825,1.0,0.0,1.0,0.0,8,7.996,0.608,-92.141,0.032,-0.682,92.486,-0.073,-0.04,0.014,-3.055,0.014,0.009,0.23,0.047,-0.016,0.01,67.4,71.0,75.0,71.1,98.7,99.5,0.0,28.63,5776.2,0.03,271.639,0.0,0.0,-0.052,0.1839,0.0,14.0,0.0,0.0,0.0,75.0,70.6,66.8,70.8,95.0,99.5,0.0,28.05,5790.6,0.024,271.49,0.0,0.0,0.0533,0.1832,0.0,14.0,0.0,0.0,0.0,73.3,77.9,82.8,78.0,104.8,99.5,0.0,29.61,4970.9,0.188,275.286,0.0,0.0,-0.0585,0.189,0.0,14.0,0.0,0.0,0.0,83.3,78.0,73.1,78.2,103.6,99.5,0.0,29.41,5368.7,0.181,275.08,0.0,0.0,0.0593,0.19,0.0,14.0,0.0,0.0,0.0,36.597,2.65,90.0,14.0,9,13500,5,1,1,False,0.754,0.0,0.0,1.0,True,True,0.0,False,0.0,False,False,False,0.017,0.06,0.54,0.0,0.0,0.0,0.0,0.0,0.0,14.0,12.0,1.2348,2,8283,0:08.283,81345,81345,12006.326,0,0,25336,0.1288,False,False,Soft (S),0,1.0,0,-138.494,-4.52,-324.617,0.042,0.003,True,0,0,733.347,12006.326
1765362306,333.12,11818,1.0,0.0,1.0,-0.0,8,8.047,0.53,-92.182,0.021,-0.768,92.531,-0.015,-0.016,0.053,-3.054,0.014,0.008,0.23,0.026,-0.003,0.036,67.3,71.0,74.9,71.1,98.7,99.5,0.0,28.63,5880.6,0.023,271.761,0.0,0.0,-0.0493,0.1845,0.0,14.0,0.0,0.0,0.0,75.0,70.5,66.8,70.8,95.1,99.5,0.0,28.05,5191.1,0.024,271.692,0.0,0.0,0.0512,0.1814,0.0,14.0,0.0,0.0,0.0,73.2,77.8,82.7,77.9,104.8,99.5,0.0,29.6,5913.7,0.18,275.03,0.0,0.0,-0.057,0.1874,0.0,14.0,0.0,0.0,0.0,83.2,77.9,73.1,78.1,103.6,99.5,0.0,29.41,6080.0,0.173,275.03,0.0,0.0,0.0574,0.1886,0.0,14.0,0.0,0.0,0.0,36.597,2.65,90.0,14.0,9,13500,5,1,1,False,0.754,0.0,0.0,1.0,True,True,0.0,False,0.0,False,False,False,0.018,0.063,0.54,0.0,0.0,0.0,0.0,0.0,0.0,14.0,12.0,1.2348,2,8385,0:08.385,81345,81345,12016.061,0,0,25336,0.1304,False,False,Soft (S),0,1.0,0,-137.676,-4.465,-334.017,0.015,0.006,True,0,0,743.082,12016.061
1765362306,333.26,11835,1.0,0.0,1.0,-0.003,8,8.072,0.445,-92.22,0.013,-0.772,92.57,-0.008,0.238,0.051,-3.054,0.013,0.009,0.229,-0.061,-0.01,-0.118,67.3,70.9,74.8,71.0,98.7,99.5,0.0,28.63,7221.5,0.013,272.159,0.0,0.0,-0.0496,0.1865,0.0,14.0,0.0,0.0,0.0,75.0,70.5,66.8,70.8,95.1,99.5,0.0,28.06,6071.3,0.038,271.908,0.0,0.0,0.055,0.1849,0.0,14.0,0.0,0.0,0.0,73.1,77.7,82.6,77.8,104.7,99.5,0.0,29.6,6352.4,0.173,275.259,0.0,0.0,-0.0546,0.1857,0.0,14.0,0.0,0.0,0.0,83.1,77.9,73.0,78.0,103.6,99.5,0.0,29.41,5467.1,0.185,275.594,0.0,0.0,0.0564,0.1867,0.0,14.0,0.0,0.0,0.0,36.597,2.65,90.0,14.0,9,13500,5,1,1,False,0.754,0.0,0.0,1.0,True,True,0.0,False,0.0,False,False,False,0.014,0.063,0.54,0.0,0.0,0.0,0.0,0.0,0.0,14.0,12.0,1.2348,2,8478,0:08.478,81345,81345,12024.556,0,0,25336,0.1319,False,False,Soft (S),0,1.0,0,-136.926,-4.421,-342.592,-0.127,0.003,True,0,0,751.577,12024.556
1765362306,333.42,11850,1.0,0.0,1.0,-0.0,8,8.063,0.686,-92.261,-0.066,-0.67,92.613,0.023,-0.714,-0.034,-3.055,0.015,-0.0,0.232,0.127,-0.016,-0.055,67.2,70.8,74.7,70.9,98.7,99.5,0.0,28.62,3662.0,0.035,271.79,0.0,0.0,-0.057,0.1783,0.0,14.0,0.0,0.0,0.0,75.0,70.5,66.8,70.8,95.2,99.5,0.0,28.06,4925.1,0.018,271.732,0.0,0.0,0.0463,0.185,0.0,14.0,0.0,0.0,0.0,73.0,77.7,82.6,77.8,104.7,99.5,0.0,29.6,3815.8,0.191,276.077,0.0,0.0,-0.0596,0.1899,0.0,14.0,0.0,0.0,0.0,83.1,77.8,73.0,78.0,103.6,99.5,0.0,29.41,5015.0,0.181,275.465,0.0,0.0,0.0534,0.1921,0.0,14.0,0.0,0.0,0.0,36.597,2.65,90.0,14.0,9,13500,5,1,1,False,0.755,0.0,0.0,1.0,True,True,0.0,False,0.0,False,False,False,0.022,0.055,0.54,0.0,0.0,0.0,0.0,0.0,0.0,14.0,12.0,1.2348,2,8586,0:08.586,81345,81345,12034.733,0,0,25336,0.1336,False,False,Soft (S),0,1.0,0,-136.056,-4.353,-352.555,0.039,0.003,True,0,0,761.754,12034.733
1765362306,333.61,11821,1.0,0.0,1.0,0.0,8,8.025,0.216,-92.32,-0.017,-0.965,92.663,0.078,0.43,0.047,-3.055,0.013,0.01,0.229,-0.078,0.018,0.019,67.1,70.7,74.6,70.8,98.6,99.5,0.0,28.62,6727.1,0.024,272.275,0.0,0.0,-0.0503,0.1847,0.0,14.0,0.0,0.0,0.0,74.9,70.5,66.8,70.7,95.2,99.5,0.0,28.07,6194.5,0.033,272.353,0.0,0.0,0.0535,0.182,0.0,14.0,0.0,0.0,0.0,72.9,77.6,82.4,77.6,104.7,99.5,0.0,29.59,7261.4,0.158,275.105,0.0,0.0,-0.0545,0.1867,0.0,14.0,0.0,0.0,0.0,83.0,77.7,72.9,77.9,103.5,99.5,0.0,29.41,6994.7,0.169,275.105,0.0,0.0,0.0559,0.1855,0.0,14.0,0.0,0.0,0.0,36.597,2.65,90.0,14.0,9,13500,5,1,1,False,0.755,0.0,0.0,1.0,True,True,0.0,False,0.0,False,False,False,0.017,0.063,0.54,0.0,0.0,0.0,0.0,0.0,0.0,14.0,12.0,1.2348,2,8688,0:08.688,81345,81345,12043.94,0,0,25336,0.1353,False,False,Soft (S),0,1.0,0,-135.235,-4.319,-361.967,-0.051,0.006,True,0,0,770.961,12043.94
1765362306,333.73,11830,1.0,0.0,1.0,-0.0,8,7.97,0.695,-92.358,-0.041,-0.738,92.701,0.02,0.149,0.016,-3.056,0.015,0.003,0.226,0.019,0.008,0.108,67.1,70.7,74.6,70.8,98.6,99.5,0.0,28.62,5899.8,0.012,272.204,0.0,0.0,-0.05,0.187,0.0,14.0,0.0,0.0,0.0,75.0,70.5,66.8,70.8,95.2,99.5,0.0,28.08,5239.4,0.018,272.218,0.0,0.0,0.0499,0.1847,0.0,14.0,0.0,0.0,0.0,72.9,77.5,82.4,77.6,104.7,99.5,0.0,29.59,6209.4,0.171,275.305,0.0,0.0,-0.0595,0.1911,0.0,14.0,0.0,0.0,0.0,83.0,77.7,72.9,77.9,103.6,99.5,0.0,29.41,6334.1,0.169,275.305,0.0,0.0,0.0573,0.1934,0.0,14.0,0.0,0.0,0.0,36.597,2.65,90.0,14.0,9,13500,5,1,1,False,0.755,0.0,0.0,1.0,True,True,0.0,False,0.0,False,False,False,0.015,0.057,0.54,0.0,0.0,0.0,0.0,0.0,0.0,14.0,12.0,1.2348,2,8790,0:08.790,81345,81345,12053.431,0,0,25336,0.1369,False,False,Soft (S),0,1.0,0,-134.42,-4.266,-371.386,-0.034,0.003,True,0,0,780.452,12053.431
1765362306,333.87,11844,1.0,0.0,1.0,-0.003,8,7.957,0.502,-92.397,-0.034,-0.837,92.737,0.092,0.076,0.032,-3.056,0.014,0.004,0.23,-0.032,0.001,-0.074,67.0,70.6,74.5,70.7,98.6,99.5,0.0,28.62,5532.3,0.015,272.451,0.0,0.0,-0.0522,0.1832,0.0,14.0,0.0,0.0,0.0,74.9,70.5,66.8,70.7,95.3,99.5,0.0,28.08,5812.0,0.033,272.4,0.0,0.0,0.0504,0.1841,0.0,14.0,0.0,0.0,0.0,72.8,77.4,82.3,77.5,104.7,99.5,0.0,29.59,6352.4,0.173,275.641,0.0,0.0,-0.0578,0.187,0.0,14.0,0.0,0.0,0.0,82.9,77.6,72.8,77.8,103.5,99.5,0.0,29.41,6221.7,0.174,275.641,0.0,0.0,0.0541,0.1874,0.0,14.0,0.0,0.0,0.0,36.597,2.65,90.0,14.0,9,13500,5,1,1,False,0.755,0.0,0.0,1.0,True,True,0.0,False,0.0,False,False,False,0.016,0.06,0.54,0.0,0.0,0.0,0.0,0.0,0.0,14.0,12.0,1.2348,2,8886,0:08.886,81345,81345,12062.303,0,0,25336,0.1385,False,False,Soft (S),0,1.0,0,-133.655,-4.211,-380.254,-0.105,0.006,True,0,0,789.324,12062.303
1765362306,322.91,11079,0.0,0.99,1.0,-0.0,8,7.671,0.418,-89.368,-0.036,-0.523,89.696,0.019,0.086,-3.887,-3.056,0.01,0.005,0.229,0.044,-0.012,-0.081,67.1,70.7,74.7,70.8,98.6,99.5,0.0,28.62,6900.0,0.197,257.994,0.0,0.0,-0.0551,0.1847,0.0,14.0,0.0,0.0,0.0,75.1,70.7,67.0,70.9,95.3,99.5,0.0,28.09,7464.1,0.186,258.166,0.0,0.0,0.0498,0.1876,0.0,14.0,0.0,0.0,0.0,72.8,77.4,82.3,77.5,104.7,99.5,0.0,29.58,4187.6,0.244,257.542,0.0,0.0,-0.0555,0.1874,0.0,14.0,0.0,0.0,0.0,82.9,77.6,72.8,77.8,103.5,99.5,0.0,29.41,5238.8,0.239,258.101,0.0,0.0,0.0533,0.1863,0.0,14.0,0.0,0.0,0.0,36.597,2.532,90.0,14.0,9,13500,5,1,1,True,0.764,0.0,0.0,0.0,True,False,0.0,False,0.0,False,False,False,0.011,0.06,0.54,0.0,0.0,0.0,0.0,0.0,0.0,14.0,12.0,1.2348,2,8991,0:08.991,81345,81345,12072.135,0,0,25336,0.1401,False,False,Soft (S),0,1.0,0,-132.833,-4.161,-389.832,-0.037,0.003,True,0,0,799.156,12072.135
1765362306,308.98,10625,0.0,0.99,1.0,0.0,8,7.317,0.33,-85.514,-0.017,-0.541,85.825,-0.021,-0.066,-3.898,-3.056,0.01,0.008,0.231,0.016,-0.001,-0.018,67.3,70.9,74.8,71.0,98.6,99.5,0.0,28.62,6183.2,0.236,246.143,0.0,0.0,-0.0533,0.1837,0.0,14.0,0.0,0.0,0.0,75.3,70.9,67.2,71.1,95.3,99.5,0.0,28.09,6221.4,0.226,246.194,0.0,0.0,0.05,0.1855,0.0,14.0,0.0,0.0,0.0,72.8,77.4,82.3,77.5,104.6,99.5,0.0,29.58,5375.3,0.235,247.24,0.0,0.0,-0.0541,0.1857,0.0,14.0,0.0,0.0,0.0,82.9,77.6,72.8,77.8,103.5,99.5,0.0,29.4,5550.5,0.234,247.315,0.0,0.0,0.0525,0.1844,0.0,14.0,0.0,0.0,0.0,36.597,2.418,90.0,14.0,9,13500,5,1,1,True,0.773,0.0,0.0,0.0,True,False,0.0,False,0.0,False,False,False,0.015,0.062,0.54,0.0,0.0,0.0,0.0,0.0,0.0,14.0,12.0,1.2348,2,9093,0:09.093,81345,81345,12081.116,0,0,25336,0.1417,False,False,Soft (S),0,1.0,0,-132.07,-4.122,-398.744,0.03,0.006,True,0,0,808.137,12081.116
1765362307,295.75,10142,0.0,0.99,1.0,0.001,8,6.995,0.367,-81.855,-0.011,-0.484,82.152,0.071,-0.341,-3.603,-3.057,0.01,0.01,0.234,0.037,-0.003,0.006,67.4,71.0,75.0,71.1,98.6,99.5,0.0,28.61,5097.7,0.288,234.317,0.0,0.0,-0.0537,0.1825,0.0,14.0,0.0,0.0,0.0,75.5,71.1,67.3,71.3,95.4,99.5,0.0,28.1,5796.8,0.239,235.404,0.0,0.0,0.0497,0.1837,0.0,14.0,0.0,0.0,0.0,72.7,77.4,82.2,77.5,104.6,99.5,0.0,29.57,4136.7,0.278,235.6,0.0,0.0,-0.0546,0.1842,0.0,14.0,0.0,0.0,0.0,82.9,77.6,72.8,77.8,103.5,99.5,0.0,29.4,4866.9,0.239,236.453,0.0,0.0,0.0525,0.1836,0.0,14.0,0.0,0.0,0.0,36.597,2.328,90.0,14.0,9,13500,5,1,1,True,0.782,0.0,0.0,0.0,True,False,0.0,False,0.0,False,False,False,0.018,0.065,0.54,0.0,0.0,0.0,0.0,0.0,0.0,14.0,12.0,1.2348,2,9192,0:09.192,81345,81345,12089.315,0,0,25336,0.1431,False,False,Soft (S),0,1.0,0,-131.362,-4.088,-407.021,-0.001,0.006,True,0,0,816.336,12089.315
1765362307,282.18,9748,0.0,0.99,1.0,0.004,8,6.688,0.585,-78.095,-0.05,-0.554,78.381,-0.09,0.458,-3.645,-3.057,0.015,0.002,0.23,0.01,0.005,0.164,67.5,71.2,75.1,71.3,98.6,99.5,0.0,28.61,5086.6,0.261,224.056,0.0,0.0,-0.052,0.1851,0.0,14.0,0.0,0.0,0.0,75.7,71.3,67.5,71.5,95.4,99.5,0.0,28.1,5617.1,0.257,224.47,0.0,0.0,0.0473,0.1829,0.0,14.0,0.0,0.0,0.0,72.8,77.4,82.3,77.5,104.5,99.5,0.0,29.57,6044.6,0.206,226.688,0.0,0.0,-0.056,0.1841,0.0,14.0,0.0,0.0,0.0,82.9,77.7,72.8,77.8,103.5,99.5,0.0,29.39,6764.1,0.199,227.009,0.0,0.0,0.0506,0.1862,0.0,14.0,0.0,0.0,0.0,36.597,2.236,90.0,14.0,9,13500,5,1,1,True,0.791,0.0,0.0,0.0,True,False,0.0,False,0.0,False,False,False,0.016,0.064,0.54,0.0,0.0,0.0,0.0,0.0,0.0,14.0,12.0,1.2348,2,9288,0:09.288,81345,81345,12097.174,0,0,25336,0.1445,False,False,Soft (S),0,1.0,0,-130.706,-4.05,-414.703,0.046,0.006,True,0,0,824.195,12097.174
1765362307,269.21,9225,0.0,0.99,1.0,0.0,8,6.414,0.333,-74.503,-0.025,-0.493,74.778,0.018,-0.389,-3.732,-3.056,0.011,0.002,0.24,0.029,0.001,-0.028,67.6,71.3,75.3,71.4,98.5,99.5,0.0,28.6,3983.5,0.364,211.688,0.0,0.0,-0.0518,0.1775,0.0,14.0,0.0,0.0,0.0,75.9,71.4,67.6,71.6,95.4,99.5,0.0,28.1,4855.3,0.319,212.973,0.0,0.0,0.0432,0.1788,0.0,14.0,0.0,0.0,0.0,72.7,77.3,82.2,77.4,104.5,99.5,0.0,29.56,4447.1,0.281,214.719,0.0,0.0,-0.0498,0.1772,0.0,14.0,0.0,0.0,0.0,82.9,77.7,72.8,77.8,103.4,99.5,0.0,29.39,4322.5,0.274,214.663,0.0,0.0,0.0472,0.1779,0.0,14.0,0.0,0.0,0.0,36.597,2.157,90.0,14.0,9,13500,5,1,1,True,0.799,0.0,0.0,0.0,True,False,0.0,False,0.0,False,False,False,0.024,0.072,0.54,0.0,0.0,0.0,0.0,0.0,0.0,14.0,12.0,1.2348,2,9396,0:09.396,81345,81345,12105.565,0,0,25336,0.146,False,False,Soft (S),0,1.0,0,-129.997,-3.994,-422.95,-0.086,0.006,True,0,0,832.586,12105.565
1765362307,256.46,8827,0.0,0.99,1.0,0.001,8,6.107,0.386,-70.976,-0.04,-0.437,71.238,0.1,0.443,-3.543,-3.056,0.012,0.004,0.237,-0.002,0.009,0.056,67.8,71.4,75.4,71.5,98.5,99.5,0.0,28.6,6010.0,0.249,204.634,0.0,0.0,-0.0498,0.1808,0.0,14.0,0.0,0.0,0.0,76.1,71.6,67.8,71.8,95.3,99.5,0.0,28.1,5182.2,0.282,203.731,0.0,0.0,0.0458,0.1793,0.0,14.0,0.0,0.0,0.0,72.7,77.3,82.2,77.4,104.4,99.5,0.0,29.55,4219.9,0.242,205.051,0.0,0.0,-0.05,0.1787,0.0,14.0,0.0,0.0,0.0,82.9,77.7,72.8,77.8,103.4,99.5,0.0,29.38,5262.1,0.225,205.814,0.0,0.0,0.0485,0.1769,0.0,14.0,0.0,0.0,0.0,36.597,2.076,90.0,14.0,9,13500,5,1,1,True,0.807,0.0,0.0,0.0,True,False,0.0,False,0.0,False,False,False,0.02,0.07,0.54,0.0,0.0,0.0,0.0,0.0,0.0,14.0,12.0,1.2348,2,9498,0:09.498,81345,81345,12112.918,0,0,25336,0.1472,False,False,Soft (S),0,1.0,0,-129.359,-3.962,-430.358,0.026,0.009,True,0,0,839.939,12112.918
1765362307,244.12,9196,0.0,0.99,0.639,-0.001,7,5.813,0.394,-67.56,-0.045,-0.371,67.81,-0.083,-0.142,-3.334,-3.056,0.011,0.002,0.241,0.007,0.0,-0.055,67.9,71.5,75.5,71.6,98.4,99.5,0.0,28.59,5317.7,0.296,194.075,0.0,0.0,-0.0515,0.1767,0.0,14.0,0.0,0.0,0.0,76.2,71.7,67.9,72.0,95.3,99.5,0.0,28.09,4957.1,0.29,193.728,0.0,0.0,0.0437,0.1787,0.0,14.0,0.0,0.0,0.0,72.7,77.3,82.2,77.4,104.3,99.5,0.0,29.53,3198.4,0.345,195.279,0.0,0.0,-0.0471,0.1756,0.0,14.0,0.0,0.0,0.0,82.8,77.6,72.8,77.8,103.3,99.5,0.0,29.37,3359.5,0.361,195.218,0.0,0.0,0.0389,0.1752,0.0,14.0,0.0,0.0,0.0,36.597,2.024,90.0,14.0,9,13500,5,1,1,True,0.813,0.0,0.0,0.0,True,False,0.0,False,0.0,False,False,False,0.023,0.073,0.54,0.0,0.0,0.0,0.0,0.0,0.0,14.0,12.0,1.2348,2,9600,0:09.600,81345,81345,12120.021,0,0,25336,0.1484,False,False,Soft (S),0,1.0,0,-128.753,-3.919,-437.406,-0.016,0.006,True,0,0,847.042,12120.021
1765362307,231.69,8624,0.0,0.99,0.741,-0.0,7,5.508,0.371,-64.121,-0.054,-0.312,64.357,0.064,-0.299,-3.038,-3.057,0.011,0.002,0.244,0.021,0.005,0.028,68.0,71.6,75.6,71.7,98.3,99.5,0.0,28.57,3442.9,0.386,181.674,0.0,0.0,-0.052,0.1753,0.0,14.0,0.0,0.0,0.0,76.4,71.9,68.1,72.1,95.3,99.5,0.0,28.09,5005.8,0.305,183.889,0.0,0.0,0.0416,0.1765,0.0,14.0,0.0,0.0,0.0,72.7,77.3,82.1,77.4,104.3,99.5,0.0,29.52,2648.9,0.456,184.262,0.0,0.0,-0.0472,0.1735,0.0,14.0,0.0,0.0,0.0,82.8,77.6,72.8,77.8,103.2,99.5,0.0,29.36,3282.3,0.425,185.068,0.0,0.0,0.0412,0.173,0.0,14.0,0.0,0.0,0.0,36.597,1.92,90.0,14.0,9,13500,5,1,1,True,0.82,0.0,0.0,0.0,True,False,0.0,False,0.0,False,False,False,0.025,0.076,0.54,0.0,0.0,0.0,0.0,0.0,0.0,14.0,12.0,1.2348,2,9690,0:09.690,81345,81345,12126.248,0,0,25336,0.1495,False,False,Soft (S),0,1.0,0,-128.243,-3.885,-443.335,-0.132,0.006,True,0,0,853.269,12126.248
1765362307,219.25,8125,0.0,0.99,0.843,-0.002,7,5.172,0.352,-60.682,-0.039,-0.363,60.902,0.023,0.288,-3.141,-3.057,0.012,0.007,0.243,-0.005,0.017,-0.03,68.1,71.8,75.7,71.8,98.3,99.5,0.0,28.56,4843.1,0.319,173.913,0.0,0.0,-0.0498,0.175,0.0,14.0,0.0,0.0,0.0,76.5,72.0,68.2,72.2,95.2,99.5,0.0,28.08,4664.2,0.331,173.662,0.0,0.0,0.0473,0.1757,0.0,14.0,0.0,0.0,0.0,72.7,77.3,82.1,77.4,104.2,99.5,0.0,29.51,4455.8,0.328,177.246,0.0,0.0,-0.0443,0.1733,0.0,14.0,0.0,0.0,0.0,82.8,77.6,72.8,77.8,103.1,99.5,0.0,29.34,3929.0,0.405,176.328,0.0,0.0,0.0416,0.1709,0.0,14.0,0.0,0.0,0.0,36.597,1.835,90.0,14.0,9,13500,5,1,1,True,0.827,0.0,0.0,0.0,True,False,0.0,False,0.0,False,False,False,0.026,0.076,0.54,0.0,0.0,0.0,0.0,0.0,0.0,14.0,12.0,1.2348,2,9804,0:09.804,81345,81345,12133.139,0,0,25336,0.1507,False,False,Soft (S),0,1.0,0,-127.634,-3.847,-450.455,-0.059,0.009,True,0,0,860.16,12133.139
1765362307,207.57,7992,0.0,0.95,0.942,-0.002,7,4.839,0.432,-57.453,-0.024,-0.346,57.657,0.038,-0.107,-3.358,-3.058,0.013,0.006,0.247,-0.006,0.006,0.011,68.1,71.8,75.8,71.9,98.2,99.5,0.0,28.55,3433.5,0.475,162.004,0.0,0.0,-0.0512,0.174,0.0,14.0,0.0,0.0,0.0,76.6,72.1,68.3,72.3,95.2,99.5,0.0,28.07,3240.9,0.489,161.613,0.0,0.0,0.0462,0.1735,0.0,14.0,0.0,0.0,0.0,72.7,77.3,82.1,77.4,104.1,99.5,0.0,29.49,3547.3,0.295,161.455,0.0,0.0,-0.046,0.17,0.0,14.0,0.0,0.0,0.0,82.8,77.6,72.8,77.8,103.1,99.5,0.0,29.33,3255.5,0.243,161.766,0.0,0.0,0.0382,0.1713,0.0,14.0,0.0,0.0,0.0,36.597,1.756,90.0,14.0,9,13500,5,1,1,True,0.833,0.0,0.0,0.0,True,False,0.0,False,0.0,False,False,False,0.03,0.081,0.54,0.0,0.0,0.0,0.0,0.0,0.0,14.0,12.0,1.2348,2,9903,0:09.903,81345,81345,12139.144,0,0,25336,0.1517,False,False,Soft (S),0,1.0,0,-127.14,-3.806,-456.286,-0.04,0.009,True,0,0,866.165,12139.144
1765362307,194.7,8558,0.0,0.99,0.648,0.0,6,4.519,0.394,-53.893,-0.039,-0.334,54.082,0.001,0.343,-3.699,-3.059,0.013,0.003,0.247,0.019,0.008,-0.029,68.2,72.0,76.0,72.0,98.1,99.5,0.0,28.53,4194.1,0.464,152.75,0.0,0.0,-0.0507,0.1711,0.0,14.0,0.0,0.0,0.0,76.7,72.2,68.4,72.5,95.1,99.5,0.0,28.06,4319.6,0.376,153.714,0.0,0.0,0.0473,0.1729,0.0,14.0,0.0,0.0,0.0,72.7,77.3,82.1,77.4,104.0,99.5,0.0,29.48,4075.0,0.253,153.865,0.0,0.0,-0.0444,0.1683,0.0,14.0,0.0,0.0,0.0,82.8,77.6,72.9,77.8,103.0,99.5,0.0,29.32,3794.1,0.27,153.557,0.0,0.0,0.0371,0.1697,0.0,14.0,0.0,0.0,0.0,36.597,1.708,90.0,14.0,9,13500,5,1,1,True,0.838,0.0,0.0,0.0,False,False,0.0,False,0.0,False,False,False,0.03,0.08,0.54,0.0,0.0,0.0,0.0,0.0,0.0,14.0,12.0,1.2348,2,10011,0:10.011,81345,81345,12145.011,0,0,25336,0.1528,False,False,Soft (S),0,1.0,0,-126.635,-3.762,-462.289,-0.044,0.009,True,0,0,872.032,12145.011
1765362307,183.45,8090,0.0,0.92,0.75,0.009,6,4.271,0.439,-50.778,-0.033,-0.314,50.958,-0.029,0.102,-3.115,-3.058,0.015,0.005,0.249,0.054,-0.01,-0.039,68.3,72.0,76.0,72.1,98.0,99.5,0.0,28.52,3022.5,0.565,141.995,0.0,0.0,-0.051,0.1694,0.0,14.0,0.0,0.0,0.0,76.8,72.3,68.5,72.6,95.1,99.5,0.0,28.05,3540.9,0.46,143.578,0.0,0.0,0.0462,0.1709,0.0,14.0,0.0,0.0,0.0,72.7,77.3,82.1,77.4,103.9,99.5,0.0,29.46,3295.9,0.26,143.898,0.0,0.0,-0.0421,0.1689,0.0,14.0,0.0,0.0,0.0,82.8,77.6,72.9,77.8,102.9,99.5,0.0,29.3,3107.8,0.255,143.718,0.0,0.0,0.0382,0.1677,0.0,14.0,0.0,0.0,0.0,36.597,1.614,90.0,14.0,9,13500,5,1,1,True,0.843,0.0,0.0,0.0,False,False,0.0,False,0.0,False,False,False,0.034,0.081,0.54,0.0,0.0,0.0,0.0,0.0,0.0,14.0,12.0,1.2348,2,10113,0:10.113,81345,81345,12150.687,0,0,25336,0.1537,False,False,Soft (S),0,1.0,0,-126.188,-3.716,-467.62,-0.006,0.009,True,0,0,877.708,12150.687
1765362308,172.83,7169,0.0,0.98,0.849,0.027,6,4.172,0.279,-47.825,0.007,-0.297,48.006,-0.274,-0.08,-3.375,-3.054,0.012,0.01,0.252,0.001,-0.079,-0.021,68.4,72.1,76.1,72.2,97.9,99.5,0.0,28.5,3771.3,0.419,136.061,0.0,0.0,-0.0475,0.1696,0.0,14.0,0.0,0.0,0.0,76.9,72.4,68.6,72.6,95.0,99.5,0.0,28.04,3311.6,0.588,133.402,0.0,0.0,0.0484,0.1678,0.0,14.0,0.0,0.0,0.0,72.7,77.3,82.1,77.3,103.8,99.5,0.0,29.45,2803.8,0.573,137.786,0.0,0.0,-0.0412,0.1662,0.0,14.0,0.0,0.0,0.0,82.8,77.6,72.8,77.7,102.8,99.5,0.0,29.29,2470.8,0.558,137.279,0.0,0.0,0.043,0.1643,0.0,14.0,0.0,0.0,0.0,36.597,1.528,90.0,14.0,9,13500,5,1,1,True,0.848,0.0,0.0,0.0,False,False,0.0,False,0.0,False,False,False,0.035,0.087,0.54,0.0,0.0,0.0,0.0,0.0,0.0,14.0,12.0,1.2348,2,10212,0:10.212,81345,81345,12155.23,0,0,25336,0.1546,False,False,Soft (S),0,1.0,0,-125.771,-3.681,-472.5,0.182,0.009,True,0,0,882.251,12155.23
1765362308,159.96,6525,0.0,0.99,0.951,0.052,6,4.335,0.325,-44.22,0.079,-0.209,44.433,-0.745,0.148,-3.448,-3.042,0.012,0.011,0.251,-0.008,-0.179,-0.035,68.4,72.2,76.2,72.3,97.8,99.5,0.0,28.49,4498.7,0.386,127.052,0.0,0.0,-0.0475,0.1708,0.0,14.0,0.0,0.0,0.0,77.0,72.5,68.7,72.7,94.9,99.5,0.0,28.02,3487.7,0.516,124.138,0.0,0.0,0.0479,0.1684,0.0,14.0,0.0,0.0,0.0,72.7,77.3,82.1,77.4,103.7,99.5,0.0,29.43,2780.7,0.68,127.492,0.0,0.0,-0.0405,0.1664,0.0,14.0,0.0,0.0,0.0,82.8,77.6,72.8,77.7,102.7,99.5,0.0,29.27,2317.6,0.646,126.538,0.0,0.0,0.0435,0.1638,0.0,14.0,0.0,0.0,0.0,36.597,1.435,90.0,14.0,9,13500,5,1,1,True,0.852,0.0,0.0,0.0,False,False,0.0,False,0.0,False,False,False,0.032,0.087,0.54,0.0,0.0,0.0,0.0,0.0,0.0,14.0,12.0,1.2348,2,10317,0:10.317,81345,81345,12160.365,0,0,25336,0.1554,False,False,Soft (S),0,1.0,0,-125.327,-3.65,-477.322,0.373,0.012,True,0,0,887.386,12160.365
1765362308,148.49,7322,0.0,0.97,0.648,0.094,5,4.895,0.363,-40.954,0.08,-0.219,41.247,-1.048,0.212,-3.398,-3.021,0.014,0.012,0.252,0.025,-0.243,-0.009,68.5,72.2,76.3,72.3,97.7,99.5,0.0,28.47,4482.1,0.441,117.874,0.0,0.0,-0.0449,0.1701,0.0,14.0,0.0,0.0,0.0,77.1,72.6,68.8,72.8,94.8,99.5,0.0,28.01,2616.9,0.874,110.681,0.0,0.0,0.0484,0.1646,0.0,14.0,0.0,0.0,0.0,72.7,77.3,82.1,77.4,103.6,99.5,0.0,29.41,2930.7,0.397,115.935,0.0,0.0,-0.0385,0.1673,0.0,14.0,0.0,0.0,0.0,82.7,77.6,72.8,77.7,102.6,99.5,0.0,29.25,2214.5,0.36,114.454,0.0,0.0,0.0421,0.1625,0.0,14.0,0.0,0.0,0.0,36.597,1.399,90.0,14.0,9,13500,5,1,1,True,0.856,0.0,0.0,0.0,False,False,0.0,False,0.0,False,False,False,0.036,0.088,0.54,0.0,0.0,0.0,0.0,0.0,0.0,14.0,12.0,1.2348,2,10416,0:10.416,81345,81345,12164.646,0,0,25336,0.1562,False,False,Soft (S),0,1.0,0,-124.873,-3.617,-481.528,0.527,0.009,True,0,0,891.667,12164.646
1765362308,138.32,6509,0.0,0.87,0.747,0.13,5,5.653,0.316,-38.002,0.156,-0.241,38.42,-1.445,-0.064,-2.79,-2.99,0.015,0.011,0.255,0.026,-0.329,-0.013,68.6,72.3,76.3,72.4,97.6,99.5,0.0,28.46,4136.5,0.471,110.017,0.0,0.0,-0.0447,0.1679,0.0,14.0,0.0,0.0,0.0,77.2,72.6,68.8,72.9,94.7,99.5,0.0,27.99,2216.4,0.536,106.433,0.0,0.0,0.0485,0.1622,0.0,14.0,0.0,0.0,0.0,72.7,77.3,82.1,77.4,103.5,99.5,0.0,29.4,2855.0,0.556,111.643,0.0,0.0,-0.0366,0.1668,0.0,14.0,0.0,0.0,0.0,82.7,77.5,72.8,77.7,102.5,99.5,0.0,29.24,1707.7,0.621,108.671,0.0,0.0,0.0414,0.1602,0.0,14.0,0.0,0.0,0.0,36.597,1.314,90.0,14.0,9,13500,5,1,1,True,0.859,0.0,0.0,0.0,False,False,0.0,False,0.0,False,False,False,0.039,0.089,0.54,0.0,0.0,0.0,0.0,0.0,0.0,14.0,12.0,1.2348,2,10518,0:10.518,81345,81345,12168.687,0,0,25336,0.1569,False,False,Soft (S),0,1.0,0,-124.335,-3.582,-485.544,0.646,0.009,True,0,0,895.708,12168.687
1765362308,128.13,5871,0.0,0.75,0.849,0.157,5,6.574,0.289,-34.977,0.257,-0.237,35.589,-1.576,-0.13,-2.624,-2.949,0.015,0.011,0.256,0.004,-0.427,0.018,68.6,72.4,76.4,72.5,97.5,99.5,0.0,28.44,3736.9,0.521,102.311,0.0,0.0,-0.043,0.1677,0.0,14.0,0.0,0.0,0.0,77.2,72.7,68.8,72.9,94.6,99.5,0.0,27.97,1547.0,0.756,95.95,0.0,0.0,0.0498,0.16,0.0,14.0,0.0,0.0,0.0,72.7,77.3,82.1,77.4,103.4,99.5,0.0,29.38,2738.8,0.729,103.535,0.0,0.0,-0.0358,0.1664,0.0,14.0,0.0,0.0,0.0,82.7,77.5,72.8,77.6,102.4,99.5,0.0,29.22,1703.2,0.727,100.633,0.0,0.0,0.0425,0.1583,0.0,14.0,0.0,0.0,0.0,36.597,1.205,90.0,14.0,9,13500,5,1,1,True,0.861,0.0,0.0,0.0,False,False,0.0,False,0.0,False,False,False,0.041,0.09,0.54,0.0,0.0,0.0,0.0,0.0,0.0,14.0,12.0,1.2348,2,10614,0:10.614,81345,81345,12172.305,0,0,25336,0.1575,False,False,Soft (S),0,1.0,0,-123.747,-3.552,-489.041,0.606,0.015,True,0,0,899.326,12172.305
1765362308,118.67,5306,0.0,0.79,0.951,0.196,5,7.581,0.225,-32.081,0.229,-0.184,32.964,-1.699,-0.15,-2.53,-2.903,0.012,0.01,0.258,0.027,-0.492,0.008,68.7,72.5,76.5,72.5,97.4,99.5,0.0,28.42,4220.7,0.576,95.001,0.0,0.0,-0.0414,0.1665,0.0,14.0,0.0,0.0,0.0,77.2,72.7,68.9,72.9,94.5,99.5,0.0,27.96,1552.6,0.939,90.565,0.0,0.0,0.0498,0.1587,0.0,14.0,0.0,0.0,0.0,72.8,77.3,82.1,77.4,103.3,99.5,0.0,29.36,2402.4,0.836,95.6,0.0,0.0,-0.0338,0.1663,0.0,14.0,0.0,0.0,0.0,82.6,77.5,72.7,77.6,102.3,99.5,0.0,29.2,1184.9,1.022,91.783,0.0,0.0,0.0437,0.1566,0.0,14.0,0.0,0.0,0.0,36.597,1.084,90.0,14.0,9,13500,5,1,1,True,0.864,0.0,0.0,0.0,False,False,0.0,False,0.0,False,False,False,0.041,0.091,0.54,0.0,0.0,0.0,0.0,0.0,0.0,14.0,12.0,1.2348,2,10719,0:10.719,81345,81345,12175.875,0,0,25336,0.1581,False,False,Soft (S),0,1.0,0,-123.004,-3.526,-492.561,0.701,0.015,True,0,0,902.896,12175.875
1765362308,109.98,6326,0.0,0.76,0.645,0.221,4,8.56,0.175,-29.325,0.272,-0.204,30.547,-1.759,0.091,-2.63,-2.849,0.012,0.011,0.258,-0.002,-0.574,-0.0,68.8,72.5,76.6,72.6,97.3,99.5,0.0,28.41,4334.2,0.602,88.524,0.0,0.0,-0.044,0.1662,0.0,14.0,0.0,0.0,0.0,77.2,72.7,68.9,72.9,94.4,99.5,0.0,27.94,1509.2,0.976,83.735,0.0,0.0,0.0501,0.1579,0.0,14.0,0.0,0.0,0.0,72.8,77.4,82.2,77.4,103.2,99.5,0.0,29.34,2922.9,0.601,85.974,0.0,0.0,-0.0309,0.1661,0.0,14.0,0.0,0.0,0.0,82.6,77.4,72.7,77.6,102.1,99.5,0.0,29.18,1384.4,0.862,81.781,0.0,0.0,0.0449,0.1551,0.0,14.0,0.0,0.0,0.0,36.597,1.047,90.0,14.0,9,13500,5,1,1,True,0.865,0.0,0.0,0.0,False,False,0.0,False,0.0,False,False,False,0.042,0.091,0.54,0.0,0.0,0.0,0.0,0.0,0.0,14.0,12.0,1.2348,2,10818,0:10.818,81345,81345,12179.08,0,0,25336,0.1587,False,False,Soft (S),0,1.0,0,-122.204,-3.507,-495.599,0.701,0.015,True,0,0,906.101,12179.08
1765362308,101.43,5891,0.0,0.65,0.747,0.271,4,9.544,0.141,-26.51,0.161,-0.227,28.174,-1.746,-0.017,-2.254,-2.79,0.013,0.009,0.259,0.028,-0.551,0.063,68.9,72.6,76.7,72.7,97.2,99.5,0.0,28.39,3963.4,0.665,81.58,0.0,0.0,-0.0447,0.1657,0.0,14.0,0.0,0.0,0.0,77.2,72.6,68.8,72.9,94.2,99.5,0.0,27.92,704.2,1.471,72.432,0.0,0.0,0.0554,0.1546,0.0,14.0,0.0,0.0,0.0,72.8,77.4,82.2,77.5,103.0,99.5,0.0,29.33,2652.5,0.572,78.878,0.0,0.0,-0.0351,0.1653,0.0,14.0,0.0,0.0,0.0,82.5,77.4,72.7,77.5,102.0,99.5,0.0,29.16,1540.1,0.6,74.923,0.0,0.0,0.0436,0.1555,0.0,14.0,0.0,0.0,0.0,36.597,0.975,90.0,14.0,9,13500,5,1,1,True,0.867,0.0,0.0,0.0,False,False,0.0,False,0.0,False,False,False,0.045,0.094,0.54,0.0,0.0,0.0,0.0,0.0,0.0,14.0,12.0,1.2348,2,10917,0:10.917,81345,81345,12181.967,0,0,25336,0.1592,False,False,Soft (S),0,1.0,0,-121.307,-3.489,-498.357,0.651,0.015,True,0,0,908.988,12181.967
1765362308,93.62,5108,0.0,0.41,0.846,0.287,4,10.442,0.142,-23.817,-0.03,-0.139,26.005,-1.98,-0.194,-1.633,-2.73,0.011,0.004,0.26,-0.01,-0.703,0.046,68.9,72.7,76.7,72.8,97.1,99.5,0.0,28.37,4136.9,0.476,77.538,0.0,0.0,-0.0473,0.1667,0.0,14.0,0.0,0.0,0.0,77.1,72.6,68.8,72.8,94.1,99.5,0.0,27.9,595.1,0.743,70.037,0.0,0.0,0.052,0.154,0.0,14.0,0.0,0.0,0.0,72.8,77.4,82.2,77.5,102.9,99.5,0.0,29.31,2304.5,0.738,78.583,0.0,0.0,-0.0357,0.1629,0.0,14.0,0.0,0.0,0.0,82.5,77.4,72.6,77.5,101.9,99.5,0.0,29.15,1031.2,0.703,74.464,0.0,0.0,0.0505,0.1575,0.0,14.0,0.0,0.0,0.0,36.597,0.883,90.0,14.0,9,13500,5,1,1,True,0.868,0.0,0.0,0.0,False,False,0.0,False,0.0,False,False,False,0.044,0.098,0.54,0.0,0.0,0.0,0.0,0.0,0.0,14.0,12.0,1.2348,2,11019,0:11.019,81345,81345,12184.789,0,0,25336,0.1597,False,False,Soft (S),0,1.0,0,-120.287,-3.474,-500.921,0.678,0.015,True,0,0,911.81,12184.789
1765362308,89.92,5483,1.0,0.0,0.948,0.168,4,11.73,0.051,-22.051,-0.23,-0.243,24.975,-1.173,-0.082,0.046,-2.662,0.012,0.0,0.26,0.014,-0.57,0.066,68.9,72.7,76.7,72.8,97.0,99.5,0.0,28.36,3063.2,0.133,75.707,0.0,0.0,-0.0415,0.1641,0.0,14.0,0.0,0.0,0.0,77.0,72.5,68.7,72.7,94.0,99.5,0.0,27.88,765.8,0.185,72.575,0.0,0.0,0.0508,0.1521,0.0,14.0,0.0,0.0,0.0,72.8,77.4,82.2,77.5,102.8,99.5,0.0,29.29,3138.2,0.424,78.955,0.0,0.0,-0.0397,0.1657,0.0,14.0,0.0,0.0,0.0,82.4,77.3,72.6,77.4,101.8,99.5,0.0,29.13,1614.5,0.21,76.671,0.0,0.0,0.0477,0.1577,0.0,14.0,0.0,0.0,0.0,36.597,0.827,90.0,14.0,9,13500,5,1,1,False,0.868,0.0,0.0,0.0,False,False,0.0,False,0.0,False,False,False,0.048,0.092,0.54,0.0,0.0,0.0,0.0,0.0,0.0,14.0,12.0,1.2348,2,11121,0:11.121,81345,81345,12187.397,0,0,25336,0.1601,False,False,Soft (S),0,1.0,0,-119.156,-3.466,-503.248,0.225,0.021,True,0,0,914.418,12187.397
1765362309,90.87,7209,1.0,0.0,0.645,0.384,3,13.004,0.092,-21.635,-0.337,-0.205,25.239,-1.647,0.081,0.58,-2.614,0.012,-0.001,0.257,-0.036,-0.568,-0.091,68.9,72.7,76.7,72.7,96.9,99.5,0.0,28.34,3609.1,0.559,76.318,0.0,0.0,-0.0444,0.163,0.0,14.0,0.0,0.0,0.0,76.9,72.4,68.6,72.6,93.9,99.5,0.0,27.86,933.7,0.43,73.72,0.0,0.0,0.0422,0.1571,0.0,14.0,0.0,0.0,0.0,72.8,77.4,82.2,77.5,102.7,99.5,0.0,29.27,3527.4,0.426,76.221,0.0,0.0,-0.0352,0.1697,0.0,14.0,0.0,0.0,0.0,82.4,77.2,72.5,77.4,101.7,99.5,0.0,29.11,1665.9,0.698,76.474,0.0,0.0,0.0473,0.1583,0.0,14.0,0.0,0.0,0.0,36.597,1.045,90.0,14.0,9,13500,5,1,1,False,0.868,0.0,0.0,0.0,False,False,0.0,False,0.0,False,False,False,0.045,0.085,0.54,0.0,0.0,0.0,0.0,0.0,0.0,14.0,12.0,1.2348,2,11223,0:11.223,81345,81345,12189.987,0,0,25336,0.1606,False,False,Soft (S),0,1.0,0,-117.901,-3.46,-505.478,0.658,0.021,True,0,0,917.008,12189.987
1765362309,92.0,6296,0.0,0.46,0.744,0.697,3,14.57,0.041,-20.995,-0.36,-0.306,25.551,-2.219,-0.133,-0.833,-2.549,0.014,0.001,0.259,0.044,-0.656,-0.047,69.0,72.7,76.8,72.8,96.7,99.5,0.0,28.32,3839.0,1.343,76.822,0.0,0.0,-0.0484,0.1607,0.0,14.0,0.0,0.0,0.0,76.8,72.3,68.5,72.5,93.8,99.5,0.0,27.84,403.5,2.725,57.712,0.0,0.0,0.0372,0.1515,0.0,14.0,0.0,0.0,0.0,72.9,77.4,82.2,77.5,102.6,99.5,0.0,29.26,3282.8,0.433,78.441,0.0,0.0,-0.0341,0.1706,0.0,14.0,0.0,0.0,0.0,82.3,77.2,72.5,77.3,101.6,99.5,0.0,29.09,1456.6,0.302,75.314,0.0,0.0,0.045,0.1581,0.0,14.0,0.0,0.0,0.0,36.597,1.196,90.0,14.0,9,13500,5,1,1,True,0.869,0.0,0.0,0.0,False,False,0.0,False,0.0,False,False,False,0.05,0.086,0.54,0.0,0.0,0.0,0.0,0.0,0.0,14.0,12.0,1.2348,2,11319,0:11.319,81345,81345,12192.364,0,0,25336,0.161,False,False,Soft (S),0,1.0,0,-116.573,-3.452,-507.539,0.461,0.027,True,0,0,919.385,12192.364
1765362309,87.4,5739,0.0,0.18,0.846,0.777,3,15.758,0.175,-18.466,-0.613,-0.1,24.269,-3.043,0.298,-0.988,-2.46,0.011,0.01,0.256,-0.054,-1.126,-0.32,69.3,73.1,77.1,73.2,96.6,99.5,0.0,28.3,4319.9,1.366,74.731,0.0,0.0,-0.0397,0.1628,0.0,14.0,0.0,0.0,0.0,76.8,72.3,68.6,72.6,93.6,99.5,0.0,27.82,1985.5,1.355,68.408,0.0,0.0,-0.031,0.1641,0.0,14.0,0.0,0.0,0.0,72.9,77.4,82.2,77.5,102.5,99.5,0.0,29.24,4124.1,0.568,77.186,0.0,0.0,-0.0272,0.1722,0.0,14.0,0.0,0.0,0.0,82.2,77.1,72.4,77.3,101.5,99.5,0.0,29.08,53.3,0.582,69.957,0.0,0.0,0.0496,0.1517,0.0,14.0,0.0,0.0,0.0,36.597,1.118,90.0,14.0,9,13500,5,1,1,True,0.869,0.0,0.0,0.0,False,False,0.0,False,0.0,False,False,False,0.04,0.079,0.54,0.0,0.0,0.0,0.0,0.0,0.0,14.0,12.0,1.2348,2,11424,0:11.424,81345,81345,12195.007,0,0,25336,0.1615,False,False,Soft (S),0,1.0,0,-114.984,-3.443,-509.616,0.654,0.027,True,0,0,922.028,12195.007
1765362309,85.25,6283,0.9,0.0,0.948,0.534,3,17.28,0.354,-16.186,-0.271,-0.253,23.677,-1.539,-0.46,0.162,-2.335,0.025,0.035,0.26,-0.107,-1.2,0.019,69.5,73.3,77.3,73.4,96.5,99.5,0.0,28.28,1840.5,0.704,73.957,0.0,0.0,-0.0182,0.1634,0.0,14.0,0.0,0.0,0.0,76.8,72.3,68.5,72.5,93.5,99.5,0.0,27.8,0.0,0.0,67.854,0.0,0.0,-0.012,0.1573,0.0,14.0,0.0,0.0,0.0,73.0,77.6,82.4,77.7,102.4,99.5,0.0,29.23,3932.6,0.701,77.468,0.0,0.0,-0.0098,0.1887,0.0,14.0,0.0,0.0,0.0,82.1,77.0,72.3,77.1,101.4,99.5,0.0,29.06,0.0,0.0,69.649,0.0,0.0,0.068,0.1323,0.0,14.0,0.0,0.0,0.0,36.597,1.097,90.0,14.0,9,13500,5,1,1,False,0.87,0.0,0.0,0.0,False,False,0.0,False,0.0,False,False,False,0.048,0.066,0.54,0.0,0.0,0.0,0.0,0.0,0.0,14.0,12.0,1.2348,2,11523,0:11.523,81345,81345,12197.399,0,0,25336,0.1619,False,False,Soft (S),0,1.0,0,-113.344,-3.414,-511.322,0.301,0.027,True,0,0,924.42,12197.399
1765362309,85.46,7573,0.29,0.0,0.642,0.673,2,18.524,0.299,-14.841,0.114,-0.31,23.735,-2.645,0.565,-0.124,-2.242,0.026,0.037,0.268,0.145,-0.732,-0.135,69.6,73.3,77.4,73.4,96.4,99.5,0.0,28.27,4274.3,1.406,71.398,0.0,0.0,-0.0212,0.1631,0.0,14.0,0.0,0.0,0.0,76.6,72.2,68.4,72.4,93.4,99.5,0.0,27.79,0.0,0.0,67.743,0.0,0.0,0.0495,0.1498,0.0,14.0,0.0,0.0,0.0,73.2,77.7,82.4,77.8,102.3,99.5,0.0,29.21,5238.5,0.555,68.479,0.0,0.0,-0.0024,0.1766,0.0,14.0,0.0,0.0,0.0,82.0,76.9,72.3,77.1,101.2,99.5,0.0,29.04,0.0,0.0,68.833,0.0,0.0,0.0916,0.1616,0.0,14.0,0.0,0.0,0.0,36.597,1.222,90.0,14.0,9,13500,5,1,1,False,0.87,0.0,0.0,0.0,False,False,0.0,False,0.0,False,False,False,0.064,0.093,0.54,0.0,0.0,0.0,0.0,0.0,0.0,14.0,12.0,1.2348,2,11625,0:11.625,81345,81345,12199.8,0,0,25336,0.1623,False,False,Soft (S),0,1.0,0,-111.524,-3.389,-512.912,0.426,0.027,True,0,0,926.821,12199.8
1765362309,84.51,7252,0.44,0.0,0.744,0.734,2,19.365,0.271,-13.268,0.376,-0.118,23.473,-1.166,-0.635,-0.439,-2.156,0.017,0.024,0.272,0.028,-1.008,0.156,69.9,73.6,77.7,73.7,96.3,99.5,0.0,28.25,2632.8,1.722,71.087,0.0,0.0,-0.0345,0.1614,0.0,14.0,0.0,0.0,0.0,76.5,72.0,68.3,72.3,93.3,99.5,0.0,27.77,0.0,0.0,67.743,0.0,0.0,0.0476,0.1496,0.0,14.0,0.0,0.0,0.0,73.2,77.7,82.4,77.8,102.2,99.5,0.0,29.19,1043.4,0.887,67.411,0.0,0.0,-0.0098,0.1597,0.0,14.0,0.0,0.0,0.0,81.9,76.9,72.2,77.0,101.1,99.5,0.0,29.02,0.0,0.0,67.411,0.0,0.0,0.062,0.1623,0.0,14.0,0.0,0.0,0.0,36.597,1.205,90.0,14.0,9,13500,5,1,1,True,0.87,0.0,0.0,0.0,False,False,0.0,False,0.0,False,False,False,0.064,0.114,0.54,0.0,0.0,0.0,0.0,0.0,0.0,14.0,12.0,1.2348,2,11730,0:11.730,81345,81345,12202.274,0,0,25336,0.1628,False,False,Soft (S),0,1.0,0,-109.524,-3.349,-514.378,0.258,0.027,True,0,0,929.295,12202.274
1765362309,82.98,6871,0.03,0.0,0.846,0.642,2,19.964,0.008,-11.524,0.826,-0.358,23.034,-2.589,0.211,-0.764,-2.059,0.016,0.013,0.259,0.024,-0.875,0.135,70.1,73.9,78.0,74.0,96.2,99.5,0.0,28.23,4878.0,1.698,69.453,0.0,0.0,-0.0409,0.1633,0.0,14.0,0.0,0.0,0.0,76.4,71.9,68.2,72.2,93.2,99.5,0.0,27.75,1236.2,1.451,66.648,0.0,0.0,0.0388,0.15,0.0,14.0,0.0,0.0,0.0,73.3,77.8,82.5,77.8,102.1,99.5,0.0,29.18,3509.2,1.03,65.498,0.0,0.0,-0.0266,0.1659,0.0,14.0,0.0,0.0,0.0,81.9,76.8,72.2,76.9,101.0,99.5,0.0,29.0,773.0,1.083,63.185,0.0,0.0,-0.0099,0.156,0.0,14.0,0.0,0.0,0.0,36.597,1.144,90.0,14.0,9,13500,5,1,1,True,0.87,0.0,0.0,0.0,False,False,0.0,False,0.0,False,False,False,0.047,0.094,0.54,0.0,0.0,0.0,0.0,0.0,0.0,14.0,12.0,1.2348,2,11829,0:11.829,81345,81345,12204.575,0,0,25336,0.1632,False,False,Soft (S),0,1.0,0,-107.579,-3.343,-515.614,0.587,0.024,True,0,0,931.596,12204.575
1765362309,80.75,6197,0.0,0.0,0.945,0.684,2,20.713,0.311,-8.599,-0.199,-0.155,22.428,-2.474,-0.147,-0.29,-1.973,0.021,0.014,0.258,-0.02,-0.771,0.007,70.4,74.2,78.3,74.3,96.1,99.5,0.0,28.22,4212.9,1.48,67.92,0.0,0.0,-0.0438,0.1655,0.0,14.0,0.0,0.0,0.0,76.3,71.9,68.2,72.1,93.0,99.5,0.0,27.73,0.0,0.0,64.708,0.0,0.0,0.0383,0.1515,0.0,14.0,0.0,0.0,0.0,73.4,77.9,82.7,78.0,102.0,99.5,0.0,29.16,3258.0,0.631,71.452,0.0,0.0,-0.031,0.1748,0.0,14.0,0.0,0.0,0.0,81.8,76.8,72.1,76.9,100.9,99.5,0.0,28.99,370.9,0.47,67.852,0.0,0.0,0.053,0.1527,0.0,14.0,0.0,0.0,0.0,36.597,1.068,90.0,14.0,9,13500,5,1,1,True,0.87,0.0,0.0,0.0,False,False,0.0,False,0.0,False,False,False,0.048,0.086,0.54,0.0,0.0,0.0,0.0,0.0,0.0,14.0,12.0,1.2348,2,11928,0:11.928,81345,81345,12206.842,0,0,25336,0.1636,False,False,Soft (S),0,1.0,0,-105.562,-3.325,-516.606,0.416,0.024,True,0,0,933.863,12206.842
1765362309,78.5,8143,0.19,0.0,0.627,0.508,1,20.815,0.199,-6.497,-0.513,-0.223,21.799,-1.481,-0.276,-1.072,-1.897,0.019,0.008,0.26,0.064,-0.821,0.149,70.5,74.3,78.4,74.4,96.0,99.5,0.0,28.2,3507.0,0.855,66.792,0.0,0.0,-0.0457,0.1612,0.0,14.0,0.0,0.0,0.0,76.2,71.8,68.0,72.0,92.9,99.5,0.0,27.71,695.3,0.605,63.784,0.0,0.0,0.0394,0.1505,0.0,14.0,0.0,0.0,0.0,73.4,77.9,82.7,78.0,101.9,99.5,0.0,29.14,1914.1,0.932,66.087,0.0,0.0,-0.0306,0.1691,0.0,14.0,0.0,0.0,0.0,81.8,76.7,72.1,76.9,100.8,99.5,0.0,28.97,1196.6,2.25,55.952,0.0,0.0,0.0445,0.1542,0.0,14.0,0.0,0.0,0.0,36.597,1.059,90.0,14.0,9,13500,5,1,1,True,0.871,0.0,0.0,0.0,False,False,0.0,False,0.0,False,False,False,0.05,0.091,0.54,0.0,0.0,0.0,0.0,0.0,0.0,14.0,12.0,1.2348,2,12030,0:12.030,81345,81345,12209.12,0,0,25336,0.1639,False,False,Soft (S),0,1.0,0,-103.436,-3.299,-517.367,0.563,0.024,True,0,0,936.141,12209.12
1765362310,78.62,10348,1.0,0.0,0.729,0.146,1,21.25,0.187,-5.027,-0.112,-0.201,21.837,-0.986,-0.063,0.821,-1.808,0.018,0.004,0.259,0.011,-0.668,0.065,70.5,74.3,78.4,74.4,95.9,99.5,0.0,28.18,1515.0,0.064,66.786,0.0,0.0,-0.0545,0.1617,0.0,14.0,0.0,0.0,0.0,76.1,71.7,68.0,71.9,92.8,99.5,0.0,27.69,814.4,0.139,63.138,0.0,0.0,0.046,0.1543,0.0,14.0,0.0,0.0,0.0,73.5,78.0,82.7,78.0,101.8,99.5,0.0,29.13,3202.8,0.678,73.572,0.0,0.0,-0.0353,0.1682,0.0,14.0,0.0,0.0,0.0,81.8,76.7,72.1,76.9,100.7,99.5,0.0,28.95,2024.1,0.983,73.572,0.0,0.0,0.0456,0.1575,0.0,14.0,0.0,0.0,0.0,36.597,1.166,90.0,14.0,9,13500,5,1,1,False,0.871,0.0,0.0,0.0,False,False,0.0,False,0.0,False,False,False,0.049,0.086,0.54,0.0,0.0,0.0,0.0,0.0,0.0,14.0,12.0,1.2348,2,12132,0:12.132,81345,81345,12211.356,0,0,25336,0.1643,False,False,Soft (S),0,1.0,0,-101.309,-3.28,-517.939,-0.034,0.021,True,0,0,938.377,12211.356
1765362310,82.28,10937,1.0,0.0,0.828,-0.059,1,22.346,0.149,-4.792,0.221,-0.212,22.852,-0.221,0.117,1.123,-1.772,0.016,0.003,0.258,-0.002,-0.1,-0.009,70.4,74.2,78.3,74.3,95.8,99.5,0.0,28.16,1424.2,0.044,68.279,0.0,0.0,-0.0519,0.158,0.0,14.0,0.0,0.0,0.0,76.0,71.6,67.9,71.8,92.7,99.5,0.0,27.67,2098.4,0.212,67.569,0.0,0.0,0.0515,0.1586,0.0,14.0,0.0,0.0,0.0,73.5,78.0,82.8,78.1,101.7,99.5,0.0,29.11,3209.8,0.664,78.59,0.0,0.0,-0.0419,0.169,0.0,14.0,0.0,0.0,0.0,81.8,76.8,72.1,76.9,100.6,99.5,0.0,28.93,2433.4,0.705,78.59,0.0,0.0,0.0458,0.1603,0.0,14.0,0.0,0.0,0.0,36.597,1.257,90.0,14.0,9,13500,5,1,1,False,0.871,0.0,0.0,0.0,False,False,0.0,False,0.0,False,False,False,0.048,0.08,0.54,0.0,0.0,0.0,0.0,0.0,0.0,14.0,12.0,1.2348,2,12234,0:12.234,81345,81345,12213.62,0,0,25336,0.1647,False,False,Soft (S),0,1.0,0,-99.083,-3.265,-518.433,-0.309,0.021,True,0,0,940.641,12213.62
1765362310,86.44,12173,1.0,0.0,0.93,-0.229,1,23.402,0.078,-5.378,0.251,-0.285,24.009,0.821,-0.175,1.116,-1.786,0.015,0.004,0.259,0.003,0.332,-0.045,70.3,74.1,78.2,74.2,95.7,99.5,0.0,28.14,678.2,0.233,70.434,0.0,0.0,-0.0456,0.1537,0.0,14.0,0.0,0.0,0.0,75.9,71.5,67.8,71.8,92.6,99.5,0.0,27.65,2455.8,0.382,72.103,0.0,0.0,0.0474,0.1599,0.0,14.0,0.0,0.0,0.0,73.6,78.1,82.8,78.2,101.6,99.5,0.0,29.09,2446.2,1.247,74.53,0.0,0.0,-0.0463,0.1675,0.0,14.0,0.0,0.0,0.0,81.8,76.8,72.2,76.9,100.5,99.5,0.0,28.92,2673.8,1.041,74.53,0.0,0.0,0.0457,0.1625,0.0,14.0,0.0,0.0,0.0,36.597,1.342,90.0,14.0,9,13500,5,1,1,False,0.871,0.0,0.0,0.0,False,False,0.0,False,0.0,False,False,False,0.05,0.078,0.54,0.0,0.0,0.0,0.0,0.0,0.0,14.0,12.0,1.2348,2,12333,0:12.333,81345,81345,12215.938,0,0,25336,0.1651,False,False,Soft (S),0,1.0,0,-96.811,-3.252,-518.931,-0.481,0.024,True,0,0,942.959,12215.938
1765362310,90.46,12009,1.0,0.0,1.0,-0.186,1,24.232,0.102,-6.649,0.088,-0.214,25.127,0.734,-0.012,1.024,-1.835,0.013,0.004,0.258,0.006,0.567,-0.069,70.2,74.0,78.1,74.1,95.5,99.5,0.0,28.12,1148.3,0.028,73.304,0.0,0.0,-0.0463,0.1541,0.0,14.0,0.0,0.0,0.0,75.9,71.5,67.8,71.7,92.5,99.5,0.0,27.64,2537.1,0.165,76.154,0.0,0.0,0.0443,0.1619,0.0,14.0,0.0,0.0,0.0,73.7,78.2,82.9,78.2,101.5,99.5,0.0,29.08,1955.1,1.059,82.195,0.0,0.0,-0.0466,0.1635,0.0,14.0,0.0,0.0,0.0,81.9,76.9,72.2,77.0,100.4,99.5,0.0,28.9,2875.7,0.818,82.195,0.0,0.0,0.0488,0.1684,0.0,14.0,0.0,0.0,0.0,36.597,1.404,90.0,14.0,9,13500,5,1,1,False,0.871,0.0,0.0,0.0,False,False,0.0,False,0.0,False,False,False,0.048,0.083,0.54,0.0,0.0,0.0,0.0,0.0,0.0,14.0,12.0,1.2348,2,12432,0:12.432,81345,81345,12218.383,0,0,25336,0.1656,False,False,Soft (S),0,1.0,0,-94.451,-3.244,-519.526,-0.26,0.024,True,0,0,945.404,12218.383
1765362310,94.3,12381,1.0,0.0,1.0,-0.325,1,24.901,0.082,-8.132,-0.229,-0.289,26.192,1.778,0.11,1.048,-1.895,0.014,0.002,0.257,-0.04,0.678,0.112,70.1,73.9,78.0,74.0,95.4,99.5,0.0,28.1,743.0,0.351,76.035,0.0,0.0,-0.0456,0.1552,0.0,14.0,0.0,0.0,0.0,75.9,71.5,67.8,71.7,92.4,99.5,0.0,27.62,3421.6,0.499,79.532,0.0,0.0,0.0431,0.1612,0.0,14.0,0.0,0.0,0.0,73.7,78.2,83.0,78.3,101.4,99.5,0.0,29.06,1920.4,1.036,84.745,0.0,0.0,-0.0482,0.1609,0.0,14.0,0.0,0.0,0.0,82.0,77.0,72.4,77.1,100.3,99.5,0.0,28.89,4009.9,0.798,84.745,0.0,0.0,0.0366,0.1711,0.0,14.0,0.0,0.0,0.0,36.597,1.467,90.0,14.0,9,13500,5,1,1,True,0.871,0.0,0.0,0.0,False,False,0.0,False,0.0,False,False,False,0.047,0.085,0.54,0.0,0.0,0.0,0.0,0.0,0.0,14.0,12.0,1.2348,2,12534,0:12.534,81345,81345,12220.93,0,0,25336,0.166,False,False,Soft (S),0,1.0,0,-92.017,-3.236,-520.245,-0.619,0.021,True,0,0,947.951,12220.93
1765362310,94.74,10855,0.0,0.88,1.0,-0.502,1,24.277,0.147,-10.157,0.051,-0.271,26.315,2.087,-0.071,-1.411,-1.965,0.016,-0.003,0.258,0.032,0.611,-0.029,70.0,73.8,77.8,73.9,95.3,99.5,0.0,28.08,154.8,6.559,13.589,0.0,0.0,-0.0432,0.1503,0.0,14.0,0.0,0.0,0.0,76.0,71.6,67.9,71.8,92.3,99.5,0.0,27.61,4256.1,1.119,79.02,0.0,0.0,0.0442,0.1627,0.0,14.0,0.0,0.0,0.0,73.7,78.2,83.0,78.3,101.3,99.5,0.0,29.04,1094.8,0.465,73.342,0.0,0.0,-0.0487,0.1564,0.0,14.0,0.0,0.0,0.0,82.2,77.1,72.5,77.2,100.2,99.5,0.0,28.87,3142.4,0.677,75.253,0.0,0.0,0.0321,0.1736,0.0,14.0,0.0,0.0,0.0,36.597,1.442,90.0,14.0,9,13500,5,1,1,True,0.872,0.0,0.0,0.0,False,False,0.0,False,0.0,False,False,False,0.049,0.087,0.54,0.0,0.0,0.0,0.0,0.0,0.0,14.0,12.0,1.2348,2,12642,0:12.642,81345,81345,12223.771,0,0,25336,0.1665,False,False,Soft (S),0,1.0,0,-89.26,-3.221,-521.265,-0.489,0.021,True,0,0,950.792,12223.771
1765362310,88.9,10495,0.05,0.0,1.0,-0.676,1,21.929,0.282,-11.35,0.144,-0.104,24.693,2.165,0.19,-1.235,-2.043,0.016,-0.005,0.256,-0.057,0.929,0.177,70.4,74.1,78.2,74.2,95.2,99.5,0.0,28.07,1463.9,2.261,63.007,0.0,0.0,0.0087,0.1593,0.0,14.0,0.0,0.0,0.0,76.3,71.9,68.1,72.1,92.2,99.5,0.0,27.6,3850.2,1.337,75.196,0.0,0.0,0.0459,0.164,0.0,14.0,0.0,0.0,0.0,73.7,78.2,82.9,78.2,101.2,99.5,0.0,29.03,682.9,0.485,70.176,0.0,0.0,-0.0493,0.1542,0.0,14.0,0.0,0.0,0.0,82.2,77.2,72.5,77.3,100.1,99.5,0.0,28.86,3804.2,0.679,73.497,0.0,0.0,0.0307,0.171,0.0,14.0,0.0,0.0,0.0,36.597,1.386,90.0,14.0,9,13500,5,1,1,True,0.873,0.0,0.0,0.0,False,False,0.0,False,0.0,False,False,False,0.042,0.094,0.54,0.0,0.0,0.0,0.0,0.0,0.0,14.0,12.0,1.2348,2,12738,0:12.738,81345,81345,12226.272,0,0,25336,0.167,False,False,Soft (S),0,1.0,0,-87.046,-3.203,-522.3,-0.387,0.021,True,0,0,953.293,12226.272
1765362310,86.58,10404,0.05,0.0,1.0,-0.715,1,20.449,0.098,-12.659,-0.09,-0.345,24.048,1.952,-0.144,-0.524,-2.129,0.018,-0.01,0.26,0.024,0.737,0.03,70.3,74.1,78.2,74.2,95.0,99.5,0.0,28.05,522.1,1.776,68.385,0.0,0.0,0.0097,0.1557,0.0,14.0,0.0,0.0,0.0,76.5,72.1,68.3,72.3,92.1,99.5,0.0,27.58,2694.4,1.76,72.146,0.0,0.0,0.0419,0.1593,0.0,14.0,0.0,0.0,0.0,73.6,78.0,82.8,78.1,101.1,99.5,0.0,29.01,871.0,0.447,70.731,0.0,0.0,-0.0533,0.1467,0.0,14.0,0.0,0.0,0.0,82.3,77.2,72.6,77.3,100.0,99.5,0.0,28.84,3781.5,0.631,71.691,0.0,0.0,0.0265,0.1744,0.0,14.0,0.0,0.0,0.0,36.597,1.331,90.0,14.0,9,13500,5,1,1,True,0.874,0.0,0.0,0.0,False,False,0.0,False,0.0,False,False,False,0.049,0.103,0.54,0.0,0.0,0.0,0.0,0.0,0.0,14.0,12.0,1.2348,2,12840,0:12.840,81345,81345,12228.778,0,0,25336,0.1674,False,False,Soft (S),0,1.0,0,-84.889,-3.183,-523.526,-0.406,0.021,True,0,0,955.799,12228.778
1765362310,84.13,10145,0.17,0.0,1.0,-0.824,1,18.618,0.259,-14.123,0.471,-0.095,23.365,1.442,-0.141,-0.58,-2.2,0.015,-0.016,0.257,-0.054,0.89,-0.113,70.3,74.0,78.1,74.1,94.9,99.5,0.0,28.03,524.5,1.692,67.319,0.0,0.0,0.005,0.1546,0.0,14.0,0.0,0.0,0.0,76.9,72.4,68.7,72.7,92.1,99.5,0.0,27.57,4422.3,1.709,70.558,0.0,0.0,0.0391,0.1672,0.0,14.0,0.0,0.0,0.0,73.5,78.0,82.7,78.0,101.0,99.5,0.0,28.99,3209.5,0.217,68.603,0.0,0.0,-0.0086,0.1506,0.0,14.0,0.0,0.0,0.0,82.3,77.2,72.6,77.4,99.9,99.5,0.0,28.83,2150.8,0.523,70.273,0.0,0.0,0.0218,0.1733,0.0,14.0,0.0,0.0,0.0,36.597,1.272,90.0,14.0,9,13500,5,1,1,True,0.874,0.0,0.0,0.0,False,False,0.0,False,0.0,False,False,False,0.043,0.092,0.54,0.0,0.0,0.0,0.0,0.0,0.0,14.0,12.0,1.2348,2,12939,0:12.939,81345,81345,12231.08,0,0,25336,0.1678,False,False,Soft (S),0,1.0,0,-82.959,-3.165,-524.86,-0.438,0.021,True,0,0,958.101,12231.08
1765362310,82.41,9912,0.08,0.0,1.0,-0.777,1,17.104,0.11,-15.215,0.2,-0.35,22.889,1.738,-0.15,-0.66,-2.289,0.02,-0.009,0.26,-0.037,0.856,-0.061,70.2,73.9,78.0,74.0,94.8,99.5,0.0,28.01,778.2,1.546,66.253,0.0,0.0,-0.03,0.1526,0.0,14.0,0.0,0.0,0.0,77.2,72.7,68.9,72.9,92.0,99.5,0.0,27.56,3507.2,1.758,69.12,0.0,0.0,0.0512,0.1612,0.0,14.0,0.0,0.0,0.0,73.4,77.9,82.6,78.0,100.8,99.5,0.0,28.98,2183.3,0.096,67.377,0.0,0.0,-0.065,0.1555,0.0,14.0,0.0,0.0,0.0,82.2,77.2,72.6,77.3,99.8,99.5,0.0,28.81,2918.3,0.644,68.307,0.0,0.0,0.0237,0.1659,0.0,14.0,0.0,0.0,0.0,36.597,1.225,90.0,14.0,9,13500,5,1,1,True,0.875,0.0,0.0,0.0,False,False,0.0,False,0.0,False,False,False,0.049,0.098,0.54,0.0,0.0,0.0,0.0,0.0,0.0,14.0,12.0,1.2348,2,13041,0:13.041,81345,81345,12233.522,0,0,25336,0.1682,False,False,Soft (S),0,1.0,0,-81.145,-3.142,-526.363,-0.444,0.021,True,0,0,960.543,12233.522
1765362311,79.99,9530,0.13,0.0,1.0,-0.845,1,14.963,0.323,-16.423,0.61,-0.135,22.211,1.645,-0.24,-0.602,-2.375,0.02,-0.013,0.259,0.035,0.841,-0.128,70.1,73.8,77.9,73.9,94.7,99.5,0.0,27.99,170.6,1.426,64.982,0.0,0.0,-0.0316,0.1505,0.0,14.0,0.0,0.0,0.0,77.5,73.0,69.2,73.3,91.9,99.5,0.0,27.54,3606.8,1.767,67.04,0.0,0.0,0.0473,0.165,0.0,14.0,0.0,0.0,0.0,73.3,77.8,82.5,77.9,100.7,99.5,0.0,28.96,1311.1,0.196,64.42,0.0,0.0,-0.0602,0.1566,0.0,14.0,0.0,0.0,0.0,82.2,77.2,72.6,77.4,99.7,99.5,0.0,28.8,1965.9,0.489,66.047,0.0,0.0,0.0264,0.1708,0.0,14.0,0.0,0.0,0.0,36.597,1.169,90.0,14.0,9,13500,5,1,1,True,0.875,0.0,0.0,0.0,False,False,0.0,False,0.0,False,False,False,0.048,0.086,0.54,0.0,0.0,0.0,0.0,0.0,0.0,14.0,12.0,1.2348,2,13143,0:13.143,81345,81345,12235.75,0,0,25336,0.1686,False,False,Soft (S),0,1.0,0,-79.52,-3.117,-527.987,-0.331,0.021,True,0,0,962.771,12235.75
1765362311,78.24,9714,0.59,0.0,1.0,-0.866,1,12.979,0.284,-17.429,0.685,-0.148,21.721,2.009,0.084,-0.361,-2.47,0.02,-0.011,0.257,0.039,0.867,0.085,70.0,73.8,77.8,73.9,94.5,99.5,0.0,27.97,320.6,1.546,62.35,0.0,0.0,-0.0269,0.1524,0.0,14.0,0.0,0.0,0.0,77.8,73.3,69.5,73.5,91.8,99.5,0.0,27.53,4602.7,1.712,65.776,0.0,0.0,0.0445,0.1646,0.0,14.0,0.0,0.0,0.0,73.3,77.7,82.4,77.8,100.6,99.5,0.0,28.94,580.5,0.534,66.488,0.0,0.0,-0.0499,0.1557,0.0,14.0,0.0,0.0,0.0,82.2,77.2,72.6,77.3,99.6,99.5,0.0,28.78,3293.6,0.398,66.488,0.0,0.0,0.0324,0.1706,0.0,14.0,0.0,0.0,0.0,36.597,1.19,90.0,14.0,9,13500,5,1,1,False,0.875,0.0,0.0,0.0,False,False,0.0,False,0.0,False,False,False,0.046,0.087,0.54,0.0,0.0,0.0,0.0,0.0,0.0,14.0,12.0,1.2348,2,13254,0:13.254,81345,81345,12238.207,0,0,25336,0.169,False,False,Soft (S),0,1.0,0,-77.966,-3.09,-529.864,-0.393,0.021,True,0,0,965.228,12238.207
1765362311,78.86,9779,0.53,0.0,1.0,-0.833,1,11.623,0.205,-18.568,0.502,-0.25,21.899,2.08,0.049,0.138,-2.559,0.021,-0.004,0.258,0.013,0.852,0.088,70.0,73.7,77.7,73.8,94.4,99.5,0.0,27.95,518.2,1.572,62.115,0.0,0.0,-0.0269,0.1531,0.0,14.0,0.0,0.0,0.0,78.1,73.5,69.7,73.8,91.7,99.5,0.0,27.52,3332.2,1.76,66.2,0.0,0.0,0.0507,0.1603,0.0,14.0,0.0,0.0,0.0,73.2,77.7,82.4,77.8,100.5,99.5,0.0,28.92,1772.1,0.598,66.595,0.0,0.0,-0.0442,0.1593,0.0,14.0,0.0,0.0,0.0,82.2,77.2,72.6,77.3,99.5,99.5,0.0,28.77,3357.6,0.464,67.275,0.0,0.0,0.03,0.1666,0.0,14.0,0.0,0.0,0.0,36.597,1.352,90.0,14.0,9,13500,5,1,1,False,0.875,0.0,0.0,0.0,False,False,0.0,False,0.0,False,False,False,0.049,0.086,0.54,0.0,0.0,0.0,0.0,0.0,0.0,14.0,12.0,1.2348,2,13350,0:13.350,81345,81345,12240.188,0,0,25336,0.1694,False,False,Soft (S),0,1.0,0,-76.789,-3.067,-531.592,-0.397,0.021,True,0,0,967.209,12240.188
1765362311,79.17,9883,0.5,0.0,1.0,-0.826,1,10.011,0.181,-19.581,0.535,-0.234,21.984,1.569,-0.301,0.11,-2.645,0.019,-0.004,0.261,0.043,0.81,-0.037,69.9,73.6,77.6,73.7,94.3,99.5,0.0,27.93,444.2,1.623,62.351,0.0,0.0,-0.027,0.1527,0.0,14.0,0.0,0.0,0.0,78.3,73.7,69.9,74.0,91.6,99.5,0.0,27.5,2074.1,1.836,66.197,0.0,0.0,0.0605,0.1596,0.0,14.0,0.0,0.0,0.0,73.2,77.6,82.3,77.7,100.4,99.5,0.0,28.91,1209.2,0.679,67.65,0.0,0.0,-0.0406,0.1559,0.0,14.0,0.0,0.0,0.0,82.2,77.2,72.6,77.3,99.4,99.5,0.0,28.75,2613.7,0.429,67.65,0.0,0.0,0.0321,0.1687,0.0,14.0,0.0,0.0,0.0,36.597,1.476,90.0,14.0,9,13500,5,1,1,False,0.876,0.0,0.0,0.0,False,False,0.0,False,0.0,False,False,False,0.051,0.091,0.54,0.0,0.0,0.0,0.0,0.0,0.0,14.0,12.0,1.2348,2,13455,0:13.455,81345,81345,12242.592,0,0,25336,0.1698,False,False,Soft (S),0,1.0,0,-75.663,-3.043,-533.601,-0.338,0.021,True,0,0,969.613,12242.592
1765362311,79.38,9941,0.45,0.0,1.0,-0.866,1,8.205,0.18,-20.465,0.649,-0.141,22.039,2.088,0.024,-0.11,-2.731,0.014,-0.015,0.259,0.052,0.896,0.093,69.9,73.6,77.6,73.7,94.2,99.5,0.0,27.91,577.4,1.575,62.679,0.0,0.0,-0.0247,0.1552,0.0,14.0,0.0,0.0,0.0,78.5,73.9,70.1,74.2,91.6,99.5,0.0,27.49,3585.8,1.768,66.706,0.0,0.0,0.0534,0.1613,0.0,14.0,0.0,0.0,0.0,73.1,77.6,82.2,77.6,100.3,99.5,0.0,28.89,657.7,0.718,68.044,0.0,0.0,-0.0535,0.1499,0.0,14.0,0.0,0.0,0.0,82.2,77.2,72.6,77.3,99.4,99.5,0.0,28.74,3861.8,0.41,68.044,0.0,0.0,0.0279,0.1759,0.0,14.0,0.0,0.0,0.0,36.597,1.551,90.0,14.0,9,13500,5,1,1,False,0.876,0.0,0.0,0.0,False,False,0.0,False,0.0,False,False,False,0.047,0.098,0.54,0.0,0.0,0.0,0.0,0.0,0.0,14.0,12.0,1.2348,2,13554,0:13.554,81345,81345,12244.85,0,0,25336,0.1701,False,False,Soft (S),0,1.0,0,-74.761,-3.029,-535.587,-0.413,0.024,True,0,0,971.871,12244.85
1765362311,79.68,9980,0.42,0.0,1.0,-0.846,1,6.519,0.042,-21.151,0.386,-0.252,22.128,2.047,-0.087,0.189,-2.825,0.013,-0.013,0.261,0.008,0.951,0.035,69.8,73.5,77.5,73.6,94.1,99.5,0.0,27.89,298.4,1.608,62.524,0.0,0.0,-0.0261,0.1526,0.0,14.0,0.0,0.0,0.0,78.7,74.1,70.3,74.4,91.5,99.5,0.0,27.48,2930.3,1.811,67.101,0.0,0.0,0.0539,0.1605,0.0,14.0,0.0,0.0,0.0,73.1,77.5,82.2,77.6,100.2,99.5,0.0,28.87,1732.3,0.808,67.496,0.0,0.0,-0.052,0.1531,0.0,14.0,0.0,0.0,0.0,82.1,77.2,72.6,77.3,99.3,99.5,0.0,28.72,3225.9,0.586,69.124,0.0,0.0,0.0338,0.17,0.0,14.0,0.0,0.0,0.0,36.597,1.614,90.0,14.0,9,13500,5,1,1,False,0.876,0.0,0.0,0.0,False,False,0.0,False,0.0,False,False,False,0.05,0.093,0.54,0.0,0.0,0.0,0.0,0.0,0.0,14.0,12.0,1.2348,2,13653,0:13.653,81345,81345,12246.999,0,0,25336,0.1705,False,False,Soft (S),0,1.0,0,-74.035,-3.017,-537.647,-0.325,0.024,True,0,0,974.02,12246.999
1765362311,79.85,9908,0.41,0.0,1.0,-0.857,1,4.423,0.113,-21.734,0.58,-0.161,22.171,2.19,0.074,-0.106,-2.915,0.012,-0.016,0.259,-0.013,0.896,-0.022,69.7,73.4,77.5,73.5,93.9,99.5,0.0,27.87,383.4,1.549,62.981,0.0,0.0,-0.033,0.1519,0.0,14.0,0.0,0.0,0.0,79.1,74.4,70.6,74.7,91.4,99.5,0.0,27.46,4013.5,1.727,67.142,0.0,0.0,0.0492,0.1639,0.0,14.0,0.0,0.0,0.0,73.0,77.5,82.1,77.5,100.1,99.5,0.0,28.86,1401.4,0.614,67.574,0.0,0.0,-0.0479,0.1564,0.0,14.0,0.0,0.0,0.0,82.1,77.1,72.6,77.3,99.2,99.5,0.0,28.71,3125.9,0.471,68.064,0.0,0.0,0.0351,0.1681,0.0,14.0,0.0,0.0,0.0,36.597,1.627,90.0,14.0,9,13500,5,1,1,False,0.876,0.0,0.0,0.0,False,False,0.0,False,0.0,False,False,False,0.047,0.086,0.54,0.0,0.0,0.0,0.0,0.0,0.0,14.0,12.0,1.2348,2,13755,0:13.755,81345,81345,12249.252,0,0,25336,0.1708,False,False,Soft (S),0,1.0,0,-73.479,-3.009,-539.841,-0.374,0.024,True,0,0,976.273,12249.252
1765362311,80.1,9881,0.41,0.0,1.0,-0.831,1,2.523,0.033,-22.107,0.565,-0.286,22.241,1.927,-0.097,-0.162,-3.002,0.014,-0.01,0.261,0.017,0.822,0.055,69.7,73.4,77.4,73.5,93.8,99.5,0.0,27.85,586.3,1.566,63.182,0.0,0.0,-0.0269,0.1527,0.0,14.0,0.0,0.0,0.0,79.3,74.7,70.8,74.9,91.3,99.5,0.0,27.45,3148.9,1.758,67.106,0.0,0.0,0.0526,0.1599,0.0,14.0,0.0,0.0,0.0,73.0,77.4,82.1,77.5,100.0,99.5,0.0,28.84,775.6,0.505,67.633,0.0,0.0,-0.0524,0.1575,0.0,14.0,0.0,0.0,0.0,82.1,77.1,72.5,77.3,99.1,99.5,0.0,28.69,2986.8,0.419,67.633,0.0,0.0,0.0344,0.1663,0.0,14.0,0.0,0.0,0.0,36.597,1.639,90.0,14.0,9,13500,5,1,1,False,0.876,0.0,0.0,0.0,False,False,0.0,False,0.0,False,False,False,0.05,0.089,0.54,0.0,0.0,0.0,0.0,0.0,0.0,14.0,12.0,1.2348,2,13854,0:13.854,81345,81345,12251.458,0,0,25336,0.1712,False,False,Soft (S),0,1.0,0,-73.138,-3.0,-542.012,-0.406,0.027,True,0,0,978.479,12251.458
1765362311,79.97,9807,0.38,0.0,1.0,-0.871,1,0.419,0.139,-22.209,0.751,-0.151,22.2,1.516,-0.26,-0.136,-3.089,0.013,-0.013,0.26,0.055,0.849,-0.046,69.6,73.3,77.3,73.4,93.7,99.5,0.0,27.83,627.3,1.59,63.238,0.0,0.0,-0.0266,0.1539,0.0,14.0,0.0,0.0,0.0,79.6,74.9,71.0,75.1,91.3,99.5,0.0,27.44,1822.8,1.974,66.98,0.0,0.0,0.1052,0.1616,0.0,14.0,0.0,0.0,0.0,72.9,77.3,82.0,77.4,99.9,99.5,0.0,28.82,1044.0,0.405,66.693,0.0,0.0,-0.0484,0.1552,0.0,14.0,0.0,0.0,0.0,82.1,77.1,72.5,77.2,99.0,99.5,0.0,28.68,2362.5,0.362,67.558,0.0,0.0,0.0338,0.1716,0.0,14.0,0.0,0.0,0.0,36.597,1.613,90.0,14.0,9,13500,5,1,1,False,0.876,0.0,0.0,0.0,False,False,0.0,False,0.0,False,False,False,0.049,0.092,0.54,0.0,0.0,0.0,0.0,0.0,0.0,14.0,12.0,1.2348,2,13956,0:13.956,81345,81345,12253.715,0,0,25336,0.1716,False,False,Soft (S),0,1.0,0,-72.989,-2.991,-544.275,-0.334,0.027,True,0,0,980.736,12253.715
1765362311,79.81,9893,0.34,0.0,1.0,-0.821,1,-1.436,0.105,-22.122,0.638,-0.16,22.159,1.439,-0.288,0.254,3.106,0.011,-0.02,0.259,-0.005,0.896,0.014,69.6,73.3,77.3,73.4,93.6,99.5,0.0,27.82,256.7,1.461,62.919,0.0,0.0,-0.0353,0.1581,0.0,14.0,0.0,0.0,0.0,79.7,75.0,71.1,75.3,91.2,99.5,0.0,27.43,0.0,0.0,67.362,0.0,0.0,0.0989,0.1658,0.0,14.0,0.0,0.0,0.0,72.9,77.3,81.9,77.4,99.8,99.5,0.0,28.81,1410.9,0.588,67.38,0.0,0.0,-0.0517,0.1515,0.0,14.0,0.0,0.0,0.0,82.1,77.1,72.5,77.2,98.9,99.5,0.0,28.66,3964.7,0.432,68.049,0.0,0.0,0.029,0.1738,0.0,14.0,0.0,0.0,0.0,36.597,1.62,90.0,14.0,9,13500,5,1,1,False,0.876,0.0,0.0,0.0,False,False,0.0,False,0.0,False,False,False,0.048,0.099,0.54,0.0,0.0,0.0,0.0,0.0,0.0,14.0,12.0,1.2348,2,14058,0:14.058,81345,81345,12255.995,0,0,25336,0.172,False,False,Soft (S),0,1.0,0,-73.033,-2.985,-546.537,-0.12,0.027,True,0,0,983.016,12255.995
1765362312,79.83,9933,0.56,0.0,1.0,-0.552,1,-3.457,0.203,-21.904,0.62,-0.171,22.167,1.035,-0.505,0.196,3.013,0.016,-0.019,0.263,-0.063,0.895,-0.089,69.6,73.2,77.2,73.4,93.5,99.5,0.0,27.8,184.4,0.675,63.599,0.0,0.0,-0.0452,0.1549,0.0,14.0,0.0,0.0,0.0,79.9,75.2,71.3,75.5,91.1,99.5,0.0,27.42,0.0,0.0,68.426,0.0,0.0,0.0402,0.1666,0.0,14.0,0.0,0.0,0.0,72.8,77.2,81.9,77.3,99.7,99.5,0.0,28.79,1449.2,0.574,67.636,0.0,0.0,-0.0506,0.1532,0.0,14.0,0.0,0.0,0.0,82.0,77.1,72.5,77.2,98.8,99.5,0.0,28.65,4258.4,0.464,68.347,0.0,0.0,0.037,0.1717,0.0,14.0,0.0,0.0,0.0,36.597,1.629,90.0,14.0,9,13500,5,1,1,False,0.876,0.0,0.0,0.0,False,False,0.0,False,0.0,False,False,False,0.057,0.103,0.54,0.0,0.0,0.0,0.0,0.0,0.0,14.0,12.0,1.2348,2,14163,0:14.163,81345,81345,12258.3,0,0,25336,0.1723,False,False,Soft (S),0,1.0,0,-73.301,-2.966,-548.847,-0.093,0.027,True,0,0,985.321,12258.3
1765362312,82.16,10805,1.0,0.0,1.0,-0.296,1,-4.974,0.12,-22.274,0.217,-0.332,22.819,1.14,0.298,1.797,2.932,0.02,-0.018,0.258,-0.006,0.771,0.101,69.5,73.1,77.1,73.3,93.4,99.5,0.0,27.78,1235.4,0.219,65.951,0.0,0.0,-0.0536,0.1546,0.0,14.0,0.0,0.0,0.0,79.9,75.2,71.3,75.4,91.0,99.5,0.0,27.41,0.0,0.0,69.759,0.0,0.0,0.0931,0.1642,0.0,14.0,0.0,0.0,0.0,72.8,77.2,81.9,77.3,99.6,99.5,0.0,28.77,1927.8,1.169,78.016,0.0,0.0,-0.058,0.1651,0.0,14.0,0.0,0.0,0.0,82.1,77.1,72.5,77.2,98.7,99.5,0.0,28.64,8402.3,0.651,69.899,0.0,0.0,0.0322,0.1709,0.0,14.0,0.0,0.0,0.0,36.597,1.726,90.0,14.0,9,13500,5,1,1,False,0.876,0.0,0.0,0.0,False,False,0.0,False,0.0,False,False,False,0.059,0.093,0.54,0.0,0.0,0.0,0.0,0.0,0.0,14.0,12.0,1.2348,2,14262,0:14.262,81345,81345,12260.39,0,0,25336,0.1727,False,False,Soft (S),0,1.0,0,-73.723,-2.955,-551.027,-0.195,0.027,True,0,0,987.411,12260.39
1765362312,85.12,11421,1.0,0.0,1.0,-0.114,1,-6.153,0.213,-22.829,-0.243,-0.182,23.643,0.213,-0.048,0.115,2.868,0.017,-0.012,0.26,0.003,0.518,-0.125,69.4,73.0,77.0,73.2,93.3,99.5,0.0,27.76,2401.8,0.006,69.013,0.0,0.0,-0.0551,0.1567,0.0,14.0,0.0,0.0,0.0,79.8,75.1,71.2,75.4,91.0,99.5,0.0,27.4,0.0,0.0,71.827,0.0,0.0,0.0944,0.1667,0.0,14.0,0.0,0.0,0.0,72.9,77.3,82.0,77.4,99.5,99.5,0.0,28.76,1316.9,0.575,75.405,0.0,0.0,-0.056,0.1677,0.0,14.0,0.0,0.0,0.0,82.1,77.1,72.6,77.3,98.6,99.5,0.0,28.62,3455.4,0.469,80.941,0.0,0.0,0.0325,0.1682,0.0,14.0,0.0,0.0,0.0,36.597,1.722,90.0,14.0,9,13500,5,1,1,False,0.876,0.0,0.0,0.0,False,False,0.0,False,0.0,False,False,False,0.04,0.078,0.54,0.0,0.0,0.0,0.0,0.0,0.0,14.0,12.0,1.2348,2,14361,0:14.361,81345,81345,12262.777,0,0,25336,0.1731,False,False,Soft (S),0,1.0,0,-74.282,-2.936,-553.262,0.016,0.033,True,0,0,989.798,12262.777
1765362312,88.7,11958,1.0,0.0,1.0,0.005,1,-7.038,0.132,-23.612,-0.507,-0.313,24.632,0.415,0.537,1.632,2.831,0.018,-0.012,0.257,-0.054,0.218,0.093,69.3,72.9,76.9,73.0,93.1,99.5,0.0,27.74,1977.8,0.058,72.525,0.0,0.0,-0.0579,0.1555,0.0,14.0,0.0,0.0,0.0,79.7,75.0,71.1,75.3,90.9,99.5,0.0,27.38,0.0,0.0,74.192,0.0,0.0,0.0909,0.1673,0.0,14.0,0.0,0.0,0.0,73.0,77.4,82.1,77.5,99.4,99.5,0.0,28.74,2080.3,1.022,84.762,0.0,0.0,-0.0581,0.1705,0.0,14.0,0.0,0.0,0.0,82.2,77.2,72.7,77.4,98.6,99.5,0.0,28.61,7623.6,0.837,78.93,0.0,0.0,0.0285,0.1662,0.0,14.0,0.0,0.0,0.0,36.597,1.72,90.0,14.0,9,13500,5,1,1,False,0.876,0.0,0.0,0.0,False,False,0.0,False,0.0,False,False,False,0.054,0.085,0.54,0.0,0.0,0.0,0.0,0.0,0.0,14.0,12.0,1.2348,2,14463,0:14.463,81345,81345,12265.12,0,0,25336,0.1735,False,False,Soft (S),0,1.0,0,-74.958,-2.919,-555.632,0.103,0.033,True,0,0,992.141,12265.12
1765362312,92.41,10164,0.2,0.0,1.0,0.044,2,-7.722,0.195,-24.481,-0.299,-0.231,25.667,-0.118,0.154,1.918,2.824,0.017,-0.008,0.254,-0.026,0.008,-0.112,69.2,72.8,76.8,73.0,93.0,99.5,0.0,27.72,2185.6,0.101,76.183,0.0,0.0,-0.0554,0.1591,0.0,14.0,0.0,0.0,0.0,79.6,75.0,71.1,75.2,90.8,99.5,0.0,27.37,0.0,0.0,76.307,0.0,0.0,0.0935,0.1662,0.0,14.0,0.0,0.0,0.0,73.1,77.5,82.2,77.6,99.3,99.5,0.0,28.73,2599.5,2.665,104.806,0.0,0.0,-0.0526,0.1688,0.0,14.0,0.0,0.0,0.0,82.3,77.4,72.8,77.5,98.5,99.5,0.0,28.6,7600.3,2.148,92.301,0.0,0.0,0.0347,0.1709,0.0,14.0,0.0,0.0,0.0,36.597,1.713,90.0,14.0,9,13500,5,1,1,True,0.877,0.0,0.0,0.0,False,False,0.0,False,0.0,False,False,False,0.049,0.087,0.54,0.0,0.0,0.0,0.0,0.0,0.0,14.0,12.0,1.2348,2,14562,0:14.562,81345,81345,12267.638,0,0,25336,0.1739,False,False,Soft (S),0,1.0,0,-75.695,-2.903,-558.019,0.168,0.033,True,0,0,994.659,12267.638
1765362312,96.51,9074,1.0,0.0,1.0,0.05,2,-8.033,0.157,-25.577,-0.162,-0.278,26.808,-0.137,-0.195,0.753,2.831,0.016,-0.007,0.259,0.03,-0.11,-0.007,69.1,72.8,76.7,72.9,92.9,99.5,0.0,27.71,1291.1,0.118,79.924,0.0,0.0,-0.0538,0.1608,0.0,14.0,0.0,0.0,0.0,79.5,74.8,71.0,75.1,90.7,99.5,0.0,27.36,0.0,0.0,78.417,0.0,0.0,0.0931,0.1575,0.0,14.0,0.0,0.0,0.0,73.3,77.7,82.4,77.8,99.2,99.5,0.0,28.71,3269.3,0.726,84.376,0.0,0.0,-0.0505,0.1683,0.0,14.0,0.0,0.0,0.0,82.5,77.5,73.0,77.6,98.4,99.5,0.0,28.58,0.0,0.0,91.608,0.0,0.0,0.0944,0.172,0.0,14.0,0.0,0.0,0.0,36.597,1.801,90.0,14.0,9,13500,5,1,1,False,0.877,0.0,0.0,0.0,False,False,0.0,False,0.0,False,False,False,0.05,0.084,0.54,0.0,0.0,0.0,0.0,0.0,0.0,14.0,12.0,1.2348,2,14667,0:14.667,81345,81345,12270.512,0,0,25336,0.1744,False,False,Soft (S),0,1.0,0,-76.524,-2.884,-560.647,0.13,0.039,True,0,0,997.533,12270.512
1765362312,100.4,9426,0.2,0.0,1.0,0.042,2,-8.158,0.117,-26.668,-0.036,-0.322,27.886,-0.509,-0.077,0.668,2.844,0.016,-0.007,0.255,0.001,-0.125,-0.032,69.0,72.7,76.6,72.8,92.8,99.5,0.0,27.69,2154.8,0.097,83.054,0.0,0.0,-0.0514,0.1599,0.0,14.0,0.0,0.0,0.0,79.4,74.8,70.9,75.0,90.7,99.5,0.0,27.34,1021.0,0.165,82.444,0.0,0.0,0.0942,0.1598,0.0,14.0,0.0,0.0,0.0,73.3,77.8,82.5,77.8,99.1,99.5,0.0,28.7,2659.3,0.392,86.478,0.0,0.0,-0.0519,0.1723,0.0,14.0,0.0,0.0,0.0,82.6,77.6,73.1,77.8,98.3,99.5,0.0,28.57,2257.5,1.578,96.329,0.0,0.0,0.0923,0.1678,0.0,14.0,0.0,0.0,0.0,36.597,1.923,90.0,14.0,9,13500,5,1,1,False,0.877,0.0,0.0,0.0,False,False,0.0,False,0.0,False,False,False,0.044,0.076,0.54,0.0,0.0,0.0,0.0,0.0,0.0,14.0,12.0,1.2348,2,14769,0:14.769,81345,81345,12273.252,0,0,25336,0.1749,False,False,Soft (S),0,1.0,0,-77.352,-2.872,-563.311,0.049,0.039,True,0,0,1000.273,12273.252
1765362312,104.68,9666,1.0,0.0,1.0,0.031,2,-8.289,0.129,-27.871,0.024,-0.291,29.076,-0.106,-0.108,0.93,2.853,0.014,-0.007,0.255,0.022,-0.101,-0.034,68.9,72.6,76.5,72.7,92.7,99.5,0.0,27.67,1915.0,0.123,86.586,0.0,0.0,-0.0495,0.1597,0.0,14.0,0.0,0.0,0.0,79.3,74.6,70.8,74.9,90.6,99.5,0.0,27.33,1554.1,0.126,85.966,0.0,0.0,0.0937,0.1589,0.0,14.0,0.0,0.0,0.0,73.4,77.8,82.5,77.9,99.0,99.5,0.0,28.69,3114.4,0.66,91.979,0.0,0.0,-0.0494,0.1689,0.0,14.0,0.0,0.0,0.0,82.7,77.7,73.2,77.9,98.2,99.5,0.0,28.55,1528.7,0.839,95.486,0.0,0.0,0.0941,0.1717,0.0,14.0,0.0,0.0,0.0,36.597,2.016,90.0,14.0,9,13500,5,1,1,False,0.877,0.0,0.0,0.0,False,False,0.0,False,0.0,False,False,False,0.048,0.082,0.54,0.0,0.0,0.0,0.0,0.0,0.0,14.0,12.0,1.2348,2,14868,0:14.868,81345,81345,12276.101,0,0,25336,0.1754,False,False,Soft (S),0,1.0,0,-78.165,-2.858,-566.012,0.052,0.042,True,0,0,1003.122,12276.101
1765362312,109.28,10150,1.0,0.0,1.0,0.011,2,-8.511,0.157,-29.137,0.163,-0.304,30.353,-0.219,-0.037,1.202,2.863,0.015,-0.006,0.255,-0.019,-0.08,-0.069,68.8,72.5,76.4,72.6,92.6,99.5,0.0,27.66,2079.9,0.11,90.315,0.0,0.0,-0.0462,0.1587,0.0,14.0,0.0,0.0,0.0,79.2,74.6,70.7,74.8,90.5,99.5,0.0,27.32,1582.1,0.137,89.866,0.0,0.0,0.096,0.1611,0.0,14.0,0.0,0.0,0.0,73.5,77.9,82.7,78.0,99.0,99.5,0.0,28.67,2848.8,0.729,98.178,0.0,0.0,-0.0458,0.1694,0.0,14.0,0.0,0.0,0.0,82.9,77.9,73.3,78.0,98.1,99.5,0.0,28.54,2510.9,0.933,98.66,0.0,0.0,0.0944,0.1697,0.0,14.0,0.0,0.0,0.0,36.597,2.06,90.0,14.0,9,13500,5,1,1,False,0.877,0.0,0.0,0.0,False,False,0.0,False,0.0,False,False,False,0.047,0.081,0.54,0.0,0.0,0.0,0.0,0.0,0.0,14.0,12.0,1.2348,2,14970,0:14.970,81345,81345,12279.188,0,0,25336,0.1759,False,False,Soft (S),0,1.0,0,-79.021,-2.845,-568.917,0.039,0.042,True,0,0,1006.209,12279.188
1765362312,114.45,10793,1.0,0.0,1.0,-0.005,2,-8.787,0.215,-30.553,0.235,-0.366,31.79,-0.104,0.106,1.431,2.869,0.018,-0.005,0.255,-0.014,-0.029,-0.044,68.7,72.4,76.3,72.5,92.5,99.5,0.0,27.64,1420.0,0.106,94.317,0.0,0.0,-0.0473,0.1585,0.0,14.0,0.0,0.0,0.0,79.1,74.5,70.6,74.7,90.4,99.5,0.0,27.31,1007.5,0.144,94.145,0.0,0.0,0.097,0.1593,0.0,14.0,0.0,0.0,0.0,73.7,78.1,82.9,78.2,98.9,99.5,0.0,28.66,3100.0,0.936,104.861,0.0,0.0,-0.0421,0.1689,0.0,14.0,0.0,0.0,0.0,83.1,78.1,73.4,78.2,98.1,99.5,0.0,28.53,3229.9,1.045,104.447,0.0,0.0,0.0962,0.1708,0.0,14.0,0.0,0.0,0.0,36.597,2.104,90.0,14.0,9,13500,5,1,1,False,0.877,0.0,0.0,0.0,False,False,0.0,False,0.0,False,False,False,0.049,0.081,0.54,0.0,0.0,0.0,0.0,0.0,0.0,14.0,12.0,1.2348,2,15072,0:15.072,81345,81345,12282.297,0,0,25336,0.1765,False,False,Soft (S),0,1.0,0,-79.902,-2.826,-571.963,0.028,0.045,True,0,0,1009.318,12282.297
1765362313,119.55,10894,1.0,0.0,1.0,-0.005,2,-9.037,0.199,-31.954,0.085,-0.279,33.207,-0.142,-0.011,1.291,2.869,0.014,-0.003,0.254,0.071,0.02,0.002,68.6,72.3,76.2,72.4,92.4,99.5,0.0,27.63,2260.5,0.095,98.362,0.0,0.0,-0.0447,0.16,0.0,14.0,0.0,0.0,0.0,79.0,74.4,70.5,74.6,90.3,99.5,0.0,27.29,1848.5,0.058,98.404,0.0,0.0,0.0486,0.1579,0.0,14.0,0.0,0.0,0.0,73.8,78.3,83.0,78.4,98.8,99.5,0.0,28.65,2853.8,0.661,105.631,0.0,0.0,-0.0456,0.1718,0.0,14.0,0.0,0.0,0.0,83.2,78.2,73.6,78.3,98.0,99.5,0.0,28.52,2799.9,0.647,105.631,0.0,0.0,0.0464,0.1702,0.0,14.0,0.0,0.0,0.0,36.597,2.132,90.0,14.0,9,13500,5,1,1,False,0.877,0.0,0.0,0.0,False,False,0.0,False,0.0,False,False,False,0.047,0.079,0.54,0.0,0.0,0.0,0.0,0.0,0.0,14.0,12.0,1.2348,2,15168,0:15.168,81345,81345,12285.463,0,0,25336,0.177,False,False,Soft (S),0,1.0,0,-80.757,-2.811,-574.96,0.098,0.051,True,0,0,1012.484,12285.463
1765362313,124.0,11720,1.0,0.0,1.0,-0.009,2,-9.357,0.078,-33.149,-0.016,-0.445,34.441,0.027,0.116,1.653,2.866,0.015,-0.006,0.255,-0.026,0.033,0.039,68.6,72.2,76.1,72.3,92.3,99.5,0.0,27.61,2119.0,0.062,102.107,0.0,0.0,-0.0457,0.1596,0.0,14.0,0.0,0.0,0.0,78.9,74.3,70.4,74.5,90.3,99.5,0.0,27.28,1973.9,0.077,102.258,0.0,0.0,0.0418,0.1591,0.0,14.0,0.0,0.0,0.0,74.0,78.4,83.2,78.5,98.7,99.5,0.0,28.64,3518.9,1.009,113.642,0.0,0.0,-0.0452,0.1682,0.0,14.0,0.0,0.0,0.0,83.4,78.4,73.7,78.5,97.9,99.5,0.0,28.51,3544.5,0.996,113.642,0.0,0.0,0.0445,0.1697,0.0,14.0,0.0,0.0,0.0,36.597,2.148,90.0,14.0,9,13500,5,1,1,False,0.877,0.0,0.0,0.0,False,False,0.0,False,0.0,False,False,False,0.047,0.082,0.54,0.0,0.0,0.0,0.0,0.0,0.0,14.0,12.0,1.2348,2,15273,0:15.273,81345,81345,12288.871,0,0,25336,0.1776,False,False,Soft (S),0,1.0,0,-81.72,-2.798,-578.373,-0.032,0.051,True,0,0,1015.892,12288.871
1765362313,129.66,11896,1.0,0.0,1.0,-0.004,2,-9.867,0.194,-34.638,-0.07,-0.451,36.014,0.085,-0.064,1.515,2.862,0.018,-0.007,0.254,-0.011,0.035,-0.027,68.5,72.1,76.0,72.2,92.2,99.5,0.0,27.6,1681.8,0.061,106.662,0.0,0.0,-0.0477,0.1589,0.0,14.0,0.0,0.0,0.0,78.8,74.2,70.3,74.4,90.2,99.5,0.0,27.27,1840.5,0.083,106.833,0.0,0.0,0.046,0.1606,0.0,14.0,0.0,0.0,0.0,74.1,78.6,83.4,78.7,98.7,99.5,0.0,28.63,3536.8,0.735,115.351,0.0,0.0,-0.0458,0.1703,0.0,14.0,0.0,0.0,0.0,83.6,78.6,73.9,78.7,97.9,99.5,0.0,28.5,3208.0,0.729,115.351,0.0,0.0,0.0402,0.1717,0.0,14.0,0.0,0.0,0.0,36.597,2.176,90.0,14.0,9,13500,5,1,1,False,0.878,0.0,0.0,0.0,False,False,0.0,False,0.0,False,False,False,0.047,0.078,0.54,0.0,0.0,0.0,0.0,0.0,0.0,14.0,12.0,1.2348,2,15372,0:15.372,81345,81345,12292.426,0,0,25336,0.1782,False,False,Soft (S),0,1.0,0,-82.673,-2.781,-581.733,-0.057,0.054,True,0,0,1019.447,12292.426
1765362313,134.98,12296,1.0,0.0,1.0,0.0,2,-10.372,0.234,-36.029,-0.066,-0.386,37.491,0.067,0.016,1.435,2.86,0.017,-0.007,0.253,-0.018,0.024,-0.012,68.4,72.0,75.9,72.1,92.1,99.5,0.0,27.58,2053.5,0.066,111.077,0.0,0.0,-0.0472,0.1605,0.0,14.0,0.0,0.0,0.0,78.7,74.1,70.2,74.3,90.1,99.5,0.0,27.26,2064.7,0.076,111.194,0.0,0.0,0.0469,0.1609,0.0,14.0,0.0,0.0,0.0,74.3,78.8,83.5,78.9,98.6,99.5,0.0,28.62,3235.7,0.676,119.229,0.0,0.0,-0.0463,0.1696,0.0,14.0,0.0,0.0,0.0,83.8,78.7,74.1,78.9,97.8,99.5,0.0,28.49,3244.6,0.674,119.229,0.0,0.0,0.045,0.1716,0.0,14.0,0.0,0.0,0.0,36.597,2.205,90.0,14.0,9,13500,5,1,1,False,0.878,0.0,0.0,0.0,False,False,0.0,False,0.0,False,False,False,0.045,0.08,0.54,0.0,0.0,0.0,0.0,0.0,0.0,14.0,12.0,1.2348,2,15471,0:15.471,81345,81345,12296.056,0,0,25336,0.1789,False,False,Soft (S),0,1.0,0,-83.676,-2.759,-585.234,-0.03,0.054,True,0,0,1023.077,12296.056
1765362313,139.18,10999,1.0,0.0,1.0,0.003,3,-10.746,0.254,-37.138,-0.047,-0.379,38.66,0.006,0.185,1.395,2.859,0.016,-0.009,0.252,0.009,0.001,0.001,68.3,71.9,75.8,72.0,92.0,99.5,0.0,27.57,2899.1,0.072,114.613,0.0,0.0,-0.0477,0.1614,0.0,14.0,0.0,0.0,0.0,78.6,74.0,70.1,74.2,90.1,99.5,0.0,27.25,2933.8,0.074,114.647,0.0,0.0,0.0466,0.1622,0.0,14.0,0.0,0.0,0.0,74.4,78.9,83.7,79.0,98.5,99.5,0.0,28.61,2976.7,0.958,126.719,0.0,0.0,-0.0469,0.1694,0.0,14.0,0.0,0.0,0.0,84.0,78.9,74.2,79.0,97.8,99.5,0.0,28.48,3161.3,0.957,126.719,0.0,0.0,0.0452,0.1721,0.0,14.0,0.0,0.0,0.0,36.597,2.208,90.0,14.0,9,13500,5,1,1,False,0.878,0.011,0.02,0.0,False,False,0.0,False,0.0,False,False,False,0.042,0.081,0.54,0.0,0.0,0.0,0.0,0.0,0.0,14.0,12.0,1.2348,2,15576,0:15.576,81345,81345,12300.049,0,0,25336,0.1795,False,False,Soft (S),0,1.0,0,-84.787,-2.736,-589.081,-0.017,0.054,True,0,0,1027.07,12300.049
1765362313,144.64,10814,1.0,0.0,1.0,0.009,3,-11.141,0.266,-38.602,-0.039,-0.432,40.176,-0.064,0.157,1.491,2.86,0.017,-0.01,0.252,0.022,-0.017,0.006,68.2,71.8,75.7,71.9,92.0,99.5,0.0,27.55,2138.5,0.079,119.022,0.0,0.0,-0.0464,0.1611,0.0,14.0,0.0,0.0,0.0,78.4,73.9,70.0,74.1,90.0,99.5,0.0,27.24,1844.7,0.059,118.894,0.0,0.0,0.0472,0.1605,0.0,14.0,0.0,0.0,0.0,74.6,79.1,83.9,79.2,98.5,99.5,0.0,28.6,3682.6,0.454,124.591,0.0,0.0,-0.0478,0.1707,0.0,14.0,0.0,0.0,0.0,84.2,79.1,74.4,79.2,97.7,99.5,0.0,28.47,3847.1,0.459,124.591,0.0,0.0,0.0453,0.1737,0.0,14.0,0.0,0.0,0.0,36.597,2.27,90.0,14.0,9,13500,5,1,1,False,0.878,0.05,0.4,0.0,False,False,0.0,False,0.0,False,False,False,0.045,0.079,0.54,0.0,0.0,0.0,0.0,0.0,0.0,14.0,12.0,1.2348,2,15678,0:15.678,81345,81345,12304.009,0,0,25336,0.1802,False,False,Soft (S),0,1.0,0,-85.903,-2.711,-592.944,0.059,0.057,True,0,0,1031.03,12304.009
1765362313,149.17,11249,1.0,0.0,1.0,0.014,3,-11.402,0.186,-39.835,-0.022,-0.439,41.432,-0.124,-0.013,1.204,2.862,0.015,-0.013,0.253,0.03,-0.035,0.031,68.1,71.7,75.6,71.8,91.9,99.5,0.0,27.54,2641.6,0.091,122.77,0.0,0.0,-0.0467,0.161,0.0,14.0,0.0,0.0,0.0,78.3,73.8,69.9,74.0,89.9,99.5,0.0,27.23,2698.3,0.053,122.642,0.0,0.0,0.0458,0.1604,0.0,14.0,0.0,0.0,0.0,74.7,79.2,84.0,79.3,98.4,99.5,0.0,28.59,2988.7,0.517,129.593,0.0,0.0,-0.0469,0.1702,0.0,14.0,0.0,0.0,0.0,84.3,79.2,74.5,79.3,97.6,99.5,0.0,28.46,3222.0,0.522,129.593,0.0,0.0,0.0452,0.1722,0.0,14.0,0.0,0.0,0.0,36.597,2.296,90.0,14.0,9,13500,5,1,1,False,0.878,0.065,1.03,0.0,False,False,0.0,False,0.0,False,False,False,0.045,0.081,0.54,0.0,0.0,0.0,0.0,0.0,0.0,14.0,12.0,1.2348,2,15777,0:15.777,81345,81345,12308.092,0,0,25336,0.1809,False,False,Soft (S),0,1.0,0,-87.02,-2.69,-596.827,0.086,0.057,True,0,0,1035.113,12308.092
1765362313,154.09,11451,1.0,0.0,1.0,0.016,3,-11.609,0.198,-41.198,0.015,-0.505,42.8,-0.224,0.18,1.464,2.867,0.016,-0.013,0.251,0.016,-0.055,-0.012,68.0,71.6,75.5,71.7,91.8,99.5,0.0,27.52,2265.1,0.096,126.831,0.0,0.0,-0.0469,0.1612,0.0,14.0,0.0,0.0,0.0,78.2,73.7,69.9,73.9,89.9,99.5,0.0,27.22,1979.2,0.042,126.549,0.0,0.0,0.0469,0.161,0.0,14.0,0.0,0.0,0.0,74.8,79.3,84.1,79.4,98.4,99.5,0.0,28.58,4163.7,0.402,131.927,0.0,0.0,-0.0478,0.1727,0.0,14.0,0.0,0.0,0.0,84.4,79.3,74.7,79.5,97.6,99.5,0.0,28.46,4111.4,0.408,131.927,0.0,0.0,0.0473,0.1729,0.0,14.0,0.0,0.0,0.0,36.597,2.321,90.0,14.0,9,13500,5,1,1,False,0.878,0.075,1.82,0.0,False,False,0.0,False,0.0,False,False,False,0.045,0.076,0.54,0.0,0.0,0.0,0.0,0.0,0.0,14.0,12.0,1.2348,2,15879,0:15.879,81345,81345,12312.274,0,0,25336,0.1817,False,False,Soft (S),0,1.0,0,-88.194,-2.67,-600.959,0.114,0.057,True,0,0,1039.295,12312.274
1765362313,158.62,11936,1.0,0.0,1.0,0.019,3,-11.703,0.182,-42.478,0.04,-0.428,44.059,-0.315,0.161,1.268,2.874,0.014,-0.013,0.251,-0.037,-0.074,-0.007,67.9,71.5,75.4,71.6,91.7,99.5,0.0,27.51,3220.2,0.1,130.74,0.0,0.0,-0.047,0.1638,0.0,14.0,0.0,0.0,0.0,78.1,73.6,69.8,73.8,89.8,99.5,0.0,27.21,2780.2,0.036,130.344,0.0,0.0,0.0479,0.1631,0.0,14.0,0.0,0.0,0.0,74.9,79.4,84.2,79.5,98.3,99.5,0.0,28.57,3522.0,0.498,137.512,0.0,0.0,-0.0454,0.1718,0.0,14.0,0.0,0.0,0.0,84.5,79.4,74.8,79.6,97.5,99.5,0.0,28.45,3170.2,0.51,137.512,0.0,0.0,0.0464,0.1717,0.0,14.0,0.0,0.0,0.0,36.597,2.344,90.0,14.0,9,13500,5,1,1,False,0.878,0.083,2.71,0.0,False,False,0.0,False,0.0,False,False,False,0.041,0.079,0.54,0.0,0.0,0.0,0.0,0.0,0.0,14.0,12.0,1.2348,2,15981,0:15.981,81345,81345,12316.536,0,0,25336,0.1825,False,False,Soft (S),0,1.0,0,-89.383,-2.653,-605.227,0.167,0.057,True,0,0,1043.557,12316.536
1765362313,163.4,12101,1.0,0.0,1.0,0.026,3,-11.743,0.212,-43.843,0.032,-0.502,45.386,-0.384,0.045,1.198,2.881,0.016,-0.015,0.251,0.087,-0.065,0.019,67.8,71.4,75.3,71.5,91.6,99.5,0.0,27.5,2853.8,0.117,134.36,0.0,0.0,-0.0449,0.1625,0.0,14.0,0.0,0.0,0.0,78.0,73.5,69.7,73.7,89.7,99.5,0.0,27.2,1912.0,0.022,134.001,0.0,0.0,0.0494,0.1599,0.0,14.0,0.0,0.0,0.0,75.0,79.5,84.3,79.6,98.3,99.5,0.0,28.56,3916.5,0.369,139.414,0.0,0.0,-0.0489,0.1742,0.0,14.0,0.0,0.0,0.0,84.7,79.5,74.9,79.7,97.5,99.5,0.0,28.44,3830.9,0.37,139.414,0.0,0.0,0.0476,0.1752,0.0,14.0,0.0,0.0,0.0,36.597,2.365,90.0,14.0,9,13500,5,1,1,False,0.878,0.092,3.65,0.0,False,False,0.0,False,0.0,False,False,False,0.045,0.076,0.54,0.0,0.0,0.0,0.0,0.0,0.0,14.0,12.0,1.2348,2,16083,0:16.083,81345,81345,12321.329,0,0,25336,0.1833,False,False,Soft (S),0,1.0,0,-90.58,-2.634,-609.633,0.22,0.06,True,0,0,1048.35,12321.329
1765362314,167.45,12399,1.0,0.0,1.0,0.026,3,-11.654,0.166,-45.029,0.07,-0.512,46.51,-0.531,0.349,1.323,2.89,0.015,-0.02,0.249,-0.078,-0.1,-0.039,67.8,71.3,75.2,71.4,91.6,99.5,0.0,27.49,3194.3,0.119,138.037,0.0,0.0,-0.0496,0.164,0.0,14.0,0.0,0.0,0.0,77.9,73.4,69.6,73.6,89.7,99.5,0.0,27.19,3015.8,0.011,137.567,0.0,0.0,0.0459,0.1663,0.0,14.0,0.0,0.0,0.0,75.1,79.6,84.4,79.7,98.2,99.5,0.0,28.56,4472.8,0.377,142.845,0.0,0.0,-0.046,0.1722,0.0,14.0,0.0,0.0,0.0,84.8,79.6,75.0,79.8,97.5,99.5,0.0,28.43,4154.6,0.381,142.845,0.0,0.0,0.0467,0.1727,0.0,14.0,0.0,0.0,0.0,36.597,2.385,90.0,14.0,9,13500,5,1,1,False,0.878,0.099,4.72,0.0,False,False,0.0,False,0.0,False,False,False,0.039,0.077,0.54,0.0,0.0,0.0,0.0,0.0,0.0,14.0,12.0,1.2348,2,16185,0:16.185,81345,81345,12325.915,0,0,25336,0.1841,False,False,Soft (S),0,1.0,0,-91.773,-2.617,-614.168,0.251,0.063,True,0,0,1052.936,12325.915
1765362314,171.44,12648,1.0,0.0,1.0,0.034,3,-11.432,0.352,-46.229,0.065,-0.473,47.62,-0.551,0.092,0.846,2.901,0.017,-0.013,0.247,0.019,-0.119,-0.085,67.7,71.2,75.1,71.3,91.5,99.5,0.0,27.48,3454.2,0.124,141.197,0.0,0.0,-0.0475,0.1648,0.0,14.0,0.0,0.0,0.0,77.8,73.3,69.5,73.6,89.6,99.5,0.0,27.18,2895.0,0.009,140.611,0.0,0.0,0.0478,0.1644,0.0,14.0,0.0,0.0,0.0,75.2,79.7,84.5,79.8,98.2,99.5,0.0,28.55,3809.3,0.324,145.716,0.0,0.0,-0.0454,0.1791,0.0,14.0,0.0,0.0,0.0,84.8,79.7,75.0,79.9,97.4,99.5,0.0,28.43,2907.7,0.336,145.716,0.0,0.0,0.0521,0.1733,0.0,14.0,0.0,0.0,0.0,36.597,2.403,90.0,14.0,9,13500,5,1,1,False,0.877,0.106,5.88,0.0,False,False,0.0,False,0.0,False,False,False,0.04,0.071,0.54,0.0,0.0,0.0,0.0,0.0,0.0,14.0,12.0,1.2348,2,16284,0:16.284,81345,81345,12330.623,0,0,25336,0.1849,False,False,Soft (S),0,1.0,0,-92.917,-2.592,-618.691,0.291,0.063,True,0,0,1057.644,12330.623
1765362314,174.78,12866,1.0,0.0,1.0,0.037,3,-11.131,0.232,-47.256,0.121,-0.442,48.548,-0.711,0.182,0.792,2.913,0.014,-0.011,0.249,0.081,-0.127,-0.014,67.6,71.2,75.0,71.3,91.4,99.5,0.0,27.47,4412.3,0.149,143.886,0.0,0.0,-0.0454,0.1652,0.0,14.0,0.0,0.0,0.0,77.7,73.2,69.4,73.4,89.6,99.5,0.0,27.17,3360.1,0.01,143.289,0.0,0.0,0.0495,0.1618,0.0,14.0,0.0,0.0,0.0,75.2,79.7,84.6,79.9,98.2,99.5,0.0,28.54,3350.9,0.326,148.225,0.0,0.0,-0.0457,0.175,0.0,14.0,0.0,0.0,0.0,84.9,79.8,75.1,79.9,97.4,99.5,0.0,28.42,2802.6,0.322,148.225,0.0,0.0,0.0471,0.1722,0.0,14.0,0.0,0.0,0.0,36.597,2.42,90.0,14.0,9,13500,5,1,1,False,0.877,0.113,7.07,0.0,False,False,0.0,False,0.0,False,False,False,0.04,0.078,0.54,0.0,0.0,0.0,0.0,0.0,0.0,14.0,12.0,1.2348,2,16386,0:16.386,81345,81345,12335.634,0,0,25336,0.1857,False,False,Soft (S),0,1.0,0,-94.068,-2.563,-623.462,0.397,0.063,True,0,0,1062.655,12335.634
1765362314,178.01,12933,1.0,0.0,1.0,0.039,3,-10.688,0.381,-48.278,0.125,-0.657,49.444,-0.596,0.189,0.856,2.926,0.021,-0.008,0.246,0.101,-0.071,-0.094,67.5,71.1,74.9,71.2,91.3,99.5,0.0,27.46,2232.6,0.156,146.23,0.0,0.0,-0.0468,0.1631,0.0,14.0,0.0,0.0,0.0,77.6,73.1,69.4,73.4,89.5,99.5,0.0,27.16,1374.3,0.042,145.831,0.0,0.0,0.0477,0.163,0.0,14.0,0.0,0.0,0.0,75.3,79.8,84.7,79.9,98.1,99.5,0.0,28.54,5629.7,0.225,149.003,0.0,0.0,-0.047,0.1834,0.0,14.0,0.0,0.0,0.0,84.9,79.8,75.1,80.0,97.3,99.5,0.0,28.41,4703.9,0.209,149.003,0.0,0.0,0.055,0.1755,0.0,14.0,0.0,0.0,0.0,36.597,2.436,90.0,14.0,9,13500,5,1,1,False,0.877,0.118,8.35,0.0,False,False,0.0,False,0.0,False,False,False,0.045,0.063,0.54,0.0,0.0,0.0,0.0,0.0,0.0,14.0,12.0,1.2348,2,16482,0:16.482,81345,81345,12340.12,0,0,25336,0.1865,False,False,Soft (S),0,1.0,0,-95.113,-2.533,-628.046,0.283,0.063,True,0,0,1067.141,12340.12
1765362314,180.42,11564,1.0,0.0,1.0,0.018,4,-10.298,0.2,-49.046,0.239,-0.546,50.112,-0.486,-0.238,1.361,2.94,0.015,-0.01,0.252,-0.049,-0.139,0.064,67.5,71.0,74.9,71.1,91.3,99.5,0.0,27.45,2071.3,0.108,148.543,0.0,0.0,-0.0455,0.1658,0.0,14.0,0.0,0.0,0.0,77.5,73.0,69.3,73.3,89.4,99.5,0.0,27.15,1716.2,0.02,147.862,0.0,0.0,0.0489,0.1621,0.0,14.0,0.0,0.0,0.0,75.3,79.9,84.7,80.0,98.1,99.5,0.0,28.53,3957.7,0.548,156.463,0.0,0.0,-0.0453,0.1725,0.0,14.0,0.0,0.0,0.0,85.0,79.8,75.2,80.0,97.3,99.5,0.0,28.41,3672.5,0.554,156.463,0.0,0.0,0.0472,0.171,0.0,14.0,0.0,0.0,0.0,36.597,2.42,90.0,14.0,9,13500,5,1,1,False,0.877,0.134,9.41,0.0,False,False,0.0,False,0.0,False,False,False,0.042,0.08,0.54,0.0,0.0,0.0,0.0,0.0,0.0,14.0,12.0,1.2348,2,16584,0:16.584,81345,81345,12345.232,0,0,25336,0.1874,False,False,Soft (S),0,1.0,0,-96.182,-2.5,-633.006,0.17,0.063,True,0,0,1072.253,12345.232
1765362314,184.64,11544,1.0,0.0,1.0,0.023,4,-9.939,0.303,-50.317,0.177,-0.649,51.286,-0.534,-0.023,1.253,2.95,0.019,-0.003,0.248,-0.013,-0.1,-0.081,67.4,70.9,74.8,71.0,91.2,99.5,0.0,27.44,2199.0,0.113,151.878,0.0,0.0,-0.0451,0.1651,0.0,14.0,0.0,0.0,0.0,77.5,73.0,69.2,73.2,89.4,99.5,0.0,27.14,880.5,0.017,151.252,0.0,0.0,0.05,0.1638,0.0,14.0,0.0,0.0,0.0,75.5,80.0,84.8,80.1,98.1,99.5,0.0,28.53,5411.8,0.319,156.187,0.0,0.0,-0.0435,0.1801,0.0,14.0,0.0,0.0,0.0,85.1,79.9,75.3,80.1,97.3,99.5,0.0,28.4,5068.9,0.313,156.187,0.0,0.0,0.0513,0.1718,0.0,14.0,0.0,0.0,0.0,36.597,2.447,90.0,14.0,9,13500,5,1,1,False,0.876,0.264,11.74,0.0,False,False,0.0,False,0.0,False,False,False,0.043,0.069,0.54,0.0,0.0,0.0,0.0,0.0,0.0,14.0,12.0,1.2348,2,16686,0:16.686,81345,81345,12350.33,0,0,25336,0.1883,False,False,Soft (S),0,1.0,0,-97.215,-2.476,-638.076,0.205,0.063,True,0,0,1077.351,12350.33
1765362314,188.09,12133,1.0,0.0,1.0,0.019,4,-9.597,0.163,-51.357,0.244,-0.678,52.241,-0.47,-0.608,1.369,2.962,0.016,-0.008,0.251,-0.176,-0.16,0.083,67.4,70.9,74.7,71.0,91.2,99.5,0.0,27.43,1172.4,0.099,154.957,0.0,0.0,-0.0483,0.1683,0.0,14.0,0.0,0.0,0.0,77.4,72.9,69.1,73.1,89.3,99.5,0.0,27.13,821.9,0.018,154.163,0.0,0.0,0.0488,0.1668,0.0,14.0,0.0,0.0,0.0,75.5,80.1,84.9,80.2,98.0,99.5,0.0,28.52,4533.3,0.583,164.214,0.0,0.0,-0.0415,0.173,0.0,14.0,0.0,0.0,0.0,85.2,80.0,75.3,80.2,97.2,99.5,0.0,28.4,3791.5,0.635,164.1,0.0,0.0,0.051,0.1705,0.0,14.0,0.0,0.0,0.0,36.597,2.461,90.0,14.0,9,13500,5,1,1,False,0.876,0.301,14.94,0.0,False,False,0.0,False,0.0,False,False,False,0.038,0.08,0.54,0.0,0.0,0.0,0.0,0.0,0.0,14.0,12.0,1.2348,2,16791,0:16.791,81345,81345,12355.876,0,0,25336,0.1893,False,False,Soft (S),0,1.0,0,-98.24,-2.451,-643.42,0.12,0.066,True,0,0,1082.897,12355.876
1765362314,192.38,12045,1.0,0.0,1.0,0.019,4,-9.124,0.343,-52.653,0.219,-0.762,53.433,-0.53,-0.22,1.836,2.974,0.021,-0.001,0.246,-0.129,-0.152,-0.041,67.3,70.8,74.6,70.9,91.1,99.5,0.0,27.42,1303.5,0.084,158.361,0.0,0.0,-0.0453,0.1701,0.0,14.0,0.0,0.0,0.0,77.3,72.8,69.1,73.1,89.3,99.5,0.0,27.13,538.7,0.031,157.277,0.0,0.0,0.051,0.1652,0.0,14.0,0.0,0.0,0.0,75.7,80.2,85.1,80.3,98.0,99.5,0.0,28.52,6544.8,0.381,162.766,0.0,0.0,-0.0462,0.1822,0.0,14.0,0.0,0.0,0.0,85.3,80.2,75.5,80.3,97.2,99.5,0.0,28.39,6155.6,0.37,163.168,0.0,0.0,0.0543,0.1717,0.0,14.0,0.0,0.0,0.0,36.597,2.474,90.0,14.0,9,13500,5,1,1,False,0.875,0.322,18.43,0.0,False,False,0.0,False,0.0,False,False,False,0.038,0.07,0.54,0.0,0.0,0.0,0.0,0.0,0.0,14.0,12.0,1.2348,2,16884,0:16.884,81345,81345,12360.758,0,0,25336,0.1901,False,False,Soft (S),0,1.0,0,-99.111,-2.426,-648.263,0.109,0.066,True,0,0,1087.779,12360.758
1765362314,195.29,12695,1.0,0.0,1.0,0.029,4,-8.696,0.079,-53.547,0.287,-0.458,54.246,-0.614,-0.127,0.929,2.986,0.01,-0.006,0.251,-0.031,-0.188,0.112,67.2,70.7,74.6,70.8,91.1,99.5,0.0,27.41,4379.4,0.132,160.869,0.0,0.0,-0.0443,0.1678,0.0,14.0,0.0,0.0,0.0,77.2,72.7,69.0,72.9,89.2,99.5,0.0,27.12,3478.2,0.012,160.036,0.0,0.0,0.0501,0.1636,0.0,14.0,0.0,0.0,0.0,75.8,80.3,85.2,80.4,98.0,99.5,0.0,28.51,2477.2,0.679,171.763,0.0,0.0,-0.0455,0.1706,0.0,14.0,0.0,0.0,0.0,85.4,80.2,75.5,80.4,97.2,99.5,0.0,28.39,3067.5,0.692,171.763,0.0,0.0,0.0452,0.1708,0.0,14.0,0.0,0.0,0.0,36.597,2.486,90.0,14.0,9,13500,5,1,1,False,0.874,0.336,22.01,0.0,False,False,0.0,False,0.0,False,False,False,0.039,0.086,0.54,0.0,0.0,0.0,0.0,0.0,0.0,14.0,12.0,1.2348,2,16983,0:16.983,81345,81345,12365.996,0,0,25336,0.191,False,False,Soft (S),0,1.0,0,-99.995,-2.396,-653.524,0.36,0.066,True,0,0,1093.017,12365.996
1765362314,199.41,12311,1.0,0.0,1.0,0.036,4,-7.993,0.519,-54.81,0.206,-0.888,55.385,-0.501,0.131,1.135,3.001,0.025,-0.0,0.241,0.003,-0.074,-0.095,67.2,70.7,74.5,70.8,91.0,99.5,0.0,27.4,900.7,0.139,163.756,0.0,0.0,-0.0405,0.1681,0.0,14.0,0.0,0.0,0.0,77.1,72.6,68.9,72.9,89.2,99.5,0.0,27.11,0.0,0.0,163.165,0.0,0.0,0.0513,0.1642,0.0,14.0,0.0,0.0,0.0,75.9,80.5,85.4,80.6,98.0,99.5,0.0,28.51,7219.0,0.218,166.567,0.0,0.0,-0.0459,0.1913,0.0,14.0,0.0,0.0,0.0,85.6,80.4,75.7,80.6,97.2,99.5,0.0,28.39,6735.5,0.196,166.567,0.0,0.0,0.0587,0.1807,0.0,14.0,0.0,0.0,0.0,36.597,2.498,90.0,14.0,9,13500,5,1,1,False,0.873,0.35,25.84,0.0,False,False,0.0,False,0.0,False,False,False,0.044,0.055,0.54,0.0,0.0,0.0,0.0,0.0,0.0,14.0,12.0,1.2348,2,17091,0:17.091,81345,81345,12371.979,0,0,25336,0.1921,False,False,Soft (S),0,1.0,0,-100.899,-2.371,-659.375,0.127,0.066,True,0,0,1099.0,12371.979
1765362315,201.21,13150,1.0,0.0,1.0,0.008,4,-7.473,0.183,-55.391,0.544,-0.66,55.886,-0.611,-0.386,1.805,3.017,0.015,-0.004,0.25,-0.235,-0.288,0.101,67.2,70.7,74.5,70.8,91.0,99.5,0.0,27.4,2067.5,0.078,166.114,0.0,0.0,-0.043,0.1708,0.0,14.0,0.0,0.0,0.0,77.0,72.6,68.8,72.8,89.2,99.5,0.0,27.11,1821.4,0.018,164.636,0.0,0.0,0.0483,0.1681,0.0,14.0,0.0,0.0,0.0,76.0,80.5,85.4,80.6,97.9,99.5,0.0,28.51,4734.5,0.788,178.228,0.0,0.0,-0.0383,0.1698,0.0,14.0,0.0,0.0,0.0,85.6,80.4,75.7,80.6,97.1,99.5,0.0,28.38,5397.5,0.777,177.615,0.0,0.0,0.0434,0.1656,0.0,14.0,0.0,0.0,0.0,36.597,2.508,90.0,14.0,9,13500,5,1,1,False,0.872,0.358,29.8,0.0,False,False,0.0,False,0.0,False,False,False,0.036,0.083,0.54,0.0,0.0,0.0,0.0,0.0,0.0,14.0,12.0,1.2348,2,17193,0:17.193,81345,81345,12377.755,0,0,25336,0.1931,False,False,Soft (S),0,1.0,0,-101.687,-2.329,-665.002,0.139,0.066,True,0,0,1104.776,12377.755
1765362315,204.73,12834,1.0,0.0,1.0,0.032,4,-6.581,0.254,-56.487,0.251,-0.58,56.866,-0.867,-0.076,0.808,3.03,0.015,-0.003,0.245,-0.046,-0.168,0.133,67.1,70.6,74.4,70.7,90.9,99.5,0.0,27.39,4982.5,0.132,168.49,0.0,0.0,-0.0401,0.1742,0.0,14.0,0.0,0.0,0.0,76.9,72.5,68.7,72.7,89.1,99.5,0.0,27.1,2423.3,0.033,167.634,0.0,0.0,0.0558,0.1638,0.0,14.0,0.0,0.0,0.0,76.1,80.7,85.5,80.8,97.9,99.5,0.0,28.51,3866.6,0.358,173.647,0.0,0.0,-0.0442,0.1801,0.0,14.0,0.0,0.0,0.0,85.7,80.5,75.8,80.7,97.1,99.5,0.0,28.38,3692.5,0.346,173.647,0.0,0.0,0.0498,0.174,0.0,14.0,0.0,0.0,0.0,36.597,2.518,90.0,14.0,9,13500,5,1,1,False,0.871,0.36,33.7,0.0,False,False,0.0,False,0.0,False,False,False,0.034,0.078,0.54,0.0,0.0,0.0,0.0,0.0,0.0,14.0,12.0,1.2348,2,17295,0:17.295,81345,81345,12383.428,0,0,25336,0.1941,False,False,Soft (S),0,1.0,0,-102.402,-2.306,-670.724,0.447,0.066,True,0,0,1110.449,12383.428
1765362315,207.57,12877,1.0,0.0,1.0,0.042,4,-5.772,0.372,-57.368,0.163,-0.63,57.655,-0.89,0.085,0.678,3.044,0.017,-0.011,0.244,-0.01,-0.157,-0.049,67.1,70.6,74.4,70.7,90.9,99.5,0.0,27.39,3964.9,0.149,170.717,0.0,0.0,-0.0462,0.1685,0.0,14.0,0.0,0.0,0.0,76.9,72.4,68.7,72.7,89.1,99.5,0.0,27.09,2896.9,0.046,169.919,0.0,0.0,0.0484,0.1671,0.0,14.0,0.0,0.0,0.0,76.2,80.7,85.6,80.9,97.9,99.5,0.0,28.5,4728.5,0.261,174.23,0.0,0.0,-0.0477,0.1799,0.0,14.0,0.0,0.0,0.0,85.8,80.6,75.9,80.8,97.1,99.5,0.0,28.38,4043.5,0.24,174.23,0.0,0.0,0.0519,0.1767,0.0,14.0,0.0,0.0,0.0,36.597,2.527,90.0,14.0,9,13500,5,1,1,False,0.87,0.36,37.71,0.0,False,False,0.0,False,0.0,False,False,False,0.036,0.07,0.54,0.0,0.0,0.0,0.0,0.0,0.0,14.0,12.0,1.2348,2,17397,0:17.397,81345,81345,12389.134,0,0,25336,0.1951,False,False,Soft (S),0,1.0,0,-103.029,-2.273,-676.538,0.436,0.069,True,0,0,1116.155,12389.134
1765362315,210.01,13003,1.0,0.0,1.0,0.041,4,-4.906,0.486,-58.127,0.225,-0.671,58.332,-0.897,-0.084,0.651,3.061,0.02,-0.01,0.245,-0.036,-0.168,0.016,67.1,70.6,74.4,70.7,90.9,99.5,0.0,27.38,3061.1,0.146,172.722,0.0,0.0,-0.0451,0.1701,0.0,14.0,0.0,0.0,0.0,76.8,72.4,68.6,72.6,89.0,99.5,0.0,27.09,1853.9,0.053,171.867,0.0,0.0,0.0493,0.166,0.0,14.0,0.0,0.0,0.0,76.3,80.8,85.7,80.9,97.9,99.5,0.0,28.5,5028.9,0.255,175.932,0.0,0.0,-0.0465,0.1811,0.0,14.0,0.0,0.0,0.0,85.9,80.6,75.9,80.8,97.1,99.5,0.0,28.37,4167.3,0.22,175.932,0.0,0.0,0.0521,0.1749,0.0,14.0,0.0,0.0,0.0,36.597,2.536,90.0,14.0,9,13500,5,1,1,False,0.87,0.36,41.72,0.0,False,False,0.0,False,0.0,False,False,False,0.037,0.07,0.54,0.0,0.0,0.0,0.0,0.0,0.0,14.0,12.0,1.2348,2,17493,0:17.493,81345,81345,12394.774,0,0,25336,0.196,False,False,Soft (S),0,1.0,0,-103.541,-2.231,-682.083,0.36,0.069,True,0,0,1121.795,12394.774
1765362315,212.34,11127,1.0,0.0,1.0,0.038,5,-4.018,0.371,-58.846,0.353,-0.684,58.98,-1.012,-0.182,1.337,3.08,0.018,-0.011,0.247,-0.02,-0.212,0.051,67.1,70.5,74.3,70.6,90.8,99.5,0.0,27.38,2882.6,0.153,174.667,0.0,0.0,-0.0439,0.1691,0.0,14.0,0.0,0.0,0.0,76.7,72.3,68.6,72.5,89.0,99.5,0.0,27.08,1344.4,0.055,173.453,0.0,0.0,0.0497,0.1635,0.0,14.0,0.0,0.0,0.0,76.4,80.9,85.8,81.0,97.9,99.5,0.0,28.5,5157.4,0.393,179.678,0.0,0.0,-0.0464,0.1788,0.0,14.0,0.0,0.0,0.0,85.9,80.7,76.0,80.9,97.1,99.5,0.0,28.37,4645.8,0.342,179.983,0.0,0.0,0.0489,0.1741,0.0,14.0,0.0,0.0,0.0,36.597,2.527,90.0,14.0,9,13500,5,1,1,False,0.869,0.426,44.91,0.0,False,False,0.0,False,0.0,False,False,False,0.04,0.074,0.54,0.0,0.0,0.0,0.0,0.0,0.0,14.0,12.0,1.2348,2,17598,0:17.598,81345,81345,12400.932,0,0,25336,0.1971,False,False,Soft (S),0,1.0,0,-104.009,-2.183,-688.22,0.341,0.069,True,0,0,1127.953,12400.932
1765362315,215.95,11219,1.0,0.0,1.0,0.035,5,-2.885,0.344,-59.917,0.381,-0.757,59.981,-1.229,0.326,1.018,3.1,0.018,-0.013,0.243,-0.05,-0.175,-0.042,67.0,70.5,74.3,70.6,90.8,99.5,0.0,27.37,4003.6,0.154,177.611,0.0,0.0,-0.046,0.1696,0.0,14.0,0.0,0.0,0.0,76.7,72.2,68.5,72.5,88.9,99.5,0.0,27.07,2784.3,0.05,176.723,0.0,0.0,0.0508,0.1664,0.0,14.0,0.0,0.0,0.0,76.5,81.1,86.0,81.2,97.9,99.5,0.0,28.5,6118.2,0.292,181.319,0.0,0.0,-0.0474,0.1823,0.0,14.0,0.0,0.0,0.0,86.1,80.8,76.1,81.0,97.1,99.5,0.0,28.37,5166.0,0.244,181.319,0.0,0.0,0.0537,0.1756,0.0,14.0,0.0,0.0,0.0,36.597,2.536,90.0,14.0,9,13500,5,1,1,False,0.867,0.742,52.44,0.0,False,False,0.0,False,0.0,False,False,False,0.036,0.067,0.54,0.0,0.0,0.0,0.0,0.0,0.0,14.0,12.0,1.2348,2,17706,0:17.706,81345,81345,12407.293,0,0,25336,0.1982,False,False,Soft (S),0,1.0,0,-104.382,-2.148,-694.635,0.449,0.069,True,0,0,1134.314,12407.293
1765362315,219.2,11562,1.0,0.0,1.0,0.036,5,-1.864,0.305,-60.859,0.345,-0.645,60.884,-0.884,-0.325,0.829,3.117,0.016,-0.013,0.246,-0.003,-0.192,0.043,67.0,70.5,74.3,70.6,90.8,99.5,0.0,27.37,3749.4,0.152,180.181,0.0,0.0,-0.0451,0.1694,0.0,14.0,0.0,0.0,0.0,76.6,72.1,68.4,72.4,88.9,99.5,0.0,27.06,2614.6,0.044,179.239,0.0,0.0,0.0512,0.1646,0.0,14.0,0.0,0.0,0.0,76.6,81.2,86.1,81.3,97.9,99.5,0.0,28.5,3727.0,0.401,186.855,0.0,0.0,-0.0472,0.1809,0.0,14.0,0.0,0.0,0.0,86.2,80.9,76.2,81.1,97.1,99.5,0.0,28.37,3343.0,0.391,186.855,0.0,0.0,0.0528,0.1744,0.0,14.0,0.0,0.0,0.0,36.597,2.544,90.0,14.0,9,13500,5,1,1,False,0.865,0.791,61.38,0.0,False,False,0.0,False,0.0,False,False,False,0.038,0.073,0.54,0.0,0.0,0.0,0.0,0.0,0.0,14.0,12.0,1.2348,2,17808,0:17.808,81345,81345,12413.39,0,0,25336,0.1993,False,False,Soft (S),0,1.0,0,-104.622,-2.109,-700.796,0.417,0.069,True,0,0,1140.411,12413.39
1765362315,222.65,11603,1.0,0.0,1.0,0.026,5,-0.865,0.34,-61.839,0.33,-0.743,61.841,-0.919,0.002,1.015,3.133,0.017,-0.013,0.243,-0.073,-0.146,0.027,67.0,70.5,74.3,70.6,90.8,99.5,0.0,27.36,3591.6,0.119,183.004,0.0,0.0,-0.0418,0.1724,0.0,14.0,0.0,0.0,0.0,76.5,72.1,68.4,72.3,88.9,99.5,0.0,27.06,2058.2,0.035,182.201,0.0,0.0,0.0525,0.1671,0.0,14.0,0.0,0.0,0.0,76.8,81.3,86.2,81.4,97.9,99.5,0.0,28.5,5513.3,0.304,187.513,0.0,0.0,-0.0456,0.182,0.0,14.0,0.0,0.0,0.0,86.3,81.1,76.3,81.2,97.0,99.5,0.0,28.37,4833.1,0.275,187.513,0.0,0.0,0.0526,0.176,0.0,14.0,0.0,0.0,0.0,36.597,2.552,90.0,14.0,9,13500,5,1,1,False,0.862,0.799,70.28,0.0,False,False,0.0,False,0.0,False,False,False,0.033,0.07,0.54,0.0,0.0,0.0,0.0,0.0,0.0,14.0,12.0,1.2348,2,17916,0:17.916,81345,81345,12419.854,0,0,25336,0.2005,False,False,Soft (S),0,1.0,0,-104.768,-2.078,-707.425,0.343,0.069,True,0,0,1146.875,12419.854
1765362315,225.84,11824,1.0,0.0,1.0,0.016,5,-0.061,0.263,-62.732,0.305,-0.716,62.728,-0.775,-0.022,1.103,-3.138,0.016,-0.016,0.244,-0.08,-0.151,-0.008,67.0,70.4,74.2,70.5,90.7,99.5,0.0,27.36,3988.8,0.101,185.647,0.0,0.0,-0.0434,0.1706,0.0,14.0,0.0,0.0,0.0,76.4,72.0,68.3,72.3,88.8,99.5,0.0,27.05,3037.8,0.014,184.853,0.0,0.0,0.049,0.168,0.0,14.0,0.0,0.0,0.0,76.9,81.4,86.4,81.6,97.9,99.5,0.0,28.5,4977.4,0.345,191.088,0.0,0.0,-0.0458,0.18,0.0,14.0,0.0,0.0,0.0,86.4,81.2,76.4,81.3,97.0,99.5,0.0,28.37,4524.0,0.329,191.088,0.0,0.0,0.0508,0.1764,0.0,14.0,0.0,0.0,0.0,36.597,2.559,90.0,14.0,9,13500,5,1,1,False,0.86,0.8,79.22,0.0,False,False,0.0,False,0.0,False,False,False,0.034,0.071,0.54,0.0,0.0,0.0,0.0,0.0,0.0,14.0,12.0,1.2348,2,18015,0:18.015,81345,81345,12426.367,0,0,25336,0.2015,False,False,Soft (S),0,1.0,0,-104.81,-2.047,-713.595,0.3,0.069,True,0,0,1153.388,12426.367
1765362315,229.18,11934,1.0,0.0,1.0,0.019,5,0.687,0.382,-63.655,0.178,-0.688,63.656,-0.659,0.082,0.899,-3.128,0.017,-0.017,0.241,0.008,-0.092,0.018,66.9,70.4,74.2,70.5,90.7,99.5,0.0,27.36,4345.0,0.108,188.064,0.0,0.0,-0.0462,0.1706,0.0,14.0,0.0,0.0,0.0,76.4,71.9,68.3,72.2,88.8,99.5,0.0,27.05,3241.7,0.012,187.603,0.0,0.0,0.0496,0.1679,0.0,14.0,0.0,0.0,0.0,77.0,81.6,86.5,81.7,97.9,99.5,0.0,28.5,5060.3,0.288,192.863,0.0,0.0,-0.0488,0.1833,0.0,14.0,0.0,0.0,0.0,86.5,81.3,76.6,81.5,97.1,99.5,0.0,28.37,4624.3,0.271,192.863,0.0,0.0,0.0521,0.1791,0.0,14.0,0.0,0.0,0.0,36.597,2.565,90.0,14.0,9,13500,5,1,1,False,0.858,0.8,88.15,0.0,False,False,0.0,False,0.0,False,False,False,0.034,0.067,0.54,0.0,0.0,0.0,0.0,0.0,0.0,14.0,12.0,1.2348,2,18120,0:18.120,81345,81345,12432.959,0,0,25336,0.2027,False,False,Soft (S),0,1.0,0,-104.774,-2.011,-720.236,0.333,0.072,True,0,0,1159.98,12432.959
1765362316,232.23,12101,1.0,0.0,1.0,0.016,5,1.269,0.381,-64.496,0.146,-0.723,64.505,-0.576,0.077,0.834,-3.119,0.017,-0.02,0.241,-0.055,-0.084,0.011,66.9,70.3,74.1,70.4,90.7,99.5,0.0,27.35,4348.7,0.094,190.633,0.0,0.0,-0.0484,0.1712,0.0,14.0,0.0,0.0,0.0,76.3,71.9,68.2,72.1,88.8,99.5,0.0,27.05,3802.5,0.008,190.242,0.0,0.0,0.049,0.1706,0.0,14.0,0.0,0.0,0.0,77.1,81.7,86.6,81.8,97.9,99.5,0.0,28.51,4771.6,0.287,195.563,0.0,0.0,-0.0495,0.1815,0.0,14.0,0.0,0.0,0.0,86.7,81.4,76.7,81.6,97.1,99.5,0.0,28.37,4439.6,0.272,195.563,0.0,0.0,0.0494,0.1788,0.0,14.0,0.0,0.0,0.0,36.597,2.571,90.0,14.0,9,13500,5,1,1,False,0.856,0.8,96.82,0.0,False,False,0.0,False,0.0,False,False,False,0.032,0.068,0.54,0.0,0.0,0.0,0.0,0.0,0.0,14.0,12.0,1.2348,2,18216,0:18.216,81345,81345,12439.146,0,0,25336,0.2038,False,False,Soft (S),0,1.0,0,-104.678,-1.977,-726.39,0.281,0.072,True,0,0,1166.167,12439.146
1765362316,235.19,12272,1.0,0.0,1.0,0.015,5,1.777,0.357,-65.306,0.12,-0.703,65.327,-0.433,-0.359,0.833,-3.112,0.016,-0.02,0.244,0.013,-0.077,0.019,66.8,70.2,74.0,70.3,90.7,99.5,0.0,27.35,3429.6,0.091,192.853,0.0,0.0,-0.0477,0.1695,0.0,14.0,0.0,0.0,0.0,76.3,71.8,68.2,72.1,88.8,99.5,0.0,27.05,3095.4,0.014,192.493,0.0,0.0,0.0494,0.1679,0.0,14.0,0.0,0.0,0.0,77.2,81.8,86.7,81.9,97.9,99.5,0.0,28.51,4546.4,0.31,198.335,0.0,0.0,-0.0501,0.1816,0.0,14.0,0.0,0.0,0.0,86.8,81.5,76.8,81.7,97.1,99.5,0.0,28.37,4111.6,0.302,198.335,0.0,0.0,0.0531,0.1791,0.0,14.0,0.0,0.0,0.0,36.597,2.576,90.0,14.0,9,13500,5,1,1,False,0.853,0.8,105.75,0.0,False,False,0.0,False,0.0,False,False,False,0.036,0.069,0.54,0.0,0.0,0.0,0.0,0.0,0.0,14.0,12.0,1.2348,2,18321,0:18.321,81345,81345,12446.006,0,0,25336,0.2049,False,False,Soft (S),0,1.0,0,-104.515,-1.933,-733.21,0.211,0.072,True,0,0,1173.027,12446.006
1765362316,238.09,12315,1.0,0.0,1.0,0.014,5,2.264,0.355,-66.097,0.131,-0.788,66.132,-0.412,-0.092,0.765,-3.105,0.017,-0.018,0.242,0.035,-0.057,-0.018,66.7,70.2,73.9,70.3,90.7,99.5,0.0,27.34,2900.1,0.086,195.117,0.0,0.0,-0.0471,0.1697,0.0,14.0,0.0,0.0,0.0,76.2,71.8,68.1,72.0,88.8,99.5,0.0,27.04,2447.4,0.013,194.839,0.0,0.0,0.0498,0.168,0.0,14.0,0.0,0.0,0.0,77.3,81.9,86.8,82.0,97.9,99.5,0.0,28.51,5690.5,0.236,199.02,0.0,0.0,-0.0512,0.1832,0.0,14.0,0.0,0.0,0.0,86.9,81.6,76.9,81.8,97.1,99.5,0.0,28.37,5278.5,0.217,199.02,0.0,0.0,0.0539,0.1803,0.0,14.0,0.0,0.0,0.0,36.597,2.581,90.0,14.0,9,13500,5,1,1,False,0.851,0.8,114.71,0.0,False,False,0.0,False,0.0,False,False,False,0.037,0.065,0.54,0.0,0.0,0.0,0.0,0.0,0.0,14.0,12.0,1.2348,2,18423,0:18.423,81345,81345,12452.593,0,0,25336,0.2061,False,False,Soft (S),0,1.0,0,-104.307,-1.899,-739.916,0.184,0.069,True,0,0,1179.614,12452.593
1765362316,240.67,12431,1.0,0.0,1.0,0.014,5,2.713,0.201,-66.799,0.129,-0.803,66.849,-0.445,0.036,0.693,-3.099,0.015,-0.019,0.243,0.044,-0.05,0.02,66.7,70.1,73.9,70.2,90.6,99.5,0.0,27.34,3379.4,0.083,197.201,0.0,0.0,-0.0452,0.1694,0.0,14.0,0.0,0.0,0.0,76.1,71.7,68.1,72.0,88.8,99.5,0.0,27.04,2740.0,0.016,196.955,0.0,0.0,0.05,0.1673,0.0,14.0,0.0,0.0,0.0,77.4,82.0,86.9,82.1,97.9,99.5,0.0,28.51,5619.4,0.227,200.896,0.0,0.0,-0.0515,0.1826,0.0,14.0,0.0,0.0,0.0,87.0,81.7,76.9,81.9,97.1,99.5,0.0,28.38,5310.7,0.204,200.896,0.0,0.0,0.0535,0.1802,0.0,14.0,0.0,0.0,0.0,36.597,2.586,90.0,14.0,9,13500,5,1,1,False,0.849,0.8,123.67,0.0,False,False,0.0,False,0.0,False,False,False,0.037,0.066,0.54,0.0,0.0,0.0,0.0,0.0,0.0,14.0,12.0,1.2348,2,18519,0:18.519,81345,81345,12459.087,0,0,25336,0.2072,False,False,Soft (S),0,1.0,0,-104.067,-1.872,-746.294,0.19,0.072,True,0,0,1186.108,12459.087
1765362316,243.2,11147,1.0,0.0,1.0,0.014,6,3.204,0.301,-67.478,0.122,-0.79,67.55,-0.305,0.354,0.67,-3.092,0.016,-0.017,0.237,0.1,-0.047,-0.029,66.6,70.0,73.8,70.1,90.6,99.5,0.0,27.34,3722.1,0.067,199.19,0.0,0.0,-0.0386,0.1717,0.0,14.0,0.0,0.0,0.0,76.1,71.7,68.0,71.9,88.8,99.5,0.0,27.04,2957.8,0.008,198.896,0.0,0.0,0.0493,0.1696,0.0,14.0,0.0,0.0,0.0,77.5,82.1,87.1,82.2,98.0,99.5,0.0,28.52,5689.8,0.204,202.663,0.0,0.0,-0.051,0.1912,0.0,14.0,0.0,0.0,0.0,87.1,81.8,77.1,82.0,97.1,99.5,0.0,28.38,5422.9,0.192,202.663,0.0,0.0,0.0583,0.185,0.0,14.0,0.0,0.0,0.0,36.597,2.58,90.0,14.0,9,13500,5,1,1,False,0.847,0.671,130.47,0.0,False,False,0.0,False,0.0,False,False,False,0.035,0.055,0.54,0.0,0.0,0.0,0.0,0.0,0.0,14.0,12.0,1.2348,2,18633,0:18.633,81345,81345,12466.684,0,0,25336,0.2085,False,False,Soft (S),0,1.0,0,-103.731,-1.849,-753.942,0.192,0.072,True,0,0,1193.705,12466.684
1765362316,245.75,11259,1.0,0.0,1.0,0.014,6,3.663,0.431,-68.163,0.138,-0.866,68.257,-0.497,0.579,0.712,-3.086,0.019,-0.02,0.234,-0.001,-0.049,0.05,66.6,70.0,73.8,70.1,90.6,99.5,0.0,27.34,4821.0,0.078,201.411,0.0,0.0,-0.0442,0.1739,0.0,14.0,0.0,0.0,0.0,76.1,71.7,68.0,71.9,88.8,99.5,0.0,27.04,4588.9,0.007,201.204,0.0,0.0,0.0498,0.172,0.0,14.0,0.0,0.0,0.0,77.6,82.2,87.2,82.3,98.0,99.5,0.0,28.52,6404.5,0.207,204.71,0.0,0.0,-0.0495,0.1876,0.0,14.0,0.0,0.0,0.0,87.2,81.9,77.2,82.1,97.1,99.5,0.0,28.38,6562.0,0.187,204.71,0.0,0.0,0.0564,0.1866,0.0,14.0,0.0,0.0,0.0,36.597,2.584,90.0,14.0,9,13500,5,1,1,False,0.845,0.779,138.81,0.0,False,False,0.0,False,0.0,False,False,False,0.03,0.059,0.54,0.0,0.0,0.0,0.0,0.0,0.0,14.0,12.0,1.2348,2,18741,0:18.741,81345,81345,12474.09,0,0,25336,0.2098,False,False,Soft (S),0,1.0,0,-103.362,-1.815,-761.266,0.266,0.072,True,0,0,1201.111,12474.09
1765362316,248.0,11630,1.0,0.0,1.0,0.015,6,4.107,0.347,-68.766,0.111,-0.549,68.887,-0.391,-0.633,0.286,-3.08,0.013,-0.021,0.244,0.08,-0.069,0.017,66.5,69.9,73.7,70.0,90.6,99.5,0.0,27.34,5124.6,0.083,203.197,0.0,0.0,-0.0426,0.1714,0.0,14.0,0.0,0.0,0.0,76.0,71.6,68.0,71.9,88.8,99.5,0.0,27.04,4187.6,0.012,202.862,0.0,0.0,0.0486,0.1696,0.0,14.0,0.0,0.0,0.0,77.6,82.2,87.2,82.4,98.0,99.5,0.0,28.52,2855.3,0.396,211.454,0.0,0.0,-0.0458,0.1801,0.0,14.0,0.0,0.0,0.0,87.3,82.0,77.2,82.2,97.2,99.5,0.0,28.39,2221.7,0.397,211.454,0.0,0.0,0.0496,0.1801,0.0,14.0,0.0,0.0,0.0,36.597,2.589,90.0,14.0,9,13500,5,1,1,False,0.843,0.797,147.67,0.0,False,False,0.0,False,0.0,False,False,False,0.031,0.074,0.54,0.0,0.0,0.0,0.0,0.0,0.0,14.0,12.0,1.2348,2,18840,0:18.840,81345,81345,12480.908,0,0,25336,0.211,False,False,Soft (S),0,1.0,0,-102.974,-1.766,-768.048,0.271,0.075,True,0,0,1207.929,12480.908
1765362316,250.79,11511,1.0,0.0,1.0,0.017,6,4.608,0.35,-69.511,0.09,-0.804,69.66,-0.508,0.146,0.623,-3.074,0.017,-0.025,0.237,0.084,-0.047,0.034,66.5,69.9,73.6,70.0,90.6,99.5,0.0,27.33,5025.7,0.086,205.358,0.0,0.0,-0.0439,0.1721,0.0,14.0,0.0,0.0,0.0,76.0,71.6,67.9,71.8,88.8,99.5,0.0,27.04,3977.2,0.006,205.139,0.0,0.0,0.0477,0.17,0.0,14.0,0.0,0.0,0.0,77.8,82.4,87.4,82.5,98.0,99.5,0.0,28.53,5667.2,0.224,209.283,0.0,0.0,-0.0518,0.1866,0.0,14.0,0.0,0.0,0.0,87.5,82.1,77.4,82.3,97.2,99.5,0.0,28.39,5233.1,0.207,209.283,0.0,0.0,0.0528,0.1865,0.0,14.0,0.0,0.0,0.0,36.597,2.593,90.0,14.0,9,13500,5,1,1,False,0.841,0.796,156.6,0.0,False,False,0.0,False,0.0,False,False,False,0.032,0.062,0.54,0.0,0.0,0.0,0.0,0.0,0.0,14.0,12.0,1.2348,2,18939,0:18.939,81345,81345,12487.746,0,0,25336,0.2122,False,False,Soft (S),0,1.0,0,-102.544,-1.739,-774.894,0.31,0.072,True,0,0,1214.767,12487.746
1765362316,253.17,11630,1.0,0.0,1.0,0.016,6,5.077,0.349,-70.14,0.089,-0.795,70.32,-0.44,-0.035,0.606,-3.068,0.016,-0.031,0.239,0.054,-0.055,0.037,66.4,69.8,73.6,69.9,90.6,99.5,0.0,27.33,3850.5,0.084,207.3,0.0,0.0,-0.046,0.1716,0.0,14.0,0.0,0.0,0.0,75.9,71.5,67.9,71.8,88.8,99.5,0.0,27.04,3494.5,0.006,207.071,0.0,0.0,0.0477,0.1706,0.0,14.0,0.0,0.0,0.0,77.8,82.4,87.4,82.6,98.1,99.5,0.0,28.53,5142.7,0.225,211.444,0.0,0.0,-0.0494,0.1846,0.0,14.0,0.0,0.0,0.0,87.6,82.2,77.5,82.4,97.2,99.5,0.0,28.4,5102.3,0.21,211.444,0.0,0.0,0.0509,0.1845,0.0,14.0,0.0,0.0,0.0,36.597,2.597,90.0,14.0,9,13500,5,1,1,False,0.838,0.76,165.06,0.0,False,False,0.0,False,0.0,False,False,False,0.033,0.064,0.54,0.0,0.0,0.0,0.0,0.0,0.0,14.0,12.0,1.2348,2,19041,0:19.041,81345,81345,12494.865,0,0,25336,0.2134,False,False,Soft (S),0,1.0,0,-102.05,-1.703,-782.015,0.249,0.075,True,0,0,1221.886,12494.865
1765362317,255.64,11720,1.0,0.0,1.0,0.018,6,5.626,0.269,-70.788,0.119,-0.844,71.007,-0.542,0.04,0.685,-3.06,0.016,-0.035,0.239,0.002,-0.067,0.094,66.4,69.8,73.5,69.9,90.6,99.5,0.0,27.33,3947.5,0.078,209.425,0.0,0.0,-0.0422,0.1738,0.0,14.0,0.0,0.0,0.0,75.9,71.5,67.9,71.8,88.8,99.5,0.0,27.04,3348.5,0.008,209.122,0.0,0.0,0.0486,0.1696,0.0,14.0,0.0,0.0,0.0,77.9,82.5,87.5,82.7,98.1,99.5,0.0,28.53,6033.3,0.218,213.084,0.0,0.0,-0.0491,0.1835,0.0,14.0,0.0,0.0,0.0,87.7,82.3,77.5,82.5,97.2,99.5,0.0,28.4,5925.0,0.195,213.084,0.0,0.0,0.0512,0.1838,0.0,14.0,0.0,0.0,0.0,36.597,2.601,90.0,14.0,9,13500,5,1,1,False,0.836,0.712,173.52,0.0,False,False,0.0,False,0.0,False,False,False,0.032,0.066,0.54,0.0,0.0,0.0,0.0,0.0,0.0,14.0,12.0,1.2348,2,19146,0:19.146,81345,81345,12501.889,0,0,25336,0.2147,False,False,Soft (S),0,1.0,0,-101.488,-1.673,-789.414,0.245,0.072,True,0,0,1228.91,12501.889
1765362317,257.96,11824,1.0,0.0,1.0,0.019,6,6.253,0.28,-71.382,0.146,-0.868,71.65,-0.582,-0.01,0.651,-3.052,0.016,-0.04,0.238,-0.024,-0.089,0.012,66.3,69.7,73.5,69.8,90.6,99.5,0.0,27.33,3547.0,0.084,211.392,0.0,0.0,-0.0456,0.1736,0.0,14.0,0.0,0.0,0.0,75.9,71.5,67.9,71.7,88.8,99.5,0.0,27.04,2761.4,0.013,210.942,0.0,0.0,0.0489,0.1715,0.0,14.0,0.0,0.0,0.0,78.0,82.6,87.6,82.7,98.1,99.5,0.0,28.54,6190.1,0.217,214.981,0.0,0.0,-0.049,0.1849,0.0,14.0,0.0,0.0,0.0,87.8,82.4,77.6,82.6,97.3,99.5,0.0,28.41,5819.9,0.193,214.981,0.0,0.0,0.0517,0.1837,0.0,14.0,0.0,0.0,0.0,36.597,2.604,90.0,14.0,9,13500,5,1,1,False,0.834,0.665,181.21,0.0,False,False,0.0,False,0.0,False,False,False,0.03,0.065,0.54,0.0,0.0,0.0,0.0,0.0,0.0,14.0,12.0,1.2348,2,19230,0:19.230,81345,81345,12508.479,0,0,25336,0.2158,False,False,Soft (S),0,1.0,0,-100.994,-1.651,-795.381,0.253,0.072,True,0,0,1235.5,12508.479
1765362317,260.26,11893,1.0,0.0,1.0,0.027,6,6.967,0.303,-71.958,0.173,-0.858,72.289,-0.696,0.201,0.587,-3.042,0.016,-0.043,0.237,0.121,-0.074,0.043,66.3,69.7,73.4,69.8,90.6,99.5,0.0,27.33,3816.2,0.106,212.959,0.0,0.0,-0.0429,0.1719,0.0,14.0,0.0,0.0,0.0,75.8,71.4,67.8,71.7,88.8,99.5,0.0,27.04,3229.8,0.025,212.634,0.0,0.0,0.0487,0.1687,0.0,14.0,0.0,0.0,0.0,78.1,82.7,87.8,82.9,98.2,99.5,0.0,28.54,6768.7,0.213,216.237,0.0,0.0,-0.054,0.188,0.0,14.0,0.0,0.0,0.0,87.9,82.5,77.8,82.7,97.3,99.5,0.0,28.41,6197.5,0.174,216.237,0.0,0.0,0.0551,0.1875,0.0,14.0,0.0,0.0,0.0,36.597,2.608,90.0,14.0,9,13500,5,1,1,False,0.833,0.619,188.37,0.0,False,False,0.0,False,0.0,False,False,False,0.036,0.059,0.54,0.0,0.0,0.0,0.0,0.0,0.0,14.0,12.0,1.2348,2,19350,0:19.350,81345,81345,12516.84,0,0,25336,0.2173,False,False,Soft (S),0,1.0,0,-100.207,-1.614,-803.976,0.327,0.075,True,0,0,1243.861,12516.84
1765362317,262.33,12034,1.0,0.0,1.0,0.033,6,7.816,0.163,-72.45,0.257,-0.835,72.866,-0.931,0.078,0.496,-3.03,0.014,-0.043,0.237,0.041,-0.116,-0.006,66.3,69.6,73.4,69.8,90.6,99.5,0.0,27.34,5693.2,0.119,214.924,0.0,0.0,-0.0427,0.1745,0.0,14.0,0.0,0.0,0.0,75.8,71.4,67.8,71.7,88.8,99.5,0.0,27.04,4015.2,0.034,214.357,0.0,0.0,0.0522,0.1702,0.0,14.0,0.0,0.0,0.0,78.2,82.8,87.8,82.9,98.2,99.5,0.0,28.55,5333.0,0.233,218.796,0.0,0.0,-0.0493,0.1872,0.0,14.0,0.0,0.0,0.0,88.0,82.6,77.8,82.8,97.4,99.5,0.0,28.42,4817.2,0.197,218.796,0.0,0.0,0.055,0.1841,0.0,14.0,0.0,0.0,0.0,36.597,2.611,90.0,14.0,9,13500,5,1,1,False,0.831,0.576,195.04,0.0,False,False,0.0,False,0.0,False,False,False,0.03,0.063,0.54,0.0,0.0,0.0,0.0,0.0,0.0,14.0,12.0,1.2348,2,19449,0:19.449,81345,81345,12524.095,0,0,25336,0.2185,False,False,Soft (S),0,1.0,0,-99.478,-1.594,-811.122,0.49,0.072,True,0,0,1251.116,12524.095
1765362317,264.3,12137,1.0,0.0,1.0,0.04,6,8.896,0.165,-72.877,0.301,-0.786,73.413,-1.183,0.026,0.532,-3.016,0.013,-0.047,0.236,-0.019,-0.178,0.027,66.3,69.7,73.4,69.8,90.6,99.5,0.0,27.34,5660.4,0.144,216.734,0.0,0.0,-0.0468,0.1762,0.0,14.0,0.0,0.0,0.0,75.8,71.4,67.8,71.7,88.8,99.5,0.0,27.05,4079.4,0.058,215.877,0.0,0.0,0.0532,0.1718,0.0,14.0,0.0,0.0,0.0,78.3,82.9,87.9,83.0,98.2,99.5,0.0,28.56,5483.2,0.255,220.659,0.0,0.0,-0.0494,0.1867,0.0,14.0,0.0,0.0,0.0,88.1,82.7,77.9,82.9,97.4,99.5,0.0,28.42,4826.8,0.215,220.659,0.0,0.0,0.0561,0.1832,0.0,14.0,0.0,0.0,0.0,36.597,2.613,90.0,14.0,9,13500,5,1,1,False,0.829,0.534,201.23,0.0,False,False,0.0,False,0.0,False,False,False,0.028,0.065,0.54,0.0,0.0,0.0,0.0,0.0,0.0,14.0,12.0,1.2348,2,19557,0:19.557,81345,81345,12531.789,0,0,25336,0.2199,False,False,Soft (S),0,1.0,0,-98.575,-1.576,-818.972,0.592,0.075,True,0,0,1258.81,12531.789
1765362317,265.63,10920,0.0,0.0,1.0,0.046,7,10.209,0.152,-73.075,0.376,-0.78,73.78,-1.183,-0.144,1.74,-2.997,0.012,-0.049,0.237,-0.016,-0.224,0.003,66.3,69.7,73.4,69.8,90.7,99.5,0.0,27.34,5551.6,0.16,217.85,0.0,0.0,-0.0465,0.1772,0.0,14.0,0.0,0.0,0.0,75.8,71.4,67.8,71.7,88.8,99.5,0.0,27.05,3886.9,0.075,216.735,0.0,0.0,0.0543,0.1716,0.0,14.0,0.0,0.0,0.0,78.4,83.0,88.1,83.2,98.3,99.5,0.0,28.56,5374.3,0.568,226.547,0.0,0.0,-0.0509,0.1879,0.0,14.0,0.0,0.0,0.0,88.2,82.8,78.0,83.0,97.4,99.5,0.0,28.43,4524.0,0.601,227.276,0.0,0.0,0.0571,0.1821,0.0,14.0,0.0,0.0,0.0,36.597,2.599,90.0,14.0,9,13500,5,1,1,True,0.828,0.299,205.86,0.0,False,False,0.0,False,0.0,False,False,False,0.027,0.065,0.54,0.0,0.0,0.0,0.0,0.0,0.0,14.0,12.0,1.2348,2,19656,0:19.656,81345,81345,12538.986,0,0,25336,0.2211,False,False,Soft (S),0,1.0,0,-97.626,-1.559,-826.204,0.648,0.075,True,0,0,1266.007,12538.986
1765362317,267.44,10713,1.0,0.0,1.0,0.049,7,11.743,0.077,-73.355,0.52,-0.847,74.282,-1.473,-0.261,0.458,-2.975,0.012,-0.048,0.239,-0.01,-0.226,0.016,66.4,69.7,73.5,69.9,90.7,99.5,0.0,27.35,4351.8,0.177,219.317,0.0,0.0,-0.0435,0.1769,0.0,14.0,0.0,0.0,0.0,75.8,71.4,67.8,71.7,88.8,99.5,0.0,27.04,1951.1,0.099,218.135,0.0,0.0,0.0565,0.1689,0.0,14.0,0.0,0.0,0.0,78.5,83.1,88.2,83.3,98.3,99.5,0.0,28.57,6012.7,0.272,222.812,0.0,0.0,-0.0506,0.1888,0.0,14.0,0.0,0.0,0.0,88.3,82.9,78.1,83.1,97.5,99.5,0.0,28.43,5103.6,0.181,222.398,0.0,0.0,0.0581,0.1809,0.0,14.0,0.0,0.0,0.0,36.597,2.607,90.0,14.0,9,13500,5,1,1,False,0.827,0.431,210.06,0.0,False,False,0.0,False,0.0,False,False,False,0.032,0.065,0.54,0.0,0.0,0.0,0.0,0.0,0.0,14.0,12.0,1.2348,2,19758,0:19.758,81345,81345,12546.62,0,0,25336,0.2225,False,False,Soft (S),0,1.0,0,-96.505,-1.545,-833.677,0.561,0.075,True,0,0,1273.641,12546.62
1765362317,268.92,10753,1.0,0.0,1.0,0.042,7,13.34,-0.429,-73.498,0.777,-0.956,74.69,-2.012,0.106,0.535,-2.951,0.007,-0.052,0.24,-0.074,-0.295,-0.052,66.4,69.8,73.6,69.9,90.7,99.5,0.0,27.35,4946.3,0.187,220.826,0.0,0.0,-0.0448,0.1748,0.0,14.0,0.0,0.0,0.0,75.7,71.3,67.7,71.6,88.8,99.5,0.0,27.04,2954.2,0.102,219.26,0.0,0.0,0.0522,0.1692,0.0,14.0,0.0,0.0,0.0,78.6,83.2,88.3,83.4,98.3,99.5,0.0,28.58,6987.0,0.303,223.97,0.0,0.0,-0.0488,0.1856,0.0,14.0,0.0,0.0,0.0,88.4,82.9,78.1,83.1,97.5,99.5,0.0,28.44,5880.1,0.159,222.89,0.0,0.0,0.0566,0.1784,0.0,14.0,0.0,0.0,0.0,36.597,2.61,90.0,14.0,9,13500,5,1,1,False,0.826,0.433,214.91,0.0,False,False,0.0,False,0.0,False,False,False,0.032,0.065,0.54,0.0,0.0,0.0,0.0,0.0,0.0,14.0,12.0,1.2348,2,19860,0:19.860,81345,81345,12554.09,0,0,25336,0.2238,False,False,Soft (S),0,1.0,0,-95.229,-1.565,-841.167,0.65,0.072,True,0,0,1281.111,12554.09
1765362317,270.31,10822,1.0,0.0,1.0,0.056,7,15.379,-0.255,-73.494,0.581,-0.807,75.08,-1.898,0.15,0.38,-2.927,0.007,-0.05,0.235,-0.027,-0.26,0.036,66.6,69.9,73.7,70.1,90.8,99.5,0.0,27.36,6179.1,0.195,221.74,0.0,0.0,-0.0416,0.1799,0.0,14.0,0.0,0.0,0.0,75.8,71.4,67.8,71.6,88.8,99.5,0.0,27.04,3773.2,0.129,220.465,0.0,0.0,0.0531,0.1713,0.0,14.0,0.0,0.0,0.0,78.8,83.4,88.5,83.6,98.4,99.5,0.0,28.59,6148.9,0.277,225.215,0.0,0.0,-0.0496,0.193,0.0,14.0,0.0,0.0,0.0,88.5,83.1,78.2,83.3,97.5,99.5,0.0,28.44,5067.4,0.169,224.53,0.0,0.0,0.059,0.1814,0.0,14.0,0.0,0.0,0.0,36.597,2.613,90.0,14.0,9,13500,5,1,1,False,0.825,0.409,219.57,0.0,False,False,0.0,False,0.0,False,False,False,0.026,0.06,0.54,0.0,0.0,0.0,0.0,0.0,0.0,14.0,12.0,1.2348,2,19959,0:19.959,81345,81345,12561.725,0,0,25336,0.2251,False,False,Soft (S),0,1.0,0,-93.806,-1.599,-848.444,0.827,0.075,True,0,0,1288.746,12561.725
1765362317,271.68,10851,1.0,0.0,1.0,0.058,7,17.307,-0.029,-73.457,0.588,-0.849,75.461,-1.89,0.327,0.361,-2.902,0.01,-0.048,0.233,0.01,-0.228,-0.033,66.7,70.1,73.8,70.2,90.8,99.5,0.0,27.37,6029.3,0.189,222.713,0.0,0.0,-0.0385,0.1797,0.0,14.0,0.0,0.0,0.0,75.8,71.4,67.8,71.7,88.8,99.5,0.0,27.04,3563.8,0.131,221.572,0.0,0.0,0.0541,0.1721,0.0,14.0,0.0,0.0,0.0,79.0,83.6,88.7,83.8,98.5,99.5,0.0,28.6,6938.2,0.255,225.765,0.0,0.0,-0.048,0.1954,0.0,14.0,0.0,0.0,0.0,88.6,83.2,78.4,83.4,97.6,99.5,0.0,28.45,5534.6,0.143,225.189,0.0,0.0,0.0606,0.1838,0.0,14.0,0.0,0.0,0.0,36.597,2.615,90.0,14.0,9,13500,5,1,1,False,0.824,0.402,223.94,0.0,False,False,0.0,False,0.0,False,False,False,0.026,0.055,0.54,0.0,0.0,0.0,0.0,0.0,0.0,14.0,12.0,1.2348,2,20061,0:20.061,81345,81345,12569.284,0,0,25336,0.2264,False,False,Soft (S),0,1.0,0,-92.138,-1.615,-855.939,0.8,0.072,True,0,0,1296.305,12569.284
1765362318,273.01,10919,1.0,0.0,1.0,0.057,7,19.211,0.003,-73.363,0.695,-0.87,75.829,-1.966,0.09,0.366,-2.876,0.011,-0.045,0.234,-0.019,-0.261,-0.056,66.8,70.2,74.0,70.3,90.9,99.5,0.0,27.38,5510.6,0.211,223.902,0.0,0.0,-0.0461,0.1782,0.0,14.0,0.0,0.0,0.0,75.9,71.5,67.8,71.7,88.8,99.5,0.0,27.04,3661.7,0.132,222.607,0.0,0.0,0.0552,0.1723,0.0,14.0,0.0,0.0,0.0,79.1,83.8,88.9,83.9,98.5,99.5,0.0,28.61,6678.0,0.268,227.206,0.0,0.0,-0.0436,0.1937,0.0,14.0,0.0,0.0,0.0,88.8,83.3,78.4,83.5,97.6,99.5,0.0,28.46,5283.8,0.163,226.546,0.0,0.0,0.0614,0.1817,0.0,14.0,0.0,0.0,0.0,36.597,2.618,90.0,14.0,9,13500,5,1,1,False,0.823,0.4,228.42,0.0,False,False,0.0,False,0.0,False,False,False,0.027,0.057,0.54,0.0,0.0,0.0,0.0,0.0,0.0,14.0,12.0,1.2348,2,20163,0:20.163,81345,81345,12577.068,0,0,25336,0.2278,False,False,Soft (S),0,1.0,0,-90.274,-1.616,-863.427,0.804,0.072,True,0,0,1304.089,12577.068
1765362318,274.28,10976,1.0,0.0,1.0,0.058,7,21.156,-0.013,-73.193,0.761,-0.888,76.181,-1.898,-0.219,0.402,-2.85,0.011,-0.041,0.237,-0.019,-0.264,0.021,66.9,70.3,74.1,70.4,90.9,99.5,0.0,27.39,4919.7,0.215,224.896,0.0,0.0,-0.0433,0.1789,0.0,14.0,0.0,0.0,0.0,75.9,71.5,67.8,71.7,88.8,99.5,0.0,27.04,2479.4,0.14,223.56,0.0,0.0,0.0568,0.1693,0.0,14.0,0.0,0.0,0.0,79.3,84.0,89.1,84.1,98.6,99.5,0.0,28.62,6490.5,0.298,228.449,0.0,0.0,-0.05,0.1929,0.0,14.0,0.0,0.0,0.0,88.9,83.4,78.5,83.6,97.6,99.5,0.0,28.46,5088.7,0.166,227.704,0.0,0.0,0.0618,0.1806,0.0,14.0,0.0,0.0,0.0,36.597,2.62,90.0,14.0,9,13500,5,1,1,False,0.822,0.4,232.79,0.0,False,False,0.0,False,0.0,False,False,False,0.03,0.061,0.54,0.0,0.0,0.0,0.0,0.0,0.0,14.0,12.0,1.2348,2,20262,0:20.262,81345,81345,12584.568,0,0,25336,0.2291,False,False,Soft (S),0,1.0,0,-88.273,-1.615,-870.682,0.713,0.072,True,0,0,1311.589,12584.568
1765362318,275.58,11018,1.0,0.0,1.0,0.056,7,23.22,-0.12,-72.944,0.804,-0.895,76.542,-2.154,0.105,0.378,-2.822,0.01,-0.042,0.236,-0.014,-0.276,-0.034,67.0,70.4,74.2,70.6,91.0,99.5,0.0,27.39,5649.4,0.218,225.998,0.0,0.0,-0.044,0.1779,0.0,14.0,0.0,0.0,0.0,75.9,71.5,67.8,71.7,88.8,99.5,0.0,27.04,3267.9,0.152,224.601,0.0,0.0,0.0482,0.1701,0.0,14.0,0.0,0.0,0.0,79.5,84.1,89.3,84.3,98.7,99.5,0.0,28.63,6923.3,0.297,229.3,0.0,0.0,-0.0496,0.192,0.0,14.0,0.0,0.0,0.0,89.0,83.5,78.6,83.7,97.7,99.5,0.0,28.47,5220.1,0.158,228.57,0.0,0.0,0.0614,0.1806,0.0,14.0,0.0,0.0,0.0,36.597,2.622,90.0,14.0,9,13500,5,1,1,False,0.821,0.4,237.29,0.0,False,False,0.0,False,0.0,False,False,False,0.029,0.06,0.54,0.0,0.0,0.0,0.0,0.0,0.0,14.0,12.0,1.2348,2,20364,0:20.364,81345,81345,12592.422,0,0,25336,0.2304,False,False,Soft (S),0,1.0,0,-86.008,-1.623,-878.136,0.826,0.072,True,0,0,1319.443,12592.422
1765362318,276.82,11103,1.0,0.0,1.0,0.063,7,25.326,-0.081,-72.605,0.677,-0.799,76.888,-1.903,-0.352,0.256,-2.797,0.009,-0.04,0.237,0.045,-0.234,0.037,67.2,70.6,74.4,70.7,91.0,99.5,0.0,27.4,5922.9,0.222,226.769,0.0,0.0,-0.0411,0.1787,0.0,14.0,0.0,0.0,0.0,75.9,71.5,67.8,71.7,88.8,99.5,0.0,27.04,3011.3,0.159,225.613,0.0,0.0,0.0507,0.1691,0.0,14.0,0.0,0.0,0.0,79.6,84.3,89.5,84.5,98.7,99.5,0.0,28.64,5175.9,0.287,230.704,0.0,0.0,-0.0497,0.1939,0.0,14.0,0.0,0.0,0.0,89.1,83.6,78.7,83.8,97.7,99.5,0.0,28.48,3792.9,0.195,230.704,0.0,0.0,0.0535,0.1815,0.0,14.0,0.0,0.0,0.0,36.597,2.624,90.0,14.0,9,13500,5,1,1,False,0.82,0.4,241.8,0.0,False,False,0.0,False,0.0,False,False,False,0.029,0.061,0.54,0.0,0.0,0.0,0.0,0.0,0.0,14.0,12.0,1.2348,2,20466,0:20.466,81345,81345,12600.207,0,0,25336,0.2318,False,False,Soft (S),0,1.0,0,-83.526,-1.63,-885.559,0.851,0.072,True,0,0,1327.228,12600.207
1765362318,278.1,11109,1.0,0.0,1.0,0.056,7,27.231,-0.177,-72.292,0.688,-0.898,77.243,-1.833,-0.043,0.347,-2.772,0.009,-0.041,0.237,0.049,-0.208,0.02,67.3,70.7,74.5,70.8,91.1,99.5,0.0,27.41,5351.3,0.205,227.763,0.0,0.0,-0.0412,0.1781,0.0,14.0,0.0,0.0,0.0,75.9,71.5,67.8,71.7,88.8,99.5,0.0,27.04,2649.8,0.132,226.695,0.0,0.0,0.055,0.1684,0.0,14.0,0.0,0.0,0.0,79.8,84.5,89.6,84.6,98.8,99.5,0.0,28.65,6652.6,0.272,231.122,0.0,0.0,-0.0498,0.1931,0.0,14.0,0.0,0.0,0.0,89.2,83.7,78.8,83.9,97.8,99.5,0.0,28.48,5360.3,0.15,230.551,0.0,0.0,0.0576,0.1824,0.0,14.0,0.0,0.0,0.0,36.597,2.626,90.0,14.0,9,13500,5,1,1,False,0.819,0.4,246.18,0.0,False,False,0.0,False,0.0,False,False,False,0.031,0.06,0.54,0.0,0.0,0.0,0.0,0.0,0.0,14.0,12.0,1.2348,2,20568,0:20.568,81345,81345,12608.015,0,0,25336,0.2332,False,False,Soft (S),0,1.0,0,-80.84,-1.647,-892.948,0.734,0.069,True,0,0,1335.036,12608.015
1765362318,279.38,11140,1.0,0.0,1.0,0.048,7,29.146,-0.155,-71.924,0.694,-1.015,77.595,-1.882,0.391,0.382,-2.747,0.011,-0.044,0.232,-0.023,-0.205,-0.048,67.4,70.8,74.6,71.0,91.1,99.5,0.0,27.42,5082.1,0.176,228.935,0.0,0.0,-0.0433,0.1789,0.0,14.0,0.0,0.0,0.0,75.9,71.5,67.9,71.8,88.8,99.5,0.0,27.04,3182.2,0.114,227.879,0.0,0.0,0.0532,0.1727,0.0,14.0,0.0,0.0,0.0,79.9,84.6,89.8,84.8,98.9,99.5,0.0,28.66,7855.0,0.267,231.825,0.0,0.0,-0.0526,0.1956,0.0,14.0,0.0,0.0,0.0,89.3,83.8,78.9,84.0,97.8,99.5,0.0,28.49,6475.7,0.123,231.103,0.0,0.0,0.0626,0.1855,0.0,14.0,0.0,0.0,0.0,36.597,2.627,90.0,14.0,9,13500,5,1,1,False,0.818,0.4,250.68,0.0,False,False,0.0,False,0.0,False,False,False,0.028,0.053,0.54,0.0,0.0,0.0,0.0,0.0,0.0,14.0,12.0,1.2348,2,20667,0:20.667,81345,81345,12615.608,0,0,25336,0.2345,False,False,Soft (S),0,1.0,0,-78.046,-1.669,-900.085,0.679,0.072,True,0,0,1342.629,12615.608
1765362318,280.64,11185,1.0,0.0,1.0,0.04,7,30.96,-0.034,-71.543,0.674,-1.0,77.946,-1.768,0.346,0.421,-2.724,0.012,-0.04,0.232,-0.03,-0.205,0.012,67.5,70.9,74.7,71.1,91.2,99.5,0.0,27.43,5223.2,0.156,229.982,0.0,0.0,-0.0404,0.1809,0.0,14.0,0.0,0.0,0.0,76.0,71.5,67.9,71.8,88.8,99.5,0.0,27.05,3148.6,0.097,228.902,0.0,0.0,0.0556,0.1717,0.0,14.0,0.0,0.0,0.0,80.1,84.8,90.0,85.0,98.9,99.5,0.0,28.67,7862.2,0.256,232.84,0.0,0.0,-0.049,0.196,0.0,14.0,0.0,0.0,0.0,89.4,83.9,79.0,84.1,97.9,99.5,0.0,28.5,6647.9,0.117,231.962,0.0,0.0,0.061,0.1852,0.0,14.0,0.0,0.0,0.0,36.597,2.629,90.0,14.0,9,13500,5,1,1,False,0.817,0.4,255.18,0.0,False,False,0.0,False,0.0,False,False,False,0.027,0.055,0.54,0.0,0.0,0.0,0.0,0.0,0.0,14.0,12.0,1.2348,2,20766,0:20.766,81345,81345,12623.514,0,0,25336,0.2358,False,False,Soft (S),0,1.0,0,-75.07,-1.679,-907.187,0.628,0.072,True,0,0,1350.535,12623.514
1765362318,281.81,11276,1.0,0.0,1.0,0.048,7,32.532,-0.265,-71.2,0.676,-0.876,78.273,-1.713,-0.313,0.291,-2.704,0.007,-0.043,0.237,0.045,-0.226,0.012,67.6,71.0,74.8,71.1,91.2,99.5,0.0,27.44,6396.0,0.191,230.88,0.0,0.0,-0.0397,0.1766,0.0,14.0,0.0,0.0,0.0,75.9,71.5,67.9,71.8,88.8,99.5,0.0,27.05,4189.8,0.11,229.67,0.0,0.0,0.0533,0.1693,0.0,14.0,0.0,0.0,0.0,80.2,84.9,90.1,85.1,99.0,99.5,0.0,28.68,5339.6,0.278,234.808,0.0,0.0,-0.048,0.1912,0.0,14.0,0.0,0.0,0.0,89.5,83.9,79.0,84.2,97.9,99.5,0.0,28.5,5141.8,0.168,233.803,0.0,0.0,0.0601,0.1819,0.0,14.0,0.0,0.0,0.0,36.597,2.63,90.0,14.0,9,13500,5,1,1,False,0.816,0.4,259.54,0.0,False,False,0.0,False,0.0,False,False,False,0.032,0.062,0.54,0.0,0.0,0.0,0.0,0.0,0.0,14.0,12.0,1.2348,2,20871,0:20.871,81345,81345,12631.613,0,0,25336,0.2373,False,False,Soft (S),0,1.0,0,-71.832,-1.688,-914.466,0.791,0.072,True,0,0,1358.634,12631.613
1765362318,283.03,11293,1.0,0.0,1.0,0.051,7,34.41,0.066,-70.689,0.579,-0.936,78.612,-1.839,0.421,0.354,-2.681,0.012,-0.041,0.228,-0.014,-0.189,0.11,67.7,71.1,75.0,71.3,91.3,99.5,0.0,27.45,6459.7,0.174,231.795,0.0,0.0,-0.0421,0.184,0.0,14.0,0.0,0.0,0.0,76.0,71.6,67.9,71.9,88.8,99.5,0.0,27.05,3900.5,0.115,230.911,0.0,0.0,0.0581,0.1734,0.0,14.0,0.0,0.0,0.0,80.4,85.1,90.3,85.3,99.1,99.5,0.0,28.69,7300.6,0.264,234.951,0.0,0.0,-0.0564,0.1991,0.0,14.0,0.0,0.0,0.0,89.6,84.1,79.2,84.3,98.0,99.5,0.0,28.51,6011.0,0.142,234.356,0.0,0.0,0.0647,0.1899,0.0,14.0,0.0,0.0,0.0,36.597,2.632,90.0,14.0,9,13500,5,1,1,False,0.814,0.4,264.03,0.0,False,False,0.0,False,0.0,False,False,False,0.022,0.053,0.54,0.0,0.0,0.0,0.0,0.0,0.0,14.0,12.0,1.2348,2,20973,0:20.973,81345,81345,12639.597,0,0,25336,0.2387,False,False,Soft (S),0,1.0,0,-68.312,-1.703,-921.914,0.809,0.069,True,0,0,1366.618,12639.597
1765362318,284.25,11342,1.0,0.0,1.0,0.048,7,36.141,0.031,-70.202,0.679,-0.954,78.95,-1.799,0.162,0.411,-2.657,0.012,-0.045,0.233,-0.017,-0.238,-0.04,67.8,71.2,75.0,71.3,91.4,99.5,0.0,27.46,5491.0,0.181,232.935,0.0,0.0,-0.0445,0.179,0.0,14.0,0.0,0.0,0.0,76.1,71.6,68.0,71.9,88.8,99.5,0.0,27.05,3476.0,0.109,231.708,0.0,0.0,0.0554,0.1721,0.0,14.0,0.0,0.0,0.0,80.5,85.2,90.5,85.4,99.1,99.5,0.0,28.7,7163.5,0.28,236.231,0.0,0.0,-0.0534,0.1933,0.0,14.0,0.0,0.0,0.0,89.8,84.2,79.2,84.4,98.0,99.5,0.0,28.52,6319.2,0.137,235.101,0.0,0.0,0.0609,0.1855,0.0,14.0,0.0,0.0,0.0,36.597,2.633,90.0,14.0,9,13500,5,1,1,False,0.813,0.4,268.65,0.0,False,False,0.0,False,0.0,False,False,False,0.027,0.058,0.54,0.0,0.0,0.0,0.0,0.0,0.0,14.0,12.0,1.2348,2,21072,0:21.072,81345,81345,12647.362,0,0,25336,0.24,False,False,Soft (S),0,1.0,0,-64.817,-1.695,-928.888,0.717,0.069,True,0,0,1374.383,12647.362
1765362319,285.4,11380,1.0,0.0,1.0,0.041,7,37.924,-0.039,-69.619,0.736,-0.971,79.268,-1.833,0.057,0.452,-2.633,0.011,-0.045,0.233,-0.034,-0.241,0.016,67.9,71.3,75.1,71.4,91.4,99.5,0.0,27.47,5589.8,0.18,233.904,0.0,0.0,-0.0458,0.1794,0.0,14.0,0.0,0.0,0.0,76.1,71.6,68.0,71.9,88.8,99.5,0.0,27.05,3822.9,0.101,232.665,0.0,0.0,0.0571,0.1724,0.0,14.0,0.0,0.0,0.0,80.6,85.4,90.6,85.5,99.2,99.5,0.0,28.71,7268.9,0.287,237.29,0.0,0.0,-0.0525,0.1934,0.0,14.0,0.0,0.0,0.0,89.9,84.3,79.3,84.5,98.1,99.5,0.0,28.53,7410.0,0.138,235.65,0.0,0.0,0.0602,0.1824,0.0,14.0,0.0,0.0,0.0,36.597,2.634,90.0,14.0,9,13500,5,1,1,False,0.812,0.4,273.14,0.0,False,False,0.0,False,0.0,False,False,False,0.027,0.058,0.54,0.0,0.0,0.0,0.0,0.0,0.0,14.0,12.0,1.2348,2,21177,0:21.177,81345,81345,12655.824,0,0,25336,0.2415,False,False,Soft (S),0,1.0,0,-60.928,-1.694,-936.229,0.723,0.069,True,0,0,1382.845,12655.824
1765362319,286.42,11497,1.0,0.0,1.0,0.041,7,39.507,-0.318,-69.059,0.733,-0.913,79.553,-1.781,-0.045,0.314,-2.612,0.007,-0.047,0.236,-0.083,-0.276,0.026,67.9,71.4,75.2,71.5,91.5,99.5,0.0,27.48,6381.7,0.173,234.927,0.0,0.0,-0.0444,0.1799,0.0,14.0,0.0,0.0,0.0,76.1,71.6,68.0,71.9,88.8,99.5,0.0,27.05,4374.1,0.094,233.542,0.0,0.0,0.0559,0.1725,0.0,14.0,0.0,0.0,0.0,80.7,85.5,90.7,85.6,99.3,99.5,0.0,28.72,5733.9,0.308,239.119,0.0,0.0,-0.0504,0.1888,0.0,14.0,0.0,0.0,0.0,89.9,84.3,79.3,84.5,98.1,99.5,0.0,28.53,4569.9,0.214,238.655,0.0,0.0,0.0586,0.1806,0.0,14.0,0.0,0.0,0.0,36.597,2.635,90.0,14.0,9,13500,5,1,1,False,0.811,0.4,277.48,0.0,False,False,0.0,False,0.0,False,False,False,0.024,0.065,0.54,0.0,0.0,0.0,0.0,0.0,0.0,14.0,12.0,1.2348,2,21276,0:21.276,81345,81345,12663.647,0,0,25336,0.2428,False,False,Soft (S),0,1.0,0,-57.092,-1.708,-943.093,0.773,0.069,True,0,0,1390.668,12663.647
1765362319,287.67,11468,1.0,0.0,1.0,0.051,7,41.311,0.126,-68.4,0.525,-0.883,79.9,-1.6,0.299,0.307,-2.591,0.012,-0.043,0.229,0.047,-0.182,-0.007,68.0,71.5,75.3,71.6,91.5,99.5,0.0,27.49,5660.0,0.178,235.416,0.0,0.0,-0.0452,0.1814,0.0,14.0,0.0,0.0,0.0,76.2,71.7,68.0,72.0,88.9,99.5,0.0,27.06,3441.0,0.114,234.529,0.0,0.0,0.0568,0.174,0.0,14.0,0.0,0.0,0.0,80.9,85.7,91.0,85.9,99.4,99.5,0.0,28.74,7107.8,0.251,238.549,0.0,0.0,-0.0562,0.2001,0.0,14.0,0.0,0.0,0.0,90.1,84.5,79.5,84.7,98.2,99.5,0.0,28.55,5787.6,0.135,238.009,0.0,0.0,0.0658,0.1896,0.0,14.0,0.0,0.0,0.0,36.597,2.636,90.0,14.0,9,13500,5,1,1,False,0.81,0.4,281.96,0.0,False,False,0.0,False,0.0,False,False,False,0.024,0.05,0.54,0.0,0.0,0.0,0.0,0.0,0.0,14.0,12.0,1.2348,2,21378,0:21.378,81345,81345,12671.387,0,0,25336,0.2443,False,False,Soft (S),0,1.0,0,-52.964,-1.718,-950.102,0.738,0.069,True,0,0,1398.408,12671.387
1765362319,288.75,11527,1.0,0.0,1.0,0.056,7,42.899,-0.098,-67.772,0.697,-0.962,80.2,-2.021,0.127,0.332,-2.568,0.01,-0.044,0.234,0.006,-0.235,-0.027,68.1,71.5,75.4,71.7,91.6,99.5,0.0,27.5,6196.6,0.206,236.506,0.0,0.0,-0.0441,0.1787,0.0,14.0,0.0,0.0,0.0,76.2,71.7,68.0,72.0,88.9,99.5,0.0,27.06,3553.6,0.129,235.324,0.0,0.0,0.0561,0.1715,0.0,14.0,0.0,0.0,0.0,81.0,85.8,91.1,86.0,99.4,99.5,0.0,28.75,6769.7,0.276,239.901,0.0,0.0,-0.0525,0.1934,0.0,14.0,0.0,0.0,0.0,90.2,84.5,79.5,84.7,98.2,99.5,0.0,28.55,5577.1,0.148,239.125,0.0,0.0,0.0616,0.1842,0.0,14.0,0.0,0.0,0.0,36.597,2.637,90.0,14.0,9,13500,5,1,1,False,0.809,0.4,286.43,0.0,False,False,0.0,False,0.0,False,False,False,0.027,0.058,0.54,0.0,0.0,0.0,0.0,0.0,0.0,14.0,12.0,1.2348,2,21477,0:21.477,81345,81345,12679.729,0,0,25336,0.2456,False,False,Soft (S),0,1.0,0,-48.799,-1.718,-956.845,0.84,0.066,True,0,0,1406.75,12679.729
1765362319,289.8,11527,1.0,0.0,1.0,0.073,7,44.678,0.048,-66.965,0.7,-1.029,80.492,-2.128,0.373,0.432,-2.544,0.013,-0.046,0.229,-0.042,-0.22,0.008,68.3,71.7,75.6,71.8,91.7,99.5,0.0,27.51,5768.7,0.268,237.308,0.0,0.0,-0.0495,0.1804,0.0,14.0,0.0,0.0,0.0,76.3,71.8,68.1,72.1,88.9,99.5,0.0,27.07,3456.3,0.052,236.306,0.0,0.0,0.1291,0.1734,0.0,14.0,0.0,0.0,0.0,81.2,86.0,91.3,86.1,99.5,99.5,0.0,28.76,8408.8,0.274,240.317,0.0,0.0,-0.0566,0.1962,0.0,14.0,0.0,0.0,0.0,90.3,84.6,79.7,84.9,98.3,99.5,0.0,28.56,8910.7,0.111,238.704,0.0,0.0,0.0637,0.187,0.0,14.0,0.0,0.0,0.0,36.597,2.638,90.0,14.0,9,13500,5,1,1,False,0.808,0.4,290.77,0.0,False,False,0.0,False,0.0,False,False,False,0.027,0.055,0.54,0.0,0.0,0.0,0.0,0.0,0.0,14.0,12.0,1.2348,2,21582,0:21.582,81345,81345,12688.115,0,0,25336,0.2471,False,False,Soft (S),0,1.0,0,-44.198,-1.723,-963.917,0.787,0.069,True,0,0,1415.136,12688.115
1765362319,290.79,11596,1.0,0.0,1.0,0.098,7,46.338,-0.001,-66.163,0.672,-0.877,80.769,-1.964,0.034,0.429,-2.522,0.01,-0.051,0.234,-0.028,-0.23,0.051,68.5,71.9,75.8,72.1,91.8,99.5,0.0,27.52,6072.7,0.346,238.012,0.0,0.0,-0.0518,0.1795,0.0,14.0,0.0,0.0,0.0,76.4,71.8,68.0,72.1,88.9,99.5,0.0,27.07,2416.5,0.184,236.874,0.0,0.0,0.2827,0.1686,0.0,14.0,0.0,0.0,0.0,81.3,86.1,91.4,86.2,99.6,99.5,0.0,28.77,6986.4,0.287,241.707,0.0,0.0,-0.0553,0.1906,0.0,14.0,0.0,0.0,0.0,90.4,84.7,79.7,85.0,98.3,99.5,0.0,28.57,6862.3,0.128,240.189,0.0,0.0,0.0574,0.1892,0.0,14.0,0.0,0.0,0.0,36.597,2.639,90.0,14.0,9,13500,5,1,1,False,0.807,0.4,295.24,0.0,False,False,0.0,False,0.0,False,False,False,0.029,0.064,0.54,0.0,0.0,0.0,0.0,0.0,0.0,14.0,12.0,1.2348,2,21678,0:21.678,81345,81345,12695.961,0,0,25336,0.2485,False,False,Soft (S),0,1.0,0,-39.826,-1.717,-970.305,0.713,0.069,True,0,0,1422.982,12695.961
1765362319,291.71,11644,1.0,0.0,1.0,0.102,7,48.019,-0.002,-65.269,0.947,-0.875,81.02,-2.424,0.421,0.259,-2.495,0.01,-0.051,0.233,-0.062,-0.274,-0.154,68.7,72.2,76.1,72.4,91.8,99.5,0.0,27.53,5773.9,0.362,238.884,0.0,0.0,-0.0464,0.1775,0.0,14.0,0.0,0.0,0.0,76.7,71.9,67.9,72.2,88.9,99.5,0.0,27.07,3954.4,0.15,237.61,0.0,0.0,0.2829,0.1733,0.0,14.0,0.0,0.0,0.0,81.4,86.2,91.5,86.4,99.6,99.5,0.0,28.78,7336.0,0.305,242.181,0.0,0.0,-0.0537,0.1906,0.0,14.0,0.0,0.0,0.0,90.6,84.8,79.8,85.1,98.4,99.5,0.0,28.58,4832.8,0.14,241.712,0.0,0.0,0.0613,0.1888,0.0,14.0,0.0,0.0,0.0,36.597,2.64,90.0,14.0,9,13500,5,1,1,False,0.806,0.4,299.58,0.0,False,False,0.0,False,0.0,False,False,False,0.026,0.058,0.54,0.0,0.0,0.0,0.0,0.0,0.0,14.0,12.0,1.2348,2,21780,0:21.780,81345,81345,12704.104,0,0,25336,0.2499,False,False,Soft (S),0,1.0,0,-35.017,-1.718,-977.011,0.672,0.066,True,0,0,1431.125,12704.104
1765362319,292.56,11656,1.0,0.0,1.0,0.084,7,50.356,0.15,-63.786,0.9,-0.978,81.257,-2.871,0.729,0.214,-2.462,0.013,-0.047,0.228,0.046,-0.351,0.036,69.0,72.5,76.5,72.7,91.9,99.5,0.0,27.55,7162.2,0.302,239.669,0.0,0.0,-0.0445,0.1813,0.0,14.0,0.0,0.0,0.0,76.8,72.0,68.0,72.3,88.9,99.5,0.0,27.07,2968.1,0.241,237.986,0.0,0.0,0.0575,0.1739,0.0,14.0,0.0,0.0,0.0,81.6,86.5,91.8,86.7,99.7,99.5,0.0,28.8,7299.9,0.314,243.043,0.0,0.0,-0.0543,0.2014,0.0,14.0,0.0,0.0,0.0,90.7,85.0,79.9,85.2,98.5,99.5,0.0,28.59,6265.3,0.118,241.355,0.0,0.0,0.0671,0.1872,0.0,14.0,0.0,0.0,0.0,36.597,2.641,90.0,14.0,9,13500,5,1,1,False,0.805,0.4,304.05,0.0,False,False,0.0,False,0.0,False,False,False,0.023,0.05,0.54,0.0,0.0,0.0,0.0,0.0,0.0,14.0,12.0,1.2348,2,21882,0:21.882,81345,81345,12712.173,0,0,25336,0.2513,False,False,Soft (S),0,1.0,0,-29.998,-1.713,-983.593,1.153,0.069,True,0,0,1439.194,12712.173
1765362319,293.36,11701,1.0,0.0,1.0,0.058,7,52.64,0.298,-62.205,1.118,-1.004,81.476,-2.475,-0.086,0.288,-2.425,0.015,-0.043,0.23,-0.03,-0.268,-0.035,69.3,72.7,76.7,72.9,92.0,99.5,0.0,27.56,5276.5,0.239,240.293,0.0,0.0,-0.0424,0.183,0.0,14.0,0.0,0.0,0.0,76.9,72.1,68.1,72.4,88.9,99.5,0.0,27.07,1883.8,0.182,238.881,0.0,0.0,0.0609,0.173,0.0,14.0,0.0,0.0,0.0,81.9,86.7,92.1,86.9,99.8,99.5,0.0,28.81,8358.0,0.314,243.391,0.0,0.0,-0.0515,0.2008,0.0,14.0,0.0,0.0,0.0,90.9,85.1,80.1,85.4,98.5,99.5,0.0,28.6,5911.7,0.155,242.855,0.0,0.0,0.0672,0.1849,0.0,14.0,0.0,0.0,0.0,36.597,2.641,90.0,14.0,9,13500,5,1,1,False,0.804,0.4,308.52,0.0,False,False,0.0,False,0.0,False,False,False,0.026,0.051,0.54,0.0,0.0,0.0,0.0,0.0,0.0,14.0,12.0,1.2348,2,21984,0:21.984,81345,81345,12720.602,0,0,25336,0.2528,False,False,Soft (S),0,1.0,0,-24.741,-1.691,-990.015,0.792,0.066,True,0,0,1447.623,12720.602
1765362319,294.2,11722,1.0,0.0,1.0,0.041,7,54.533,0.047,-60.866,1.117,-1.127,81.707,-2.877,0.628,0.387,-2.397,0.014,-0.047,0.228,-0.202,-0.382,-0.084,69.4,72.9,76.9,73.1,92.1,99.5,0.0,27.58,6334.0,0.198,241.654,0.0,0.0,-0.0478,0.1835,0.0,14.0,0.0,0.0,0.0,77.0,72.1,68.1,72.4,89.0,99.5,0.0,27.07,4472.4,0.141,239.588,0.0,0.0,0.055,0.1785,0.0,14.0,0.0,0.0,0.0,82.0,86.9,92.3,87.1,99.9,99.5,0.0,28.82,9065.0,0.33,244.421,0.0,0.0,-0.05,0.1943,0.0,14.0,0.0,0.0,0.0,91.0,85.2,80.1,85.4,98.6,99.5,0.0,28.61,7321.0,0.128,242.701,0.0,0.0,0.0627,0.1824,0.0,14.0,0.0,0.0,0.0,36.597,2.642,90.0,14.0,9,13500,5,1,1,False,0.803,0.4,312.85,0.0,False,False,0.0,False,0.0,False,False,False,0.019,0.056,0.54,0.0,0.0,0.0,0.0,0.0,0.0,14.0,12.0,1.2348,2,22080,0:22.080,81345,81345,12728.657,0,0,25336,0.2541,False,False,Soft (S),0,1.0,0,-19.601,-1.679,-995.926,0.909,0.066,True,0,0,1455.678,12728.657
1765362320,294.95,11874,1.0,0.0,1.0,0.058,7,56.356,-0.063,-59.469,0.87,-0.777,81.922,-2.184,-0.401,0.412,-2.372,0.008,-0.049,0.237,-0.08,-0.397,0.088,69.6,73.1,77.1,73.3,92.2,99.5,0.0,27.59,6250.1,0.239,241.991,0.0,0.0,-0.044,0.1808,0.0,14.0,0.0,0.0,0.0,77.0,72.1,68.1,72.4,89.0,99.5,0.0,27.07,3404.5,0.172,239.947,0.0,0.0,0.0554,0.1734,0.0,14.0,0.0,0.0,0.0,82.2,87.1,92.5,87.2,100.0,99.5,0.0,28.84,4925.9,0.363,247.396,0.0,0.0,-0.0506,0.1891,0.0,14.0,0.0,0.0,0.0,91.1,85.3,80.2,85.5,98.6,99.5,0.0,28.62,4009.6,0.239,246.042,0.0,0.0,0.0585,0.1803,0.0,14.0,0.0,0.0,0.0,36.597,2.642,90.0,14.0,9,13500,5,1,1,False,0.802,0.4,317.32,0.0,False,False,0.0,False,0.0,False,False,False,0.023,0.068,0.54,0.0,0.0,0.0,0.0,0.0,0.0,14.0,12.0,1.2348,2,22182,0:22.182,81345,81345,12736.922,0,0,25336,0.2556,False,False,Soft (S),0,1.0,0,-13.941,-1.665,-1002.062,0.939,0.066,True,0,0,1463.943,12736.922
1765362320,295.95,11806,1.0,0.0,1.0,0.072,7,58.279,0.053,-57.981,0.811,-0.932,82.199,-2.393,0.022,0.223,-2.343,0.012,-0.044,0.229,0.078,-0.217,0.062,69.7,73.2,77.2,73.4,92.2,99.5,0.0,27.6,7448.0,0.252,242.062,0.0,0.0,-0.0413,0.1832,0.0,14.0,0.0,0.0,0.0,77.0,72.1,68.1,72.4,89.0,99.5,0.0,27.08,4405.9,0.179,241.036,0.0,0.0,0.0571,0.1699,0.0,14.0,0.0,0.0,0.0,82.4,87.3,92.7,87.5,100.1,99.5,0.0,28.85,7139.7,0.283,245.51,0.0,0.0,-0.0538,0.201,0.0,14.0,0.0,0.0,0.0,91.3,85.5,80.3,85.7,98.7,99.5,0.0,28.63,5420.0,0.158,245.113,0.0,0.0,0.0674,0.187,0.0,14.0,0.0,0.0,0.0,36.597,2.643,90.0,14.0,9,13500,5,1,1,False,0.801,0.4,321.66,0.0,False,False,0.0,False,0.0,False,False,False,0.024,0.054,0.54,0.0,0.0,0.0,0.0,0.0,0.0,14.0,12.0,1.2348,2,22284,0:22.284,81345,81345,12745.343,0,0,25336,0.257,False,False,Soft (S),0,1.0,0,-8.093,-1.67,-1008.054,1.107,0.066,True,0,0,1472.364,12745.343
1765362320,296.82,11839,1.0,0.0,1.0,0.065,7,60.076,0.115,-56.47,0.852,-0.954,82.44,-2.238,0.013,0.229,-2.314,0.012,-0.046,0.23,0.045,-0.238,0.0,69.9,73.4,77.4,73.6,92.3,99.5,0.0,27.61,6736.9,0.233,242.898,0.0,0.0,-0.0428,0.1821,0.0,14.0,0.0,0.0,0.0,77.1,72.2,68.2,72.5,89.0,99.5,0.0,27.08,3790.8,0.164,241.717,0.0,0.0,0.0578,0.1715,0.0,14.0,0.0,0.0,0.0,82.6,87.5,92.9,87.7,100.2,99.5,0.0,28.87,6690.1,0.297,246.516,0.0,0.0,-0.0556,0.1993,0.0,14.0,0.0,0.0,0.0,91.4,85.6,80.4,85.8,98.7,99.5,0.0,28.64,5766.8,0.141,245.495,0.0,0.0,0.065,0.1876,0.0,14.0,0.0,0.0,0.0,36.597,2.643,90.0,14.0,9,13500,5,1,1,False,0.8,0.4,326.12,0.0,False,False,0.0,False,0.0,False,False,False,0.025,0.054,0.54,0.0,0.0,0.0,0.0,0.0,0.0,14.0,12.0,1.2348,2,22389,0:22.389,81345,81345,12753.851,0,0,25336,0.2585,False,False,Soft (S),0,1.0,0,-1.873,-1.661,-1014.057,0.983,0.066,True,0,0,1480.872,12753.851
1765362320,297.69,11856,1.0,0.0,1.0,0.058,7,61.836,0.256,-54.902,0.854,-1.011,82.682,-2.054,0.001,0.305,-2.286,0.015,-0.041,0.23,0.016,-0.232,-0.033,70.0,73.5,77.6,73.7,92.4,99.5,0.0,27.63,5257.8,0.217,243.638,0.0,0.0,-0.0429,0.1819,0.0,14.0,0.0,0.0,0.0,77.1,72.3,68.3,72.6,89.0,99.5,0.0,27.08,2088.2,0.161,242.417,0.0,0.0,0.0581,0.1728,0.0,14.0,0.0,0.0,0.0,82.8,87.7,93.1,87.9,100.3,99.5,0.0,28.88,7748.4,0.287,246.878,0.0,0.0,-0.0548,0.2006,0.0,14.0,0.0,0.0,0.0,91.5,85.7,80.5,85.9,98.8,99.5,0.0,28.65,6536.6,0.123,245.825,0.0,0.0,0.0668,0.187,0.0,14.0,0.0,0.0,0.0,36.597,2.644,90.0,14.0,9,13500,5,1,1,False,0.799,0.4,330.59,0.0,False,False,0.0,False,0.0,False,False,False,0.025,0.05,0.54,0.0,0.0,0.0,0.0,0.0,0.0,14.0,12.0,1.2348,2,22491,0:22.491,81345,81345,12762.09,0,0,25336,0.26,False,False,Soft (S),0,1.0,0,4.353,-1.643,-1019.729,0.753,0.066,True,0,0,1489.111,12762.09
1765362320,298.51,11912,1.0,0.0,1.0,0.044,7,63.432,0.036,-53.406,0.984,-1.12,82.907,-2.613,0.486,0.243,-2.258,0.013,-0.045,0.229,-0.137,-0.31,-0.088,70.2,73.7,77.7,73.9,92.5,99.5,0.0,27.64,6643.6,0.198,244.796,0.0,0.0,-0.0484,0.1817,0.0,14.0,0.0,0.0,0.0,77.2,72.3,68.3,72.6,89.0,99.5,0.0,27.09,4333.6,0.139,243.249,0.0,0.0,0.0544,0.1795,0.0,14.0,0.0,0.0,0.0,82.9,87.8,93.3,88.0,100.3,99.5,0.0,28.89,8301.6,0.299,247.688,0.0,0.0,-0.0504,0.1956,0.0,14.0,0.0,0.0,0.0,91.6,85.7,80.6,86.0,98.8,99.5,0.0,28.65,5128.9,0.149,247.332,0.0,0.0,0.067,0.1843,0.0,14.0,0.0,0.0,0.0,36.597,2.644,90.0,14.0,9,13500,5,1,1,False,0.798,0.4,335.05,0.0,False,False,0.0,False,0.0,False,False,False,0.019,0.051,0.54,0.0,0.0,0.0,0.0,0.0,0.0,14.0,12.0,1.2348,2,22590,0:22.590,81345,81345,12770.379,0,0,25336,0.2614,False,False,Soft (S),0,1.0,0,10.555,-1.635,-1025.091,0.926,0.066,True,0,0,1497.4,12770.379
1765362320,299.32,11966,1.0,0.0,1.0,0.055,7,64.967,0.22,-51.889,0.748,-0.867,83.138,-1.969,-0.195,0.233,-2.235,0.013,-0.043,0.231,-0.034,-0.278,0.097,70.3,73.8,77.8,74.0,92.6,99.5,0.0,27.65,6156.3,0.201,245.17,0.0,0.0,-0.0449,0.1829,0.0,14.0,0.0,0.0,0.0,77.2,72.4,68.3,72.6,89.1,99.5,0.0,27.09,4013.0,0.135,243.792,0.0,0.0,0.0571,0.1741,0.0,14.0,0.0,0.0,0.0,83.0,88.0,93.5,88.2,100.4,99.5,0.0,28.91,5974.2,0.302,249.207,0.0,0.0,-0.0542,0.1966,0.0,14.0,0.0,0.0,0.0,91.7,85.9,80.7,86.1,98.9,99.5,0.0,28.67,5051.1,0.156,248.068,0.0,0.0,0.0648,0.1857,0.0,14.0,0.0,0.0,0.0,36.597,2.645,90.0,14.0,9,13500,5,1,1,False,0.797,0.4,339.38,0.0,False,False,0.0,False,0.0,False,False,False,0.023,0.058,0.54,0.0,0.0,0.0,0.0,0.0,0.0,14.0,12.0,1.2348,2,22692,0:22.692,81345,81345,12778.896,0,0,25336,0.2629,False,False,Soft (S),0,1.0,0,17.113,-1.613,-1030.452,0.863,0.066,True,0,0,1505.917,12778.896
1765362320,300.2,11977,1.0,0.0,1.0,0.045,7,66.431,0.249,-50.404,0.731,-1.011,83.379,-2.088,0.374,0.247,-2.211,0.015,-0.044,0.228,-0.111,-0.264,-0.085,70.4,73.9,77.9,74.1,92.7,99.5,0.0,27.67,6637.8,0.179,246.005,0.0,0.0,-0.0503,0.1831,0.0,14.0,0.0,0.0,0.0,77.3,72.4,68.4,72.7,89.1,99.5,0.0,27.1,3637.8,0.124,244.709,0.0,0.0,0.056,0.1807,0.0,14.0,0.0,0.0,0.0,83.2,88.1,93.6,88.3,100.5,99.5,0.0,28.92,7561.3,0.27,249.243,0.0,0.0,-0.0516,0.1974,0.0,14.0,0.0,0.0,0.0,91.8,85.9,80.8,86.2,99.0,99.5,0.0,28.68,6102.6,0.154,248.481,0.0,0.0,0.0649,0.1848,0.0,14.0,0.0,0.0,0.0,36.597,2.645,90.0,14.0,9,13500,5,1,1,False,0.796,0.396,343.84,0.0,False,False,0.0,False,0.0,False,False,False,0.017,0.051,0.54,0.0,0.0,0.0,0.0,0.0,0.0,14.0,12.0,1.2348,2,22788,0:22.788,81345,81345,12787.005,0,0,25336,0.2643,False,False,Soft (S),0,1.0,0,23.421,-1.596,-1035.363,0.852,0.066,True,0,0,1514.026,12787.005
1765362320,301.03,11989,1.0,0.0,1.0,0.037,7,67.692,0.155,-49.092,0.761,-1.085,83.609,-2.027,0.127,0.442,-2.188,0.014,-0.053,0.23,-0.132,-0.272,0.159,70.4,74.0,78.0,74.1,92.7,99.5,0.0,27.68,4923.7,0.171,246.692,0.0,0.0,-0.048,0.1828,0.0,14.0,0.0,0.0,0.0,77.3,72.4,68.4,72.7,89.1,99.5,0.0,27.1,4268.1,0.109,245.356,0.0,0.0,0.0544,0.1759,0.0,14.0,0.0,0.0,0.0,83.2,88.2,93.7,88.4,100.6,99.5,0.0,28.94,7975.5,0.295,250.006,0.0,0.0,-0.0546,0.1928,0.0,14.0,0.0,0.0,0.0,91.9,86.0,80.8,86.3,99.0,99.5,0.0,28.68,7867.1,0.121,248.213,0.0,0.0,0.0592,0.1856,0.0,14.0,0.0,0.0,0.0,36.597,2.645,90.0,14.0,9,13500,5,1,1,False,0.795,0.35,347.89,0.0,False,False,0.0,False,0.0,False,False,False,0.022,0.059,0.54,0.0,0.0,0.0,0.0,0.0,0.0,14.0,12.0,1.2348,2,22887,0:22.887,81345,81345,12795.202,0,0,25336,0.2657,False,False,Soft (S),0,1.0,0,30.059,-1.571,-1040.29,0.698,0.066,True,0,0,1522.223,12795.202
1765362320,301.81,12056,1.0,0.0,1.0,0.038,7,69.005,0.345,-47.61,0.695,-0.964,83.828,-1.868,-0.025,0.051,-2.166,0.015,-0.042,0.229,-0.056,-0.237,-0.116,70.5,74.0,78.1,74.2,92.8,99.5,0.0,27.69,6183.4,0.158,247.232,0.0,0.0,-0.0456,0.1842,0.0,14.0,0.0,0.0,0.0,77.4,72.5,68.5,72.8,89.2,99.5,0.0,27.11,3569.8,0.111,245.88,0.0,0.0,0.0556,0.1777,0.0,14.0,0.0,0.0,0.0,83.4,88.3,93.9,88.5,100.7,99.5,0.0,28.95,7409.0,0.254,250.274,0.0,0.0,-0.0507,0.2003,0.0,14.0,0.0,0.0,0.0,92.0,86.1,80.9,86.3,99.1,99.5,0.0,28.7,4351.9,0.188,250.737,0.0,0.0,0.069,0.1848,0.0,14.0,0.0,0.0,0.0,36.597,2.646,90.0,14.0,9,13500,5,1,1,False,0.794,0.285,351.4,0.0,False,False,0.0,False,0.0,False,False,False,0.02,0.049,0.54,0.0,0.0,0.0,0.0,0.0,0.0,14.0,12.0,1.2348,2,22995,0:22.995,81345,81345,12804.219,0,0,25336,0.2673,False,False,Soft (S),0,1.0,0,37.445,-1.542,-1045.51,0.744,0.066,True,0,0,1531.24,12804.219
1765362320,302.59,12052,1.0,0.0,1.0,0.044,7,70.187,0.32,-46.243,0.657,-1.034,84.043,-1.826,-0.003,0.227,-2.145,0.016,-0.05,0.23,-0.043,-0.228,0.053,70.5,74.1,78.1,74.2,92.9,99.5,0.0,27.7,5306.7,0.165,247.719,0.0,0.0,-0.0423,0.1813,0.0,14.0,0.0,0.0,0.0,77.4,72.5,68.5,72.8,89.2,99.5,0.0,27.11,2247.6,0.12,246.56,0.0,0.0,0.0553,0.1754,0.0,14.0,0.0,0.0,0.0,83.5,88.4,94.0,88.6,100.8,99.5,0.0,28.96,7250.3,0.27,250.931,0.0,0.0,-0.0556,0.196,0.0,14.0,0.0,0.0,0.0,92.1,86.2,81.0,86.4,99.2,99.5,0.0,28.71,6399.2,0.126,249.907,0.0,0.0,0.0626,0.1883,0.0,14.0,0.0,0.0,0.0,36.597,2.646,90.0,14.0,9,13500,5,1,1,False,0.793,0.224,354.23,0.0,False,False,0.0,False,0.0,False,False,False,0.024,0.054,0.54,0.0,0.0,0.0,0.0,0.0,0.0,14.0,12.0,1.2348,2,23094,0:23.094,81345,81345,12812.49,0,0,25336,0.2688,False,False,Soft (S),0,1.0,0,44.339,-1.509,-1050.152,0.656,0.066,True,0,0,1539.511,12812.49
1765362321,303.26,12058,1.0,0.0,1.0,0.04,7,71.315,0.328,-44.836,0.677,-1.07,84.229,-1.964,0.654,0.19,-2.123,0.016,-0.055,0.226,-0.028,-0.201,-0.008,70.6,74.1,78.2,74.3,93.0,99.5,0.0,27.72,6458.2,0.163,248.178,0.0,0.0,-0.0476,0.1819,0.0,14.0,0.0,0.0,0.0,77.5,72.6,68.5,72.9,89.2,99.5,0.0,27.12,4514.0,0.1,247.259,0.0,0.0,0.0549,0.1772,0.0,14.0,0.0,0.0,0.0,83.5,88.5,94.1,88.7,100.9,99.5,0.0,28.98,8194.3,0.259,250.96,0.0,0.0,-0.0566,0.1977,0.0,14.0,0.0,0.0,0.0,92.2,86.3,81.0,86.5,99.2,99.5,0.0,28.72,7079.5,0.109,250.12,0.0,0.0,0.0647,0.1908,0.0,14.0,0.0,0.0,0.0,36.597,2.646,90.0,14.0,9,13500,5,1,1,False,0.793,0.169,356.34,0.0,False,False,0.0,False,0.0,False,False,False,0.021,0.05,0.54,0.0,0.0,0.0,0.0,0.0,0.0,14.0,12.0,1.2348,2,23196,0:23.196,81345,81345,12821.311,0,0,25336,0.2703,False,False,Soft (S),0,1.0,0,51.558,-1.48,-1054.795,0.783,0.066,True,0,0,1548.332,12821.311
1765362321,303.85,12108,1.0,0.0,1.0,0.046,7,72.385,0.386,-43.407,0.634,-0.921,84.396,-1.659,-0.252,0.134,-2.103,0.015,-0.054,0.231,0.052,-0.201,-0.004,70.6,74.2,78.2,74.3,93.0,99.5,0.0,27.73,5724.6,0.176,248.519,0.0,0.0,-0.0456,0.1808,0.0,14.0,0.0,0.0,0.0,77.5,72.6,68.6,72.9,89.3,99.5,0.0,27.12,3584.3,0.107,247.523,0.0,0.0,0.0561,0.1733,0.0,14.0,0.0,0.0,0.0,83.6,88.6,94.2,88.8,100.9,99.5,0.0,28.99,6325.8,0.267,251.942,0.0,0.0,-0.0563,0.1969,0.0,14.0,0.0,0.0,0.0,92.3,86.3,81.1,86.6,99.3,99.5,0.0,28.73,5346.2,0.139,251.243,0.0,0.0,0.0639,0.1887,0.0,14.0,0.0,0.0,0.0,36.597,2.647,90.0,14.0,9,13500,5,1,1,False,0.793,0.117,357.92,0.0,False,False,0.0,False,0.0,False,False,False,0.026,0.056,0.54,0.0,0.0,0.0,0.0,0.0,0.0,14.0,12.0,1.2348,2,23295,0:23.295,81345,81345,12829.493,0,0,25336,0.2717,False,False,Soft (S),0,1.0,0,58.677,-1.439,-1059.157,0.73,0.066,True,0,0,1556.514,12829.493
1765362321,304.43,12095,1.0,0.0,1.0,0.048,7,73.464,0.43,-41.878,0.677,-1.062,84.554,-1.807,0.235,0.165,-2.08,0.017,-0.05,0.227,0.053,-0.171,0.004,70.7,74.2,78.3,74.4,93.1,99.5,0.0,27.74,6078.2,0.163,248.941,0.0,0.0,-0.0426,0.1834,0.0,14.0,0.0,0.0,0.0,77.6,72.7,68.6,72.9,89.3,99.5,0.0,27.13,3541.8,0.101,248.036,0.0,0.0,0.0582,0.1726,0.0,14.0,0.0,0.0,0.0,83.7,88.7,94.3,88.9,101.0,99.5,0.0,29.01,8134.0,0.248,251.629,0.0,0.0,-0.0555,0.201,0.0,14.0,0.0,0.0,0.0,92.4,86.4,81.2,86.6,99.4,99.5,0.0,28.74,6862.9,0.114,251.008,0.0,0.0,0.0666,0.1912,0.0,14.0,0.0,0.0,0.0,36.597,2.647,90.0,14.0,9,13500,5,1,1,False,0.792,0.071,358.96,0.0,False,False,0.0,False,0.0,False,False,False,0.025,0.049,0.54,0.0,0.0,0.0,0.0,0.0,0.0,14.0,12.0,1.2348,2,23400,0:23.400,81345,81345,12838.378,0,0,25336,0.2733,False,False,Soft (S),0,1.0,0,66.336,-1.404,-1063.631,0.723,0.066,True,0,0,1565.399,12838.378
1765362321,304.9,12115,1.0,0.0,1.0,0.041,7,74.481,0.451,-40.321,0.741,-1.059,84.686,-1.823,0.172,0.177,-2.058,0.017,-0.046,0.228,0.027,-0.194,-0.115,70.7,74.2,78.3,74.4,93.2,99.5,0.0,27.75,5825.9,0.16,249.438,0.0,0.0,-0.0406,0.1813,0.0,14.0,0.0,0.0,0.0,77.7,72.7,68.7,73.0,89.4,99.5,0.0,27.14,3468.9,0.104,248.389,0.0,0.0,0.0569,0.1748,0.0,14.0,0.0,0.0,0.0,83.8,88.8,94.4,89.0,101.1,99.5,0.0,29.02,8211.1,0.252,252.082,0.0,0.0,-0.053,0.1996,0.0,14.0,0.0,0.0,0.0,92.5,86.5,81.2,86.7,99.4,99.5,0.0,28.75,6692.6,0.109,251.38,0.0,0.0,0.0661,0.189,0.0,14.0,0.0,0.0,0.0,36.597,2.647,90.0,14.0,9,13500,5,1,1,False,0.792,0.03,359.52,0.0,False,False,0.0,False,0.0,False,False,False,0.025,0.049,0.54,0.0,0.0,0.0,0.0,0.0,0.0,14.0,12.0,1.2348,2,23496,0:23.496,81345,81345,12846.608,0,0,25336,0.2747,False,False,Soft (S),0,1.0,0,73.438,-1.364,-1067.575,0.693,0.066,True,0,0,1573.629,12846.608
1765362321,305.33,12153,1.0,0.0,1.0,0.047,7,75.516,0.522,-38.608,0.725,-0.999,84.806,-1.894,0.069,0.082,-2.034,0.018,-0.045,0.228,-0.011,-0.214,-0.008,70.8,74.3,78.4,74.5,93.3,99.5,0.0,27.77,6329.3,0.168,249.851,0.0,0.0,-0.0392,0.1827,0.0,14.0,0.0,0.0,0.0,77.7,72.8,68.7,73.1,89.4,99.5,0.0,27.14,4355.9,0.119,248.797,0.0,0.0,0.0567,0.1758,0.0,14.0,0.0,0.0,0.0,83.9,88.9,94.5,89.1,101.2,99.5,0.0,29.03,7374.3,0.249,252.698,0.0,0.0,-0.0484,0.1981,0.0,14.0,0.0,0.0,0.0,92.5,86.5,81.2,86.8,99.5,99.5,0.0,28.76,5371.3,0.128,252.345,0.0,0.0,0.0645,0.1885,0.0,14.0,0.0,0.0,0.0,36.597,2.647,90.0,14.0,9,13500,5,1,1,False,0.793,0.004,359.68,0.0,False,False,0.0,False,0.0,False,False,False,0.022,0.052,0.54,0.0,0.0,0.0,0.0,0.0,0.0,14.0,12.0,1.2348,2,23604,0:23.604,81345,81345,12855.758,0,0,25336,0.2763,False,False,Soft (S),0,1.0,0,81.536,-1.313,-1071.841,0.807,0.063,True,0,0,1582.779,12855.758
1765362321,305.41,10854,1.0,0.0,1.0,0.042,8,76.375,0.681,-36.929,0.74,-0.969,84.828,-1.978,0.537,0.059,-2.012,0.019,-0.046,0.224,-0.108,-0.239,0.032,70.9,74.4,78.5,74.6,93.4,99.5,0.0,27.78,6507.5,0.146,250.127,0.0,0.0,-0.0408,0.1869,0.0,14.0,0.0,0.0,0.0,77.8,72.9,68.8,73.2,89.5,99.5,0.0,27.15,4853.8,0.12,249.08,0.0,0.0,0.0524,0.1821,0.0,14.0,0.0,0.0,0.0,84.0,89.0,94.6,89.2,101.3,99.5,0.0,29.05,7218.3,0.259,252.972,0.0,0.0,-0.0504,0.1976,0.0,14.0,0.0,0.0,0.0,92.6,86.6,81.3,86.8,99.6,99.5,0.0,28.77,5645.6,0.12,252.217,0.0,0.0,0.0647,0.1876,0.0,14.0,0.0,0.0,0.0,36.597,2.636,90.0,14.0,9,13500,5,1,1,False,0.793,0.0,359.69,0.0,False,False,0.0,False,0.0,False,False,False,0.013,0.053,0.54,0.0,0.0,0.0,0.0,0.0,0.0,14.0,12.0,1.2348,2,23709,0:23.709,81345,81345,12864.422,0,0,25336,0.2778,False,False,Soft (S),0,1.0,0,89.51,-1.252,-1075.804,0.819,0.066,True,0,0,1591.443,12864.422
1765362321,305.66,10883,1.0,0.0,1.0,0.038,8,77.167,0.429,-35.411,0.767,-0.923,84.897,-1.894,-0.103,0.137,-1.991,0.015,-0.048,0.232,-0.053,-0.259,0.102,70.9,74.4,78.5,74.6,93.4,99.5,0.0,27.79,6425.0,0.164,250.335,0.0,0.0,-0.0414,0.1816,0.0,14.0,0.0,0.0,0.0,77.8,72.9,68.8,73.2,89.5,99.5,0.0,27.16,4222.9,0.101,249.012,0.0,0.0,0.0558,0.1739,0.0,14.0,0.0,0.0,0.0,84.0,89.0,94.6,89.2,101.4,99.5,0.0,29.06,6600.2,0.271,253.451,0.0,0.0,-0.0476,0.192,0.0,14.0,0.0,0.0,0.0,92.6,86.6,81.3,86.9,99.6,99.5,0.0,28.78,4624.5,0.151,253.078,0.0,0.0,0.0616,0.1838,0.0,14.0,0.0,0.0,0.0,36.597,2.637,90.0,14.0,9,13500,5,1,1,False,0.793,0.0,359.69,0.0,False,False,0.0,False,0.0,False,False,False,0.023,0.062,0.54,0.0,0.0,0.0,0.0,0.0,0.0,14.0,12.0,1.2348,2,23811,0:23.811,81345,81345,12873.3,0,0,25336,0.2793,False,False,Soft (S),0,1.0,0,97.346,-1.188,-1079.485,0.767,0.063,True,0,0,1600.321,12873.3
1765362321,305.95,10857,1.0,0.0,1.0,0.04,8,78.025,0.643,-33.682,0.605,-0.963,84.98,-1.825,0.434,0.063,-1.971,0.019,-0.049,0.225,-0.035,-0.208,-0.045,71.0,74.5,78.6,74.7,93.5,99.5,0.0,27.8,6798.9,0.153,250.421,0.0,0.0,-0.044,0.1834,0.0,14.0,0.0,0.0,0.0,77.9,73.0,68.9,73.3,89.5,99.5,0.0,27.16,4583.4,0.108,249.348,0.0,0.0,0.0546,0.1796,0.0,14.0,0.0,0.0,0.0,84.1,89.1,94.7,89.3,101.5,99.5,0.0,29.07,7484.8,0.242,253.072,0.0,0.0,-0.0536,0.1995,0.0,14.0,0.0,0.0,0.0,92.7,86.7,81.4,87.0,99.7,99.5,0.0,28.79,6368.5,0.114,252.276,0.0,0.0,0.0658,0.1893,0.0,14.0,0.0,0.0,0.0,36.597,2.638,90.0,14.0,9,13500,5,1,1,False,0.793,0.0,359.69,0.0,False,False,0.0,False,0.0,False,False,False,0.018,0.049,0.54,0.0,0.0,0.0,0.0,0.0,0.0,14.0,12.0,1.2348,2,23913,0:23.913,81345,81345,12881.728,0,0,25336,0.2808,False,False,Soft (S),0,1.0,0,105.266,-1.137,-1083.001,0.804,0.066,True,0,0,1608.749,12881.728
1765362321,306.22,10865,1.0,0.0,1.0,0.035,8,78.742,0.611,-32.17,0.649,-1.029,85.053,-1.802,0.318,0.112,-1.95,0.019,-0.05,0.227,-0.073,-0.211,0.024,71.0,74.5,78.6,74.7,93.6,99.5,0.0,27.81,6061.4,0.149,250.708,0.0,0.0,-0.0446,0.1825,0.0,14.0,0.0,0.0,0.0,78.0,73.0,68.9,73.3,89.6,99.5,0.0,27.17,4504.3,0.096,249.646,0.0,0.0,0.0538,0.1772,0.0,14.0,0.0,0.0,0.0,84.1,89.2,94.8,89.4,101.5,99.5,0.0,29.09,7369.2,0.252,253.499,0.0,0.0,-0.0537,0.1964,0.0,14.0,0.0,0.0,0.0,92.8,86.7,81.4,87.0,99.8,99.5,0.0,28.8,7435.0,0.108,252.221,0.0,0.0,0.0615,0.1863,0.0,14.0,0.0,0.0,0.0,36.597,2.639,90.0,14.0,9,13500,5,1,1,False,0.793,0.0,359.69,0.0,False,False,0.0,False,0.0,False,False,False,0.021,0.053,0.54,0.0,0.0,0.0,0.0,0.0,0.0,14.0,12.0,1.2348,2,24012,0:24.012,81345,81345,12890.316,0,0,25336,0.2823,False,False,Soft (S),0,1.0,0,113.028,-1.073,-1086.257,0.725,0.066,True,0,0,1617.337,12890.316
1765362321,306.48,10890,1.0,0.0,1.0,0.038,8,79.398,0.559,-30.713,0.647,-0.998,85.124,-1.69,0.085,0.092,-1.932,0.018,-0.048,0.229,-0.049,-0.219,0.016,71.0,74.5,78.6,74.7,93.7,99.5,0.0,27.82,6379.6,0.142,250.9,0.0,0.0,-0.0392,0.1823,0.0,14.0,0.0,0.0,0.0,78.0,73.0,69.0,73.3,89.6,99.5,0.0,27.18,4707.0,0.098,249.793,0.0,0.0,0.0513,0.1758,0.0,14.0,0.0,0.0,0.0,84.2,89.2,94.8,89.4,101.6,99.5,0.0,29.1,6751.1,0.247,253.868,0.0,0.0,-0.0491,0.1957,0.0,14.0,0.0,0.0,0.0,92.8,86.8,81.4,87.0,99.8,99.5,0.0,28.81,5849.9,0.123,253.016,0.0,0.0,0.0576,0.1856,0.0,14.0,0.0,0.0,0.0,36.597,2.639,90.0,14.0,9,13500,5,1,1,False,0.793,0.0,359.69,0.0,False,False,0.0,False,0.0,False,False,False,0.022,0.055,0.54,0.0,0.0,0.0,0.0,0.0,0.0,14.0,12.0,1.2348,2,24111,0:24.111,81345,81345,12898.726,0,0,25336,0.2838,False,False,Soft (S),0,1.0,0,120.858,-1.011,-1089.367,0.732,0.063,True,0,0,1625.747,12898.726
1765362322,306.77,10880,1.0,0.0,1.0,0.039,8,80.087,0.682,-29.103,0.615,-1.014,85.205,-1.794,0.376,0.086,-1.912,0.02,-0.049,0.226,-0.031,-0.21,-0.021,71.0,74.6,78.6,74.7,93.7,99.5,0.0,27.84,6479.7,0.146,251.085,0.0,0.0,-0.0429,0.1829,0.0,14.0,0.0,0.0,0.0,78.0,73.1,69.0,73.4,89.6,99.5,0.0,27.18,4711.4,0.099,250.012,0.0,0.0,0.0524,0.1771,0.0,14.0,0.0,0.0,0.0,84.2,89.3,94.9,89.5,101.7,99.5,0.0,29.11,7803.0,0.239,253.64,0.0,0.0,-0.0512,0.1973,0.0,14.0,0.0,0.0,0.0,92.9,86.8,81.5,87.1,99.9,99.5,0.0,28.82,6762.7,0.102,252.772,0.0,0.0,0.0601,0.1892,0.0,14.0,0.0,0.0,0.0,36.597,2.64,90.0,14.0,9,13500,5,1,1,False,0.794,0.0,359.69,0.0,False,False,0.0,False,0.0,False,False,False,0.021,0.052,0.54,0.0,0.0,0.0,0.0,0.0,0.0,14.0,12.0,1.2348,2,24210,0:24.210,81345,81345,12907.258,0,0,25336,0.2853,False,False,Soft (S),0,1.0,0,128.753,-0.951,-1092.329,0.753,0.063,True,0,0,1634.279,12907.258
1765362322,307.01,10906,1.0,0.0,1.0,0.039,8,80.713,0.729,-27.526,0.616,-0.963,85.273,-1.68,0.02,0.081,-1.892,0.019,-0.05,0.228,-0.027,-0.21,0.061,71.1,74.6,78.7,74.8,93.8,99.5,0.0,27.85,6653.4,0.154,251.268,0.0,0.0,-0.0442,0.1837,0.0,14.0,0.0,0.0,0.0,78.1,73.1,69.1,73.4,89.7,99.5,0.0,27.19,4431.3,0.089,250.192,0.0,0.0,0.0581,0.1747,0.0,14.0,0.0,0.0,0.0,84.3,89.3,94.9,89.5,101.8,99.5,0.0,29.13,6516.5,0.252,254.33,0.0,0.0,-0.0523,0.1961,0.0,14.0,0.0,0.0,0.0,92.9,86.8,81.5,87.1,100.0,99.5,0.0,28.83,5985.4,0.114,253.294,0.0,0.0,0.0592,0.1878,0.0,14.0,0.0,0.0,0.0,36.597,2.641,90.0,14.0,9,13500,5,1,1,False,0.794,0.0,359.69,0.0,False,False,0.0,False,0.0,False,False,False,0.022,0.057,0.54,0.0,0.0,0.0,0.0,0.0,0.0,14.0,12.0,1.2348,2,24312,0:24.312,81345,81345,12915.47,0,0,25336,0.2868,False,False,Soft (S),0,1.0,0,136.953,-0.874,-1095.218,0.75,0.066,True,0,0,1642.491,12915.47
1765362322,307.29,10903,1.0,0.0,1.0,0.039,8,81.326,0.866,-25.908,0.599,-0.98,85.35,-1.711,0.247,0.076,-1.872,0.021,-0.05,0.226,-0.003,-0.192,-0.048,71.1,74.6,78.7,74.8,93.9,99.5,0.0,27.86,6554.2,0.147,251.409,0.0,0.0,-0.0439,0.1827,0.0,14.0,0.0,0.0,0.0,78.2,73.2,69.1,73.5,89.7,99.5,0.0,27.2,4709.0,0.098,250.426,0.0,0.0,0.0515,0.1767,0.0,14.0,0.0,0.0,0.0,84.3,89.4,95.0,89.6,101.9,99.5,0.0,29.14,7604.5,0.24,254.024,0.0,0.0,-0.0541,0.1984,0.0,14.0,0.0,0.0,0.0,93.0,86.9,81.6,87.2,100.0,99.5,0.0,28.85,6174.2,0.115,253.427,0.0,0.0,0.0635,0.1889,0.0,14.0,0.0,0.0,0.0,36.597,2.641,90.0,14.0,9,13500,5,1,1,False,0.794,0.0,359.69,0.0,False,False,0.0,False,0.0,False,False,False,0.021,0.051,0.54,0.0,0.0,0.0,0.0,0.0,0.0,14.0,12.0,1.2348,2,24417,0:24.417,81345,81345,12924.805,0,0,25336,0.2883,False,False,Soft (S),0,1.0,0,145.461,-0.792,-1098.023,0.753,0.063,True,0,0,1651.826,12924.805
1765362322,307.53,10923,1.0,0.0,1.0,0.042,8,81.854,0.76,-24.426,0.604,-0.989,85.416,-1.601,-0.297,0.123,-1.853,0.02,-0.049,0.23,0.023,-0.189,0.039,71.1,74.6,78.7,74.8,93.9,99.5,0.0,27.87,6262.8,0.162,251.528,0.0,0.0,-0.043,0.1809,0.0,14.0,0.0,0.0,0.0,78.2,73.2,69.1,73.5,89.8,99.5,0.0,27.2,3927.3,0.101,250.554,0.0,0.0,0.0527,0.1731,0.0,14.0,0.0,0.0,0.0,84.3,89.4,95.0,89.6,101.9,99.5,0.0,29.15,6630.4,0.249,254.631,0.0,0.0,-0.0523,0.1958,0.0,14.0,0.0,0.0,0.0,93.0,86.9,81.6,87.2,100.1,99.5,0.0,28.86,6015.0,0.123,253.759,0.0,0.0,0.057,0.1868,0.0,14.0,0.0,0.0,0.0,36.597,2.642,90.0,14.0,9,13500,5,1,1,False,0.794,0.0,359.69,0.0,False,False,0.0,False,0.0,False,False,False,0.026,0.057,0.54,0.0,0.0,0.0,0.0,0.0,0.0,14.0,12.0,1.2348,2,24519,0:24.519,81345,81345,12933.511,0,0,25336,0.2898,False,False,Soft (S),0,1.0,0,153.785,-0.704,-1100.584,0.731,0.063,True,0,0,1660.532,12933.511
1765362322,307.79,10926,1.0,0.0,1.0,0.045,8,82.408,0.925,-22.752,0.516,-0.993,85.489,-1.704,0.109,0.041,-1.834,0.022,-0.054,0.226,0.015,-0.183,0.026,71.1,74.6,78.7,74.8,94.0,99.5,0.0,27.88,6414.8,0.158,251.731,0.0,0.0,-0.0454,0.183,0.0,14.0,0.0,0.0,0.0,78.2,73.3,69.2,73.6,89.8,99.5,0.0,27.21,4524.4,0.114,250.829,0.0,0.0,0.0488,0.1768,0.0,14.0,0.0,0.0,0.0,84.4,89.4,95.1,89.6,102.0,99.5,0.0,29.16,6812.4,0.24,254.636,0.0,0.0,-0.0562,0.1994,0.0,14.0,0.0,0.0,0.0,93.1,87.0,81.6,87.2,100.2,99.5,0.0,28.87,5978.0,0.117,253.909,0.0,0.0,0.059,0.191,0.0,14.0,0.0,0.0,0.0,36.597,2.643,90.0,14.0,9,13500,5,1,1,False,0.794,0.0,359.69,0.0,False,False,0.0,False,0.0,False,False,False,0.021,0.051,0.54,0.0,0.0,0.0,0.0,0.0,0.0,14.0,12.0,1.2348,2,24618,0:24.618,81345,81345,12941.982,0,0,25336,0.2913,False,False,Soft (S),0,1.0,0,161.919,-0.623,-1102.914,0.797,0.063,True,0,0,1669.003,12941.982
1765362322,308.06,10916,1.0,0.0,1.0,0.04,8,82.915,0.937,-21.143,0.588,-1.054,85.565,-1.662,0.227,0.118,-1.813,0.023,-0.053,0.227,0.024,-0.174,-0.019,71.1,74.6,78.7,74.8,94.1,99.5,0.0,27.89,5741.2,0.153,251.941,0.0,0.0,-0.0454,0.1818,0.0,14.0,0.0,0.0,0.0,78.3,73.3,69.2,73.6,89.9,99.5,0.0,27.22,3835.6,0.095,251.041,0.0,0.0,0.0536,0.1751,0.0,14.0,0.0,0.0,0.0,84.4,89.4,95.1,89.6,102.1,99.5,0.0,29.18,8281.7,0.238,254.414,0.0,0.0,-0.0559,0.1988,0.0,14.0,0.0,0.0,0.0,93.1,87.0,81.6,87.2,100.2,99.5,0.0,28.88,7303.8,0.106,253.642,0.0,0.0,0.0636,0.1891,0.0,14.0,0.0,0.0,0.0,36.597,2.643,90.0,14.0,9,13500,5,1,1,False,0.794,0.0,359.69,0.0,False,False,0.0,False,0.0,False,False,False,0.024,0.05,0.54,0.0,0.0,0.0,0.0,0.0,0.0,14.0,12.0,1.2348,2,24720,0:24.720,81345,81345,12950.034,0,0,25336,0.2928,False,False,Soft (S),0,1.0,0,170.351,-0.528,-1105.151,0.681,0.063,True,0,0,1677.055,12950.034
1765362322,308.27,10951,1.0,0.0,1.0,0.04,8,83.356,0.945,-19.583,0.617,-0.966,85.623,-1.646,-0.084,0.041,-1.794,0.022,-0.052,0.228,0.02,-0.184,-0.022,71.1,74.6,78.7,74.8,94.1,99.5,0.0,27.9,6142.2,0.162,252.116,0.0,0.0,-0.0472,0.1813,0.0,14.0,0.0,0.0,0.0,78.3,73.3,69.3,73.6,89.9,99.5,0.0,27.23,4554.5,0.096,251.217,0.0,0.0,0.0548,0.176,0.0,14.0,0.0,0.0,0.0,84.4,89.5,95.1,89.7,102.2,99.5,0.0,29.19,6511.3,0.25,255.165,0.0,0.0,-0.0553,0.1977,0.0,14.0,0.0,0.0,0.0,93.1,87.0,81.7,87.3,100.3,99.5,0.0,28.89,5502.1,0.128,254.541,0.0,0.0,0.0645,0.1883,0.0,14.0,0.0,0.0,0.0,36.597,2.644,90.0,14.0,9,13500,5,1,1,False,0.795,0.0,359.69,0.0,False,False,0.0,False,0.0,False,False,False,0.023,0.053,0.54,0.0,0.0,0.0,0.0,0.0,0.0,14.0,12.0,1.2348,2,24822,0:24.822,81345,81345,12959.415,0,0,25336,0.2944,False,False,Soft (S),0,1.0,0,178.832,-0.431,-1107.223,0.753,0.063,True,0,0,1686.436,12959.415
1765362322,308.52,10954,1.0,0.0,1.0,0.035,8,83.783,0.892,-18.005,0.628,-0.994,85.692,-1.58,0.008,0.098,-1.775,0.022,-0.05,0.229,-0.017,-0.183,0.011,71.1,74.6,78.7,74.8,94.2,99.5,0.0,27.91,5939.5,0.148,252.398,0.0,0.0,-0.0455,0.1822,0.0,14.0,0.0,0.0,0.0,78.3,73.4,69.3,73.7,89.9,99.5,0.0,27.23,3907.3,0.083,251.458,0.0,0.0,0.0565,0.1748,0.0,14.0,0.0,0.0,0.0,84.4,89.5,95.2,89.7,102.3,99.5,0.0,29.2,7057.3,0.249,255.281,0.0,0.0,-0.0547,0.1964,0.0,14.0,0.0,0.0,0.0,93.1,87.0,81.7,87.3,100.4,99.5,0.0,28.9,6144.7,0.121,254.549,0.0,0.0,0.0632,0.1868,0.0,14.0,0.0,0.0,0.0,36.597,2.644,90.0,14.0,9,13500,5,1,1,False,0.795,0.0,359.69,0.0,False,False,0.0,False,0.0,False,False,False,0.023,0.055,0.54,0.0,0.0,0.0,0.0,0.0,0.0,14.0,12.0,1.2348,2,24918,0:24.918,81345,81345,12967.499,0,0,25336,0.2958,False,False,Soft (S),0,1.0,0,186.856,-0.343,-1109.024,0.668,0.063,True,0,0,1694.52,12967.499
1765362322,308.78,10969,1.0,0.0,1.0,0.032,8,84.164,0.929,-16.505,0.547,-0.944,85.765,-1.416,0.093,0.032,-1.758,0.021,-0.051,0.228,0.0,-0.161,0.018,71.1,74.6,78.7,74.8,94.3,99.5,0.0,27.92,6364.2,0.133,252.558,0.0,0.0,-0.0449,0.1827,0.0,14.0,0.0,0.0,0.0,78.4,73.4,69.3,73.7,90.0,99.5,0.0,27.24,4509.3,0.072,251.723,0.0,0.0,0.0555,0.1759,0.0,14.0,0.0,0.0,0.0,84.4,89.5,95.2,89.7,102.3,99.5,0.0,29.21,6207.1,0.244,255.642,0.0,0.0,-0.0563,0.1963,0.0,14.0,0.0,0.0,0.0,93.2,87.0,81.7,87.3,100.4,99.5,0.0,28.91,5733.3,0.125,254.9,0.0,0.0,0.0624,0.1882,0.0,14.0,0.0,0.0,0.0,36.597,2.644,90.0,14.0,9,13500,5,1,1,False,0.795,0.0,359.69,0.0,False,False,0.0,False,0.0,False,False,False,0.021,0.055,0.54,0.0,0.0,0.0,0.0,0.0,0.0,14.0,12.0,1.2348,2,25023,0:25.023,81345,81345,12976.554,0,0,25336,0.2974,False,False,Soft (S),0,1.0,0,195.674,-0.248,-1110.834,0.662,0.063,True,0,0,1703.575,12976.554
1765362323,309.07,10955,1.0,0.0,1.0,0.021,8,84.497,0.948,-15.177,0.543,-1.091,85.845,-1.324,0.438,0.08,-1.742,0.023,-0.049,0.225,-0.05,-0.144,-0.053,71.1,74.6,78.7,74.8,94.3,99.5,0.0,27.93,5727.1,0.102,252.852,0.0,0.0,-0.0439,0.1827,0.0,14.0,0.0,0.0,0.0,78.4,73.4,69.4,73.7,90.0,99.5,0.0,27.25,3986.0,0.053,252.073,0.0,0.0,0.0545,0.1777,0.0,14.0,0.0,0.0,0.0,84.4,89.5,95.2,89.7,102.4,99.5,0.0,29.22,8251.0,0.219,255.227,0.0,0.0,-0.0524,0.1976,0.0,14.0,0.0,0.0,0.0,93.2,87.1,81.7,87.3,100.5,99.5,0.0,28.92,7312.9,0.106,254.653,0.0,0.0,0.0632,0.1899,0.0,14.0,0.0,0.0,0.0,36.597,2.645,90.0,14.0,9,13500,5,1,1,False,0.795,0.0,359.69,0.0,False,False,0.0,False,0.0,False,False,False,0.022,0.05,0.54,0.0,0.0,0.0,0.0,0.0,0.0,14.0,12.0,1.2348,2,25125,0:25.125,81345,81345,12985.256,0,0,25336,0.2989,False,False,Soft (S),0,1.0,0,204.023,-0.16,-1112.403,0.501,0.063,True,0,0,1712.277,12985.256
1765362323,309.33,10989,1.0,0.0,1.0,0.025,8,84.763,0.912,-14.059,0.447,-0.975,85.919,-1.12,-0.214,0.062,-1.729,0.022,-0.049,0.23,0.012,-0.133,-0.038,71.0,74.5,78.6,74.7,94.4,99.5,0.0,27.94,5324.3,0.115,252.903,0.0,0.0,-0.0467,0.1792,0.0,14.0,0.0,0.0,0.0,78.4,73.5,69.4,73.7,90.1,99.5,0.0,27.25,4530.1,0.054,252.229,0.0,0.0,0.0511,0.1766,0.0,14.0,0.0,0.0,0.0,84.4,89.5,95.1,89.7,102.5,99.5,0.0,29.23,6200.9,0.226,256.014,0.0,0.0,-0.055,0.1951,0.0,14.0,0.0,0.0,0.0,93.2,87.1,81.7,87.3,100.6,99.5,0.0,28.93,5740.0,0.136,255.476,0.0,0.0,0.0609,0.1884,0.0,14.0,0.0,0.0,0.0,36.597,2.645,90.0,14.0,9,13500,5,1,1,False,0.795,0.0,359.69,0.0,False,False,0.0,False,0.0,False,False,False,0.025,0.054,0.54,0.0,0.0,0.0,0.0,0.0,0.0,14.0,12.0,1.2348,2,25224,0:25.224,81345,81345,12993.792,0,0,25336,0.3004,False,False,Soft (S),0,1.0,0,212.655,-0.059,-1113.892,0.521,0.06,True,0,0,1720.813,12993.792
1765362323,309.65,10979,1.0,0.0,1.0,0.023,8,85.032,0.979,-12.931,0.399,-1.006,86.008,-1.124,0.251,0.077,-1.717,0.023,-0.044,0.227,0.014,-0.107,-0.02,70.9,74.4,78.5,74.6,94.4,99.5,0.0,27.95,5964.4,0.103,253.102,0.0,0.0,-0.046,0.1815,0.0,14.0,0.0,0.0,0.0,78.5,73.5,69.4,73.8,90.1,99.5,0.0,27.26,4501.9,0.05,252.569,0.0,0.0,0.0508,0.1769,0.0,14.0,0.0,0.0,0.0,84.4,89.5,95.1,89.7,102.5,99.5,0.0,29.25,7649.2,0.206,255.643,0.0,0.0,-0.0544,0.1972,0.0,14.0,0.0,0.0,0.0,93.2,87.1,81.7,87.3,100.6,99.5,0.0,28.94,6672.3,0.125,255.361,0.0,0.0,0.0607,0.1893,0.0,14.0,0.0,0.0,0.0,36.597,2.646,90.0,14.0,9,13500,5,1,1,False,0.795,0.0,359.69,0.0,False,False,0.0,False,0.0,False,False,False,0.022,0.051,0.54,0.0,0.0,0.0,0.0,0.0,0.0,14.0,12.0,1.2348,2,25326,0:25.326,81345,81345,13002.415,0,0,25336,0.3019,False,False,Soft (S),0,1.0,0,221.315,0.033,-1115.267,0.517,0.063,True,0,0,1729.436,13002.415
1765362323,309.95,10993,1.0,0.0,1.0,0.022,8,85.265,0.943,-11.908,0.372,-1.019,86.091,-1.001,-0.109,0.084,-1.705,0.023,-0.041,0.229,0.04,-0.103,-0.038,70.8,74.3,78.4,74.5,94.5,99.5,0.0,27.96,5169.6,0.105,253.282,0.0,0.0,-0.0479,0.1794,0.0,14.0,0.0,0.0,0.0,78.5,73.5,69.4,73.8,90.2,99.5,0.0,27.27,4013.2,0.045,252.767,0.0,0.0,0.0494,0.1758,0.0,14.0,0.0,0.0,0.0,84.4,89.4,95.1,89.6,102.6,99.5,0.0,29.26,7126.9,0.209,256.021,0.0,0.0,-0.0557,0.1958,0.0,14.0,0.0,0.0,0.0,93.2,87.0,81.7,87.3,100.7,99.5,0.0,28.95,6502.4,0.128,255.658,0.0,0.0,0.0583,0.1888,0.0,14.0,0.0,0.0,0.0,36.597,2.646,90.0,14.0,9,13500,5,1,1,False,0.795,0.0,359.69,0.0,False,False,0.0,False,0.0,False,False,False,0.026,0.052,0.54,0.0,0.0,0.0,0.0,0.0,0.0,14.0,12.0,1.2348,2,25428,0:25.428,81345,81345,13011.05,0,0,25336,0.3034,False,False,Soft (S),0,1.0,0,230.001,0.133,-1116.531,0.459,0.06,True,0,0,1738.071,13011.05
1765362323,310.23,11013,1.0,0.0,1.0,0.018,8,85.469,0.825,-10.987,0.374,-1.001,86.169,-0.953,-0.076,0.1,-1.694,0.021,-0.037,0.23,0.004,-0.108,-0.064,70.7,74.2,78.3,74.4,94.5,99.5,0.0,27.96,5381.0,0.099,253.599,0.0,0.0,-0.0489,0.179,0.0,14.0,0.0,0.0,0.0,78.5,73.5,69.4,73.8,90.2,99.5,0.0,27.28,4403.7,0.03,253.048,0.0,0.0,0.053,0.1767,0.0,14.0,0.0,0.0,0.0,84.3,89.4,95.0,89.6,102.7,99.5,0.0,29.27,6801.5,0.212,256.444,0.0,0.0,-0.0554,0.1944,0.0,14.0,0.0,0.0,0.0,93.1,87.0,81.6,87.3,100.7,99.5,0.0,28.96,6081.1,0.14,256.127,0.0,0.0,0.0615,0.1875,0.0,14.0,0.0,0.0,0.0,36.597,2.646,90.0,14.0,9,13500,5,1,1,False,0.796,0.0,359.69,0.0,False,False,0.0,False,0.0,False,False,False,0.024,0.054,0.54,0.0,0.0,0.0,0.0,0.0,0.0,14.0,12.0,1.2348,2,25524,0:25.524,81345,81345,13019.28,0,0,25336,0.3049,False,False,Soft (S),0,1.0,0,238.196,0.217,-1117.63,0.436,0.06,True,0,0,1746.301,13019.28
1765362323,310.55,11019,1.0,0.0,1.0,0.015,8,85.664,0.68,-10.141,0.347,-1.016,86.258,-0.82,-0.071,0.083,-1.684,0.02,-0.033,0.231,0.018,-0.082,-0.016,70.6,74.1,78.2,74.3,94.6,99.5,0.0,27.97,5227.2,0.089,253.777,0.0,0.0,-0.0476,0.1789,0.0,14.0,0.0,0.0,0.0,78.4,73.5,69.4,73.8,90.3,99.5,0.0,27.29,4221.2,0.019,253.356,0.0,0.0,0.0532,0.1753,0.0,14.0,0.0,0.0,0.0,84.2,89.3,95.0,89.5,102.7,99.5,0.0,29.28,6978.8,0.205,256.531,0.0,0.0,-0.0554,0.1934,0.0,14.0,0.0,0.0,0.0,93.1,87.0,81.6,87.2,100.8,99.5,0.0,28.97,6292.9,0.138,256.328,0.0,0.0,0.0607,0.1876,0.0,14.0,0.0,0.0,0.0,36.597,2.646,90.0,14.0,9,13500,5,1,1,False,0.796,0.0,359.69,0.0,False,False,0.0,False,0.0,False,False,False,0.026,0.055,0.54,0.0,0.0,0.0,0.0,0.0,0.0,14.0,12.0,1.2348,2,25629,0:25.629,81345,81345,13028.896,0,0,25336,0.3064,False,False,Soft (S),0,1.0,0,247.18,0.296,-1118.738,0.374,0.06,True,0,0,1755.917,13028.896
1765362323,310.88,11025,1.0,0.0,1.0,0.013,8,85.84,0.712,-9.382,0.272,-1.013,86.348,-0.721,0.185,0.083,-1.676,0.02,-0.031,0.228,-0.001,-0.072,-0.023,70.5,74.0,78.1,74.2,94.6,99.5,0.0,27.98,5604.2,0.082,254.046,0.0,0.0,-0.0515,0.1802,0.0,14.0,0.0,0.0,0.0,78.5,73.5,69.4,73.8,90.4,99.5,0.0,27.3,4980.7,0.011,253.685,0.0,0.0,0.0532,0.1776,0.0,14.0,0.0,0.0,0.0,84.2,89.2,94.9,89.4,102.8,99.5,0.0,29.29,7253.8,0.197,256.686,0.0,0.0,-0.0572,0.1944,0.0,14.0,0.0,0.0,0.0,93.1,87.0,81.6,87.2,100.9,99.5,0.0,28.98,6831.2,0.14,256.445,0.0,0.0,0.0614,0.1897,0.0,14.0,0.0,0.0,0.0,36.597,2.647,90.0,14.0,9,13500,5,1,1,False,0.796,0.0,359.69,0.0,False,False,0.0,False,0.0,False,False,False,0.023,0.053,0.54,0.0,0.0,0.0,0.0,0.0,0.0,14.0,12.0,1.2348,2,25725,0:25.725,81345,81345,13037.095,0,0,25336,0.3079,False,False,Soft (S),0,1.0,0,255.412,0.36,-1119.675,0.355,0.06,True,0,0,1764.116,13037.095
1765362323,311.17,11038,1.0,0.0,1.0,0.013,8,85.99,0.82,-8.745,0.247,-1.012,86.431,-0.606,-0.01,0.106,-1.669,0.021,-0.026,0.229,0.002,-0.068,-0.071,70.4,73.9,78.0,74.1,94.6,99.5,0.0,27.98,4757.3,0.074,254.255,0.0,0.0,-0.0501,0.1798,0.0,14.0,0.0,0.0,0.0,78.5,73.5,69.4,73.8,90.4,99.5,0.0,27.31,4169.2,0.013,253.916,0.0,0.0,0.0524,0.1785,0.0,14.0,0.0,0.0,0.0,84.1,89.2,94.9,89.4,102.9,99.5,0.0,29.3,7281.9,0.192,256.936,0.0,0.0,-0.0569,0.1952,0.0,14.0,0.0,0.0,0.0,93.1,87.0,81.6,87.2,100.9,99.5,0.0,28.99,6493.4,0.15,256.842,0.0,0.0,0.062,0.1901,0.0,14.0,0.0,0.0,0.0,36.597,2.647,90.0,14.0,9,13500,5,1,1,False,0.796,0.0,359.69,0.0,False,False,0.0,False,0.0,False,False,False,0.023,0.052,0.54,0.0,0.0,0.0,0.0,0.0,0.0,14.0,12.0,1.2348,2,25833,0:25.833,81345,81345,13046.4,0,0,25336,0.3095,False,False,Soft (S),0,1.0,0,264.691,0.444,-1120.653,0.298,0.06,True,0,0,1773.421,13046.4
1765362323,311.49,11057,1.0,0.0,1.0,0.015,8,86.139,0.562,-8.131,0.268,-1.016,86.518,-0.719,-0.015,0.08,-1.662,0.018,-0.022,0.231,0.018,-0.073,-0.023,70.3,73.8,77.8,74.0,94.7,99.5,0.0,27.98,5518.9,0.086,254.5,0.0,0.0,-0.0504,0.1778,0.0,14.0,0.0,0.0,0.0,78.5,73.5,69.4,73.8,90.5,99.5,0.0,27.31,4987.2,0.008,254.185,0.0,0.0,0.0525,0.1761,0.0,14.0,0.0,0.0,0.0,84.0,89.1,94.8,89.3,102.9,99.5,0.0,29.3,6705.4,0.205,257.33,0.0,0.0,-0.0582,0.1922,0.0,14.0,0.0,0.0,0.0,93.0,86.9,81.5,87.2,101.0,99.5,0.0,29.0,5995.6,0.149,257.33,0.0,0.0,0.0602,0.1876,0.0,14.0,0.0,0.0,0.0,36.597,2.647,90.0,14.0,9,13500,5,1,1,False,0.796,0.0,359.69,0.0,False,False,0.0,False,0.0,False,False,False,0.025,0.056,0.54,0.0,0.0,0.0,0.0,0.0,0.0,14.0,12.0,1.2348,2,25932,0:25.932,81345,81345,13054.47,0,0,25336,0.311,False,False,Soft (S),0,1.0,0,273.212,0.512,-1121.487,0.353,0.063,True,0,0,1781.491,13054.47
1765362323,311.77,11084,1.0,0.0,1.0,0.017,8,86.281,0.633,-7.425,0.235,-0.927,86.597,-0.699,-0.28,0.046,-1.654,0.018,-0.02,0.23,0.022,-0.086,-0.011,70.2,73.7,77.8,73.9,94.7,99.5,0.0,27.99,5832.8,0.09,254.754,0.0,0.0,-0.0526,0.18,0.0,14.0,0.0,0.0,0.0,78.5,73.5,69.4,73.8,90.5,99.5,0.0,27.32,4907.2,0.016,254.334,0.0,0.0,0.0534,0.1775,0.0,14.0,0.0,0.0,0.0,84.0,89.0,94.7,89.2,103.0,99.5,0.0,29.31,5664.4,0.219,258.124,0.0,0.0,-0.0612,0.1949,0.0,14.0,0.0,0.0,0.0,93.0,86.9,81.5,87.1,101.0,99.5,0.0,29.01,5453.6,0.162,257.784,0.0,0.0,0.0614,0.1903,0.0,14.0,0.0,0.0,0.0,36.597,2.647,90.0,14.0,9,13500,5,1,1,False,0.796,0.0,359.69,0.0,False,False,0.0,False,0.0,False,False,False,0.022,0.055,0.54,0.0,0.0,0.0,0.0,0.0,0.0,14.0,12.0,1.2348,2,26034,0:26.034,81345,81345,13063.725,0,0,25336,0.3125,False,False,Soft (S),0,1.0,0,282.006,0.576,-1122.279,0.401,0.06,True,0,0,1790.746,13063.725
1765362324,312.09,11066,1.0,0.0,1.0,0.012,8,86.425,0.675,-6.74,0.263,-1.058,86.684,-0.721,0.113,0.129,-1.645,0.02,-0.016,0.227,-0.053,-0.087,-0.039,70.2,73.6,77.7,73.8,94.7,99.5,0.0,28.0,5686.6,0.075,255.173,0.0,0.0,-0.0516,0.1822,0.0,14.0,0.0,0.0,0.0,78.5,73.5,69.5,73.8,90.6,99.5,0.0,27.34,4328.0,0.01,254.655,0.0,0.0,0.0551,0.1789,0.0,14.0,0.0,0.0,0.0,83.9,89.0,94.7,89.2,103.0,99.5,0.0,29.32,7827.2,0.195,257.669,0.0,0.0,-0.0564,0.1948,0.0,14.0,0.0,0.0,0.0,93.0,86.9,81.5,87.1,101.1,99.5,0.0,29.02,7185.6,0.141,257.381,0.0,0.0,0.0612,0.1899,0.0,14.0,0.0,0.0,0.0,36.597,2.647,90.0,14.0,9,13500,5,1,1,False,0.797,0.0,359.69,0.0,False,False,0.0,False,0.0,False,False,False,0.021,0.053,0.54,0.0,0.0,0.0,0.0,0.0,0.0,14.0,12.0,1.2348,2,26133,0:26.133,81345,81345,13071.653,0,0,25336,0.314,False,False,Soft (S),0,1.0,0,290.556,0.637,-1122.98,0.334,0.06,True,0,0,1798.674,13071.653
1765362324,312.3,11137,1.0,0.0,1.0,0.011,8,86.535,0.36,-6.114,0.261,-0.953,86.746,-0.714,-0.338,0.109,-1.638,0.015,-0.017,0.233,-0.072,-0.108,-0.034,70.0,73.5,77.5,73.7,94.8,99.5,0.0,28.0,6174.0,0.08,255.44,0.0,0.0,-0.0497,0.1797,0.0,14.0,0.0,0.0,0.0,78.4,73.5,69.4,73.8,90.6,99.5,0.0,27.34,5416.6,0.008,254.89,0.0,0.0,0.0525,0.1782,0.0,14.0,0.0,0.0,0.0,83.8,88.9,94.5,89.1,103.1,99.5,0.0,29.33,5559.4,0.23,259.19,0.0,0.0,-0.0554,0.1874,0.0,14.0,0.0,0.0,0.0,92.9,86.8,81.4,87.0,101.1,99.5,0.0,29.02,4593.5,0.187,259.19,0.0,0.0,0.0571,0.186,0.0,14.0,0.0,0.0,0.0,36.597,2.648,90.0,14.0,9,13500,5,1,1,False,0.797,0.0,359.69,0.0,False,False,0.0,False,0.0,False,False,False,0.022,0.064,0.54,0.0,0.0,0.0,0.0,0.0,0.0,14.0,12.0,1.2348,2,26232,0:26.232,81345,81345,13081.056,0,0,25336,0.3155,False,False,Soft (S),0,1.0,0,299.118,0.697,-1123.615,0.36,0.06,True,0,0,1808.077,13081.056
1765362324,312.67,11120,1.0,0.0,1.0,0.012,8,86.68,0.536,-5.443,0.194,-0.849,86.848,-0.571,-0.172,0.017,-1.631,0.016,-0.015,0.228,0.058,-0.072,-0.022,70.0,73.4,77.5,73.6,94.8,99.5,0.0,28.01,6800.3,0.077,255.464,0.0,0.0,-0.0496,0.1809,0.0,14.0,0.0,0.0,0.0,78.5,73.5,69.4,73.8,90.7,99.5,0.0,27.35,6013.9,0.007,255.082,0.0,0.0,0.053,0.1788,0.0,14.0,0.0,0.0,0.0,83.8,88.8,94.5,89.0,103.1,99.5,0.0,29.34,5180.8,0.214,258.992,0.0,0.0,-0.0591,0.1962,0.0,14.0,0.0,0.0,0.0,92.9,86.8,81.4,87.0,101.2,99.5,0.0,29.04,5314.2,0.17,258.599,0.0,0.0,0.0613,0.1917,0.0,14.0,0.0,0.0,0.0,36.597,2.648,90.0,14.0,9,13500,5,1,1,False,0.797,0.0,359.69,0.0,False,False,0.0,False,0.0,False,False,False,0.02,0.053,0.54,0.0,0.0,0.0,0.0,0.0,0.0,14.0,12.0,1.2348,2,26337,0:26.337,81345,81345,13089.982,0,0,25336,0.3171,False,False,Soft (S),0,1.0,0,308.213,0.748,-1124.221,0.375,0.06,True,0,0,1817.003,13089.982
1765362324,312.98,11111,1.0,0.0,1.0,0.01,8,86.796,0.644,-4.952,0.133,-0.968,86.934,-0.433,-0.027,0.048,-1.626,0.019,-0.019,0.227,0.034,-0.037,0.06,69.9,73.4,77.4,73.6,94.8,99.5,0.0,28.01,5657.0,0.066,255.586,0.0,0.0,-0.0511,0.1807,0.0,14.0,0.0,0.0,0.0,78.5,73.5,69.4,73.8,90.8,99.5,0.0,27.36,5501.7,0.004,255.449,0.0,0.0,0.052,0.1792,0.0,14.0,0.0,0.0,0.0,83.7,88.8,94.4,89.0,103.2,99.5,0.0,29.35,5996.1,0.196,258.704,0.0,0.0,-0.0611,0.1958,0.0,14.0,0.0,0.0,0.0,92.9,86.8,81.4,87.0,101.3,99.5,0.0,29.05,6134.8,0.16,258.47,0.0,0.0,0.0613,0.1946,0.0,14.0,0.0,0.0,0.0,36.597,2.648,90.0,14.0,9,13500,5,1,1,False,0.797,0.0,359.69,0.0,False,False,0.0,False,0.0,False,False,False,0.021,0.052,0.54,0.0,0.0,0.0,0.0,0.0,0.0,14.0,12.0,1.2348,2,26439,0:26.439,81345,81345,13098.908,0,0,25336,0.3186,False,False,Soft (S),0,1.0,0,317.061,0.807,-1124.75,0.287,0.06,True,0,0,1825.929,13098.908
1765362324,313.29,11127,1.0,0.0,1.0,0.004,8,86.899,0.56,-4.633,0.091,-0.955,87.019,-0.245,-0.454,0.035,-1.623,0.017,-0.02,0.232,0.088,-0.014,-0.006,69.8,73.3,77.3,73.5,94.8,99.5,0.0,28.02,4498.4,0.052,255.683,0.0,0.0,-0.0505,0.1768,0.0,14.0,0.0,0.0,0.0,78.4,73.5,69.4,73.8,90.8,99.5,0.0,27.37,4292.3,0.014,255.621,0.0,0.0,0.0479,0.1767,0.0,14.0,0.0,0.0,0.0,83.6,88.7,94.4,88.9,103.2,99.5,0.0,29.36,5749.7,0.187,258.944,0.0,0.0,-0.0587,0.1931,0.0,14.0,0.0,0.0,0.0,92.9,86.8,81.4,87.0,101.3,99.5,0.0,29.06,5521.1,0.173,258.944,0.0,0.0,0.06,0.1918,0.0,14.0,0.0,0.0,0.0,36.597,2.648,90.0,14.0,9,13500,5,1,1,False,0.797,0.0,359.69,0.0,False,False,0.0,False,0.0,False,False,False,0.027,0.054,0.54,0.0,0.0,0.0,0.0,0.0,0.0,14.0,12.0,1.2348,2,26538,0:26.538,81345,81345,13107.629,0,0,25336,0.3201,False,False,Soft (S),0,1.0,0,325.659,0.869,-1125.223,0.151,0.06,True,0,0,1834.65,13107.629
1765362324,313.61,11118,1.0,0.0,1.0,-0.001,8,86.998,0.419,-4.473,0.011,-1.065,87.108,-0.093,0.184,0.081,-1.622,0.017,-0.019,0.229,-0.002,0.003,-0.015,69.7,73.2,77.2,73.4,94.9,99.5,0.0,28.02,4894.1,0.029,256.105,0.0,0.0,-0.0497,0.1791,0.0,14.0,0.0,0.0,0.0,78.4,73.5,69.4,73.8,90.9,99.5,0.0,27.38,4747.0,0.025,256.067,0.0,0.0,0.0474,0.1788,0.0,14.0,0.0,0.0,0.0,83.5,88.6,94.2,88.8,103.3,99.5,0.0,29.37,7143.3,0.164,258.741,0.0,0.0,-0.0584,0.1926,0.0,14.0,0.0,0.0,0.0,92.8,86.7,81.3,86.9,101.4,99.5,0.0,29.06,7125.8,0.157,258.741,0.0,0.0,0.0554,0.1914,0.0,14.0,0.0,0.0,0.0,36.597,2.648,90.0,14.0,9,13500,5,1,1,False,0.797,0.0,359.69,0.0,False,False,0.0,False,0.0,False,False,False,0.023,0.053,0.54,0.0,0.0,0.0,0.0,0.0,0.0,14.0,12.0,1.2348,2,26646,0:26.646,81345,81345,13116.776,0,0,25336,0.3218,False,False,Soft (S),0,1.0,0,335.049,0.914,-1125.714,0.029,0.06,True,0,0,1843.797,13116.776
1765362324,313.92,11123,1.0,0.0,1.0,-0.002,8,87.084,0.336,-4.499,-0.061,-1.134,87.193,0.084,0.157,0.121,-1.623,0.017,-0.019,0.228,-0.05,0.015,0.001,69.7,73.1,77.1,73.3,94.9,99.5,0.0,28.02,4791.6,0.019,256.38,0.0,0.0,-0.0496,0.1793,0.0,14.0,0.0,0.0,0.0,78.4,73.4,69.4,73.7,91.0,99.5,0.0,27.39,4909.1,0.035,256.427,0.0,0.0,0.0483,0.1794,0.0,14.0,0.0,0.0,0.0,83.4,88.5,94.1,88.7,103.3,99.5,0.0,29.37,7862.2,0.154,258.851,0.0,0.0,-0.0581,0.1914,0.0,14.0,0.0,0.0,0.0,92.8,86.7,81.3,86.9,101.5,99.5,0.0,29.07,7963.7,0.161,258.851,0.0,0.0,0.0547,0.1922,0.0,14.0,0.0,0.0,0.0,36.597,2.648,90.0,14.0,9,13500,5,1,1,False,0.798,0.0,359.69,0.0,False,False,0.0,False,0.0,False,False,False,0.023,0.054,0.54,0.0,0.0,0.0,0.0,0.0,0.0,14.0,12.0,1.2348,2,26745,0:26.745,81345,81345,13125.506,0,0,25336,0.3233,False,False,Soft (S),0,1.0,0,343.666,0.95,-1126.156,-0.087,0.06,True,0,0,1852.527,13125.506
1765362324,314.2,11136,1.0,0.0,1.0,-0.002,8,87.154,0.522,-4.611,-0.07,-1.085,87.27,0.13,0.443,0.126,-1.624,0.018,-0.019,0.224,-0.115,0.012,-0.012,69.6,73.1,77.1,73.3,94.9,99.5,0.0,28.03,5591.9,0.014,256.712,0.0,0.0,-0.0512,0.1828,0.0,14.0,0.0,0.0,0.0,78.4,73.5,69.4,73.8,91.0,99.5,0.0,27.41,5902.4,0.031,256.76,0.0,0.0,0.0498,0.1836,0.0,14.0,0.0,0.0,0.0,83.4,88.4,94.1,88.6,103.4,99.5,0.0,29.38,7865.3,0.154,259.167,0.0,0.0,-0.0587,0.1925,0.0,14.0,0.0,0.0,0.0,92.8,86.6,81.3,86.9,101.5,99.5,0.0,29.08,8120.7,0.166,259.167,0.0,0.0,0.0572,0.1937,0.0,14.0,0.0,0.0,0.0,36.597,2.648,90.0,14.0,9,13500,5,1,1,False,0.798,0.0,359.69,0.0,False,False,0.0,False,0.0,False,False,False,0.016,0.052,0.54,0.0,0.0,0.0,0.0,0.0,0.0,14.0,12.0,1.2348,2,26844,0:26.844,81345,81345,13134.21,0,0,25336,0.3248,False,False,Soft (S),0,1.0,0,352.291,0.992,-1126.607,-0.101,0.06,True,0,0,1861.231,13134.21
1765362324,314.42,11212,1.0,0.0,1.0,-0.001,8,87.211,0.478,-4.705,-0.048,-0.858,87.335,0.048,-0.662,0.018,-1.625,0.015,-0.019,0.233,0.025,0.012,0.025,69.6,73.0,77.0,73.2,94.9,99.5,0.0,28.03,5343.9,0.026,256.661,0.0,0.0,-0.0485,0.1782,0.0,14.0,0.0,0.0,0.0,78.4,73.4,69.4,73.7,91.1,99.5,0.0,27.42,5610.4,0.04,256.722,0.0,0.0,0.0499,0.178,0.0,14.0,0.0,0.0,0.0,83.3,88.3,94.0,88.5,103.4,99.5,0.0,29.39,4700.6,0.199,260.793,0.0,0.0,-0.0563,0.1891,0.0,14.0,0.0,0.0,0.0,92.7,86.6,81.2,86.8,101.6,99.5,0.0,29.09,4228.9,0.209,261.061,0.0,0.0,0.0566,0.191,0.0,14.0,0.0,0.0,0.0,36.597,2.649,90.0,14.0,9,13500,5,1,1,False,0.798,0.0,359.69,0.0,False,False,0.0,False,0.0,False,False,False,0.023,0.061,0.54,0.0,0.0,0.0,0.0,0.0,0.0,14.0,12.0,1.2348,2,26946,0:26.946,81345,81345,13143.24,0,0,25336,0.3263,False,False,Soft (S),0,1.0,0,361.185,1.056,-1127.083,-0.087,0.06,True,0,0,1870.261,13143.24
1765362324,314.79,11163,1.0,0.0,1.0,0.0,8,87.311,0.607,-4.745,-0.025,-0.979,87.436,0.001,0.085,0.027,-1.625,0.018,-0.019,0.226,0.088,-0.003,-0.021,69.5,73.0,77.0,73.1,94.9,99.5,0.0,28.03,5722.8,0.026,256.915,0.0,0.0,-0.0478,0.1786,0.0,14.0,0.0,0.0,0.0,78.3,73.4,69.4,73.7,91.2,99.5,0.0,27.43,6037.6,0.034,256.877,0.0,0.0,0.0502,0.1796,0.0,14.0,0.0,0.0,0.0,83.2,88.3,93.9,88.5,103.5,99.5,0.0,29.4,6462.5,0.167,259.792,0.0,0.0,-0.0598,0.1956,0.0,14.0,0.0,0.0,0.0,92.7,86.6,81.2,86.8,101.7,99.5,0.0,29.11,6255.1,0.174,259.792,0.0,0.0,0.0615,0.1967,0.0,14.0,0.0,0.0,0.0,36.597,2.649,90.0,14.0,9,13500,5,1,1,False,0.798,0.0,359.69,0.0,False,False,0.0,False,0.0,False,False,False,0.023,0.049,0.54,0.0,0.0,0.0,0.0,0.0,0.0,14.0,12.0,1.2348,2,27045,0:27.045,81345,81345,13151.762,0,0,25336,0.3278,False,False,Soft (S),0,1.0,0,369.825,1.105,-1127.551,-0.065,0.06,True,0,0,1878.783,13151.762
1765362325,315.02,11204,1.0,0.0,1.0,0.001,8,87.376,0.581,-4.731,-0.008,-0.916,87.501,-0.028,-0.595,-0.004,-1.625,0.017,-0.019,0.231,0.101,-0.004,0.002,69.4,72.9,76.9,73.1,95.0,99.5,0.0,28.03,4581.4,0.034,257.05,0.0,0.0,-0.0506,0.1777,0.0,14.0,0.0,0.0,0.0,78.3,73.4,69.4,73.7,91.2,99.5,0.0,27.44,4507.4,0.033,257.004,0.0,0.0,0.051,0.1775,0.0,14.0,0.0,0.0,0.0,83.1,88.2,93.8,88.4,103.5,99.5,0.0,29.41,4877.6,0.19,260.732,0.0,0.0,-0.0605,0.1937,0.0,14.0,0.0,0.0,0.0,92.7,86.5,81.2,86.8,101.7,99.5,0.0,29.12,4875.4,0.19,260.732,0.0,0.0,0.06,0.1941,0.0,14.0,0.0,0.0,0.0,36.597,2.649,90.0,14.0,9,13500,5,1,1,False,0.798,0.0,359.69,0.0,False,False,0.0,False,0.0,False,False,False,0.025,0.055,0.54,0.0,0.0,0.0,0.0,0.0,0.0,14.0,12.0,1.2348,2,27147,0:27.147,81345,81345,13160.532,0,0,25336,0.3294,False,False,Soft (S),0,1.0,0,378.734,1.168,-1128.035,0.009,0.06,True,0,0,1887.553,13160.532
1765362325,315.34,11169,1.0,0.0,1.0,0.0,8,87.468,0.555,-4.68,0.003,-1.09,87.589,-0.031,0.39,0.067,-1.624,0.019,-0.018,0.225,0.053,-0.005,0.015,69.4,72.8,76.8,73.0,95.0,99.5,0.0,28.04,5685.0,0.031,257.424,0.0,0.0,-0.0506,0.1799,0.0,14.0,0.0,0.0,0.0,78.3,73.4,69.4,73.7,91.3,99.5,0.0,27.45,5602.4,0.035,257.373,0.0,0.0,0.0524,0.179,0.0,14.0,0.0,0.0,0.0,83.0,88.1,93.7,88.3,103.6,99.5,0.0,29.41,7384.5,0.169,259.928,0.0,0.0,-0.0623,0.196,0.0,14.0,0.0,0.0,0.0,92.6,86.5,81.1,86.8,101.8,99.5,0.0,29.13,7692.4,0.164,259.928,0.0,0.0,0.0619,0.1966,0.0,14.0,0.0,0.0,0.0,36.597,2.649,90.0,14.0,9,13500,5,1,1,False,0.798,0.0,359.69,0.0,False,False,0.0,False,0.0,False,False,False,0.022,0.049,0.54,0.0,0.0,0.0,0.0,0.0,0.0,14.0,12.0,1.2348,2,27249,0:27.249,81345,81345,13169.688,0,0,25336,0.331,False,False,Soft (S),0,1.0,0,387.651,1.216,-1128.515,-0.03,0.063,True,0,0,1896.709,13169.688
1765362325,315.6,11192,1.0,0.0,1.0,0.001,8,87.541,0.712,-4.615,-0.009,-0.986,87.66,-0.112,-0.381,0.038,-1.623,0.019,-0.019,0.229,0.103,-0.012,-0.047,69.3,72.8,76.8,73.0,95.0,99.5,0.0,28.04,4172.1,0.036,257.524,0.0,0.0,-0.0526,0.1774,0.0,14.0,0.0,0.0,0.0,78.3,73.4,69.4,73.7,91.4,99.5,0.0,27.46,4207.9,0.012,257.452,0.0,0.0,0.0412,0.1795,0.0,14.0,0.0,0.0,0.0,82.9,88.0,93.7,88.2,103.6,99.5,0.0,29.42,6452.3,0.171,260.451,0.0,0.0,-0.0608,0.1957,0.0,14.0,0.0,0.0,0.0,92.6,86.5,81.1,86.7,101.9,99.5,0.0,29.14,6138.2,0.173,260.451,0.0,0.0,0.0613,0.1954,0.0,14.0,0.0,0.0,0.0,36.597,2.649,90.0,14.0,9,13500,5,1,1,False,0.798,0.0,359.69,0.0,False,False,0.0,False,0.0,False,False,False,0.025,0.047,0.54,0.0,0.0,0.0,0.0,0.0,0.0,14.0,12.0,1.2348,2,27342,0:27.342,81345,81345,13177.684,0,0,25336,0.3324,False,False,Soft (S),0,1.0,0,395.788,1.277,-1128.948,0.095,0.06,True,0,0,1904.705,13177.684
1765362325,315.85,11203,1.0,0.0,1.0,-0.001,8,87.618,0.562,-4.538,-0.023,-1.047,87.731,-0.101,-0.197,0.034,-1.623,0.018,-0.013,0.229,0.06,0.007,-0.02,69.3,72.7,76.7,72.9,95.0,99.5,0.0,28.04,4896.9,0.023,257.77,0.0,0.0,-0.0485,0.1784,0.0,14.0,0.0,0.0,0.0,78.3,73.4,69.3,73.7,91.4,99.5,0.0,27.47,4771.9,0.018,257.795,0.0,0.0,0.0402,0.1779,0.0,14.0,0.0,0.0,0.0,82.8,87.9,93.5,88.1,103.7,99.5,0.0,29.43,6493.6,0.165,260.673,0.0,0.0,-0.0585,0.1949,0.0,14.0,0.0,0.0,0.0,92.5,86.4,81.1,86.7,101.9,99.5,0.0,29.14,6143.6,0.154,260.765,0.0,0.0,0.0489,0.1928,0.0,14.0,0.0,0.0,0.0,36.597,2.649,90.0,14.0,9,13500,5,1,1,False,0.799,0.0,359.69,0.0,False,False,0.0,False,0.0,False,False,False,0.024,0.051,0.54,0.0,0.0,0.0,0.0,0.0,0.0,14.0,12.0,1.2348,2,27450,0:27.450,81345,81345,13187.234,0,0,25336,0.334,False,False,Soft (S),0,1.0,0,405.245,1.341,-1129.442,0.028,0.06,True,0,0,1914.255,13187.234
1765362325,316.13,11193,1.0,0.0,1.0,-0.001,8,87.697,0.44,-4.54,-0.1,-1.246,87.806,0.065,0.608,0.104,-1.624,0.019,-0.011,0.224,-0.101,0.001,-0.036,69.2,72.6,76.6,72.8,95.0,99.5,0.0,28.05,4976.7,0.011,258.277,0.0,0.0,-0.0496,0.1812,0.0,14.0,0.0,0.0,0.0,78.2,73.3,69.3,73.6,91.5,99.5,0.0,27.48,5525.1,0.015,258.271,0.0,0.0,0.0411,0.1831,0.0,14.0,0.0,0.0,0.0,82.7,87.8,93.4,88.0,103.7,99.5,0.0,29.43,8919.2,0.145,260.476,0.0,0.0,-0.0586,0.1953,0.0,14.0,0.0,0.0,0.0,92.5,86.4,81.0,86.6,102.0,99.5,0.0,29.15,8776.1,0.156,260.476,0.0,0.0,0.0538,0.1946,0.0,14.0,0.0,0.0,0.0,36.597,2.649,90.0,14.0,9,13500,5,1,1,False,0.799,0.0,359.69,0.0,False,False,0.0,False,0.0,False,False,False,0.019,0.05,0.54,0.0,0.0,0.0,0.0,0.0,0.0,14.0,12.0,1.2348,2,27552,0:27.552,81345,81345,13196.02,0,0,25336,0.3356,False,False,Soft (S),0,1.0,0,414.186,1.384,-1129.904,-0.038,0.06,True,0,0,1923.041,13196.02
1765362325,316.39,11219,1.0,0.0,1.0,-0.001,8,87.762,0.456,-4.641,-0.09,-1.092,87.879,0.139,-0.185,0.14,-1.625,0.018,-0.007,0.229,-0.044,0.019,-0.026,69.1,72.6,76.6,72.8,95.1,99.5,0.0,28.05,4144.9,0.015,258.315,0.0,0.0,-0.0486,0.1787,0.0,14.0,0.0,0.0,0.0,78.2,73.3,69.3,73.6,91.6,99.5,0.0,27.49,4517.0,0.027,258.402,0.0,0.0,0.0445,0.1803,0.0,14.0,0.0,0.0,0.0,82.7,87.7,93.3,87.9,103.8,99.5,0.0,29.44,7024.7,0.153,261.1,0.0,0.0,-0.0555,0.1931,0.0,14.0,0.0,0.0,0.0,92.4,86.3,81.0,86.6,102.0,99.5,0.0,29.16,7272.3,0.167,261.1,0.0,0.0,0.0529,0.1923,0.0,14.0,0.0,0.0,0.0,36.597,2.649,90.0,14.0,9,13500,5,1,1,False,0.799,0.0,359.69,0.0,False,False,0.0,False,0.0,False,False,False,0.023,0.053,0.54,0.0,0.0,0.0,0.0,0.0,0.0,14.0,12.0,1.2348,2,27660,0:27.660,81345,81345,13205.42,0,0,25336,0.3372,False,False,Soft (S),0,1.0,0,423.66,1.442,-1130.398,-0.067,0.063,True,0,0,1932.441,13205.42
1765362325,316.66,11230,1.0,0.0,1.0,-0.003,8,87.829,0.242,-4.797,-0.06,-1.077,87.953,0.179,-0.178,0.129,-1.626,0.015,-0.004,0.232,-0.012,0.023,0.031,69.1,72.5,76.5,72.7,95.1,99.5,0.0,28.05,4201.8,0.011,258.477,0.0,0.0,-0.0469,0.1788,0.0,14.0,0.0,0.0,0.0,78.1,73.3,69.3,73.6,91.6,99.5,0.0,27.5,4205.6,0.042,258.585,0.0,0.0,0.0488,0.1775,0.0,14.0,0.0,0.0,0.0,82.5,87.6,93.2,87.8,103.8,99.5,0.0,29.45,6898.5,0.157,261.342,0.0,0.0,-0.0543,0.1903,0.0,14.0,0.0,0.0,0.0,92.3,86.3,80.9,86.5,102.1,99.5,0.0,29.17,7151.5,0.168,261.342,0.0,0.0,0.0537,0.1911,0.0,14.0,0.0,0.0,0.0,36.597,2.649,90.0,14.0,9,13500,5,1,1,False,0.799,0.0,359.69,0.0,False,False,0.0,False,0.0,False,False,False,0.025,0.058,0.54,0.0,0.0,0.0,0.0,0.0,0.0,14.0,12.0,1.2348,2,27762,0:27.762,81345,81345,13213.707,0,0,25336,0.3388,False,False,Soft (S),0,1.0,0,432.616,1.48,-1130.879,-0.127,0.06,True,0,0,1940.728,13213.707
1765362325,316.96,11233,1.0,0.0,1.0,-0.002,8,87.904,0.233,-4.951,-0.043,-1.0,88.038,0.111,-0.231,0.055,-1.628,0.014,-0.001,0.231,0.121,0.016,0.018,69.0,72.4,76.4,72.6,95.1,99.5,0.0,28.05,4430.6,0.021,258.526,0.0,0.0,-0.0498,0.1779,0.0,14.0,0.0,0.0,0.0,78.1,73.2,69.2,73.5,91.7,99.5,0.0,27.51,4610.2,0.047,258.583,0.0,0.0,0.0499,0.1761,0.0,14.0,0.0,0.0,0.0,82.5,87.5,93.1,87.7,103.8,99.5,0.0,29.45,6670.6,0.156,261.342,0.0,0.0,-0.0566,0.194,0.0,14.0,0.0,0.0,0.0,92.3,86.2,80.9,86.5,102.1,99.5,0.0,29.18,6376.9,0.174,261.511,0.0,0.0,0.0589,0.1946,0.0,14.0,0.0,0.0,0.0,36.597,2.649,90.0,14.0,9,13500,5,1,1,False,0.799,0.0,359.69,0.0,False,False,0.0,False,0.0,False,False,False,0.028,0.052,0.54,0.0,0.0,0.0,0.0,0.0,0.0,14.0,12.0,1.2348,2,27867,0:27.867,81345,81345,13223.701,0,0,25336,0.3404,False,False,Soft (S),0,1.0,0,441.841,1.506,-1131.391,-0.11,0.06,True,0,0,1950.722,13223.701
1765362325,317.19,11236,1.0,0.0,1.0,-0.003,8,87.965,0.402,-5.029,0.031,-1.116,88.102,0.068,0.259,0.061,-1.628,0.017,0.006,0.224,0.013,0.002,-0.09,68.9,72.4,76.4,72.6,95.1,99.5,0.0,28.05,4949.0,0.016,258.935,0.0,0.0,-0.052,0.1814,0.0,14.0,0.0,0.0,0.0,78.1,73.3,69.3,73.5,91.8,99.5,0.0,27.53,5024.8,0.036,258.911,0.0,0.0,0.0515,0.1819,0.0,14.0,0.0,0.0,0.0,82.4,87.4,93.1,87.6,103.9,99.5,0.0,29.46,8030.2,0.157,261.4,0.0,0.0,-0.058,0.1984,0.0,14.0,0.0,0.0,0.0,92.3,86.2,80.8,86.4,102.2,99.5,0.0,29.19,7287.2,0.167,261.55,0.0,0.0,0.0626,0.198,0.0,14.0,0.0,0.0,0.0,36.597,2.649,90.0,14.0,9,13500,5,1,1,False,0.799,0.0,359.69,0.0,False,False,0.0,False,0.0,False,False,False,0.019,0.045,0.54,0.0,0.0,0.0,0.0,0.0,0.0,14.0,12.0,1.2348,2,27969,0:27.969,81345,81345,13232.763,0,0,25336,0.342,False,False,Soft (S),0,1.0,0,450.809,1.529,-1131.9,-0.103,0.06,True,0,0,1959.784,13232.763
1765362325,317.41,11273,1.0,0.0,1.0,0.001,8,88.025,0.006,-5.042,0.007,-1.02,88.164,0.013,-0.09,0.056,-1.628,0.012,0.008,0.232,0.003,0.001,0.024,68.8,72.3,76.2,72.5,95.1,99.5,0.0,28.06,5313.1,0.038,259.123,0.0,0.0,-0.051,0.1775,0.0,14.0,0.0,0.0,0.0,78.0,73.2,69.2,73.5,91.8,99.5,0.0,27.53,5337.9,0.036,259.228,0.0,0.0,0.05,0.1781,0.0,14.0,0.0,0.0,0.0,82.3,87.3,92.9,87.5,103.9,99.5,0.0,29.47,5754.7,0.176,262.357,0.0,0.0,-0.0565,0.1895,0.0,14.0,0.0,0.0,0.0,92.2,86.1,80.7,86.3,102.2,99.5,0.0,29.2,5916.9,0.174,262.357,0.0,0.0,0.0571,0.1902,0.0,14.0,0.0,0.0,0.0,36.597,2.649,90.0,14.0,9,13500,5,1,1,False,0.8,0.0,359.69,0.0,False,False,0.0,False,0.0,False,False,False,0.026,0.059,0.54,0.0,0.0,0.0,0.0,0.0,0.0,14.0,12.0,1.2348,2,28080,0:28.080,81345,81345,13242.144,0,0,25336,0.3437,False,False,Soft (S),0,1.0,0,460.577,1.558,-1132.458,0.008,0.06,True,0,0,1969.165,13242.144
1765362326,317.7,11251,1.0,0.0,1.0,-0.003,8,88.106,0.084,-5.034,0.021,-1.049,88.244,0.003,0.053,0.066,-1.628,0.013,0.012,0.229,0.059,0.006,-0.021,68.8,72.2,76.2,72.4,95.1,99.5,0.0,28.06,4160.3,0.023,259.252,0.0,0.0,-0.0508,0.1796,0.0,14.0,0.0,0.0,0.0,78.0,73.2,69.2,73.5,91.9,99.5,0.0,27.54,4058.8,0.036,259.256,0.0,0.0,0.0515,0.1787,0.0,14.0,0.0,0.0,0.0,82.2,87.2,92.8,87.4,104.0,99.5,0.0,29.47,7848.2,0.162,261.75,0.0,0.0,-0.0592,0.1949,0.0,14.0,0.0,0.0,0.0,92.1,86.1,80.7,86.3,102.3,99.5,0.0,29.21,7063.3,0.164,261.939,0.0,0.0,0.0607,0.1952,0.0,14.0,0.0,0.0,0.0,36.597,2.649,90.0,14.0,9,13500,5,1,1,False,0.8,0.0,359.69,0.0,False,False,0.0,False,0.0,False,False,False,0.024,0.05,0.54,0.0,0.0,0.0,0.0,0.0,0.0,14.0,12.0,1.2348,2,28173,0:28.173,81345,81345,13250.442,0,0,25336,0.3451,False,False,Soft (S),0,1.0,0,468.767,1.559,-1132.926,-0.061,0.063,True,0,0,1977.463,13250.442
1765362326,317.94,11279,1.0,0.0,1.0,-0.001,8,88.172,-0.17,-5.031,-0.015,-1.02,88.309,-0.01,-0.296,0.031,-1.628,0.01,0.012,0.232,0.09,-0.0,0.01,68.7,72.1,76.1,72.3,95.1,99.5,0.0,28.06,5211.1,0.037,259.432,0.0,0.0,-0.0531,0.1773,0.0,14.0,0.0,0.0,0.0,78.0,73.1,69.1,73.4,91.9,99.5,0.0,27.55,4950.7,0.046,259.378,0.0,0.0,0.0523,0.1762,0.0,14.0,0.0,0.0,0.0,82.1,87.1,92.7,87.3,104.0,99.5,0.0,29.48,6074.9,0.177,262.482,0.0,0.0,-0.0614,0.1922,0.0,14.0,0.0,0.0,0.0,92.0,86.0,80.6,86.2,102.3,99.5,0.0,29.21,6133.5,0.175,262.482,0.0,0.0,0.0595,0.1932,0.0,14.0,0.0,0.0,0.0,36.597,2.649,90.0,14.0,9,13500,5,1,1,False,0.8,0.0,359.69,0.0,False,False,0.0,False,0.0,False,False,False,0.027,0.055,0.54,0.0,0.0,0.0,0.0,0.0,0.0,14.0,12.0,1.2348,2,28278,0:28.278,81345,81345,13259.698,0,0,25336,0.3467,False,False,Soft (S),0,1.0,0,478.021,1.555,-1133.454,-0.04,0.06,True,0,0,1986.719,13259.698
1765362326,318.18,11272,1.0,0.0,1.0,-0.001,8,88.239,-0.069,-5.018,-0.053,-1.034,88.376,-0.038,0.341,0.058,-1.628,0.011,0.009,0.226,0.055,-0.009,-0.062,68.6,72.1,76.0,72.3,95.1,99.5,0.0,28.06,5456.7,0.047,259.678,0.0,0.0,-0.0613,0.1789,0.0,14.0,0.0,0.0,0.0,78.0,73.1,69.1,73.4,92.0,99.5,0.0,27.56,5545.0,0.033,259.651,0.0,0.0,0.0512,0.1814,0.0,14.0,0.0,0.0,0.0,82.0,87.1,92.7,87.2,104.0,99.5,0.0,29.48,7598.2,0.178,262.245,0.0,0.0,-0.0689,0.1949,0.0,14.0,0.0,0.0,0.0,92.0,86.0,80.6,86.2,102.4,99.5,0.0,29.22,6904.7,0.174,262.381,0.0,0.0,0.0632,0.1981,0.0,14.0,0.0,0.0,0.0,36.597,2.649,90.0,14.0,9,13500,5,1,1,False,0.8,0.0,359.69,0.0,False,False,0.0,False,0.0,False,False,False,0.022,0.048,0.54,0.0,0.0,0.0,0.0,0.0,0.0,14.0,12.0,1.2348,2,28380,0:28.380,81345,81345,13268.854,0,0,25336,0.3483,False,False,Soft (S),0,1.0,0,487.017,1.538,-1133.967,0.063,0.063,True,0,0,1995.875,13268.854
1765362326,318.41,11291,1.0,0.0,1.0,-0.001,8,88.304,0.0,-5.015,-0.036,-0.987,88.441,0.073,-0.14,0.027,-1.628,0.011,0.016,0.23,0.076,-0.004,-0.095,68.6,72.0,76.0,72.2,95.1,99.5,0.0,28.06,4832.6,0.03,259.827,0.0,0.0,-0.0532,0.1782,0.0,14.0,0.0,0.0,0.0,77.9,73.1,69.1,73.4,92.1,99.5,0.0,27.57,4608.2,0.038,259.767,0.0,0.0,0.0507,0.1795,0.0,14.0,0.0,0.0,0.0,81.9,87.0,92.6,87.2,104.1,99.5,0.0,29.49,6448.8,0.174,262.755,0.0,0.0,-0.0644,0.1955,0.0,14.0,0.0,0.0,0.0,92.0,85.9,80.6,86.1,102.4,99.5,0.0,29.23,6242.5,0.178,262.755,0.0,0.0,0.062,0.1942,0.0,14.0,0.0,0.0,0.0,36.597,2.65,90.0,14.0,9,13500,5,1,1,False,0.8,0.0,359.69,0.0,False,False,0.0,False,0.0,False,False,False,0.024,0.049,0.54,0.0,0.0,0.0,0.0,0.0,0.0,14.0,12.0,1.2348,2,28485,0:28.485,81345,81345,13278.306,0,0,25336,0.3499,False,False,Soft (S),0,1.0,0,496.286,1.536,-1134.492,-0.043,0.06,True,0,0,2005.327,13278.306
1765362326,315.62,10831,0.0,0.99,1.0,0.003,8,87.531,-0.231,-4.949,-0.026,-0.879,87.667,-0.141,-0.165,-3.834,-1.628,0.007,0.014,0.231,0.059,-0.022,-0.001,68.6,72.0,76.0,72.2,95.2,99.5,0.0,28.07,6209.7,0.234,251.358,0.0,0.0,-0.0587,0.1806,0.0,14.0,0.0,0.0,0.0,77.9,73.1,69.1,73.4,92.1,99.5,0.0,27.58,6371.0,0.221,251.45,0.0,0.0,0.0517,0.1818,0.0,14.0,0.0,0.0,0.0,81.8,86.9,92.5,87.0,104.1,99.5,0.0,29.5,5288.8,0.258,252.152,0.0,0.0,-0.0625,0.189,0.0,14.0,0.0,0.0,0.0,91.9,85.8,80.5,86.1,102.5,99.5,0.0,29.24,5096.9,0.254,251.961,0.0,0.0,0.0576,0.1901,0.0,14.0,0.0,0.0,0.0,36.597,2.607,90.0,14.0,9,13500,5,1,1,True,0.803,0.0,359.69,0.0,False,False,0.0,False,0.0,False,False,False,0.018,0.059,0.54,0.0,0.0,0.0,0.0,0.0,0.0,14.0,12.0,1.2348,2,28584,0:28.584,81345,81345,13287.011,0,0,25336,0.3514,False,False,Soft (S),0,1.0,0,505.02,1.521,-1134.988,0.056,0.063,True,0,0,2014.032,13287.011
1765362326,301.92,10338,0.0,0.99,1.0,0.0,8,83.738,-0.22,-4.653,-0.016,-0.459,83.866,-0.099,-0.488,-3.623,-1.627,0.003,0.016,0.236,0.093,0.006,0.033,68.7,72.2,76.2,72.4,95.2,99.5,0.0,28.07,5190.8,0.298,238.908,0.0,0.0,-0.0562,0.1824,0.0,14.0,0.0,0.0,0.0,78.2,73.3,69.3,73.6,92.2,99.5,0.0,27.59,5063.5,0.323,238.425,0.0,0.0,0.0539,0.1806,0.0,14.0,0.0,0.0,0.0,81.7,86.8,92.4,87.0,104.1,99.5,0.0,29.5,4474.9,0.255,240.943,0.0,0.0,-0.0591,0.1846,0.0,14.0,0.0,0.0,0.0,91.8,85.8,80.5,86.0,102.5,99.5,0.0,29.24,3808.9,0.276,240.246,0.0,0.0,0.0549,0.1842,0.0,14.0,0.0,0.0,0.0,36.597,2.489,90.0,14.0,9,13500,5,1,1,True,0.813,0.0,359.69,0.0,False,False,0.0,False,0.0,False,False,False,0.02,0.066,0.54,0.0,0.0,0.0,0.0,0.0,0.0,14.0,12.0,1.2348,2,28686,0:28.686,81345,81345,13295.888,0,0,25336,0.3529,False,False,Soft (S),0,1.0,0,513.746,1.504,-1135.477,0.004,0.06,True,0,0,2022.909,13295.888
1765362326,288.3,9934,0.0,0.99,1.0,0.0,8,79.961,-0.14,-4.414,-0.029,-0.558,80.081,-0.014,0.098,-3.59,-1.626,0.005,0.015,0.233,0.085,0.008,-0.042,68.9,72.4,76.4,72.6,95.2,99.5,0.0,28.07,5339.4,0.292,228.478,0.0,0.0,-0.0551,0.1812,0.0,14.0,0.0,0.0,0.0,78.4,73.5,69.6,73.8,92.3,99.5,0.0,27.6,4505.0,0.311,227.593,0.0,0.0,0.0529,0.1824,0.0,14.0,0.0,0.0,0.0,81.7,86.7,92.3,86.9,104.1,99.5,0.0,29.5,5738.2,0.214,231.189,0.0,0.0,-0.058,0.1867,0.0,14.0,0.0,0.0,0.0,91.8,85.8,80.4,86.0,102.5,99.5,0.0,29.24,5690.2,0.223,231.189,0.0,0.0,0.0552,0.1856,0.0,14.0,0.0,0.0,0.0,36.597,2.382,90.0,14.0,9,13500,5,1,1,True,0.821,0.0,359.69,0.0,False,False,0.0,False,0.0,False,False,False,0.02,0.06,0.54,0.0,0.0,0.0,0.0,0.0,0.0,14.0,12.0,1.2348,2,28788,0:28.788,81345,81345,13304.302,0,0,25336,0.3544,False,False,Soft (S),0,1.0,0,522.088,1.477,-1135.938,0.047,0.06,True,0,0,2031.323,13304.302
1765362326,275.06,9393,0.0,0.99,1.0,-0.002,8,76.289,-0.164,-4.219,-0.037,-0.401,76.405,0.039,-0.067,-3.395,-1.627,0.003,0.013,0.238,0.057,-0.011,-0.009,69.1,72.5,76.6,72.7,95.2,99.5,0.0,28.08,6371.6,0.238,219.559,0.0,0.0,-0.0586,0.18,0.0,14.0,0.0,0.0,0.0,78.7,73.8,69.7,74.1,92.3,99.5,0.0,27.61,6195.1,0.246,219.161,0.0,0.0,0.0518,0.1812,0.0,14.0,0.0,0.0,0.0,81.6,86.6,92.2,86.8,104.1,99.5,0.0,29.49,2733.7,0.305,218.151,0.0,0.0,-0.0561,0.1798,0.0,14.0,0.0,0.0,0.0,91.7,85.7,80.4,85.9,102.5,99.5,0.0,29.24,3333.8,0.263,219.037,0.0,0.0,0.0505,0.1816,0.0,14.0,0.0,0.0,0.0,36.597,2.29,90.0,14.0,9,13500,5,1,1,True,0.83,0.0,359.69,0.0,False,False,0.0,False,0.0,False,False,False,0.018,0.071,0.54,0.0,0.0,0.0,0.0,0.0,0.0,14.0,12.0,1.2348,2,28890,0:28.890,81345,81345,13312.325,0,0,25336,0.3558,False,False,Soft (S),0,1.0,0,530.051,1.46,-1136.378,-0.038,0.06,True,0,0,2039.346,13312.325
1765362326,259.88,8820,0.0,0.99,1.0,-0.0,8,72.076,-0.067,-4.017,-0.079,-0.333,72.187,0.072,-0.317,-3.572,-1.628,0.004,0.011,0.241,0.017,0.011,-0.017,69.2,72.7,76.8,72.9,95.2,99.5,0.0,28.07,4483.7,0.324,205.309,0.0,0.0,-0.0562,0.1778,0.0,14.0,0.0,0.0,0.0,78.9,74.0,70.0,74.3,92.4,99.5,0.0,27.62,5236.4,0.289,206.296,0.0,0.0,0.0489,0.1798,0.0,14.0,0.0,0.0,0.0,81.5,86.6,92.1,86.7,104.1,99.5,0.0,29.49,3470.3,0.391,205.163,0.0,0.0,-0.0574,0.1772,0.0,14.0,0.0,0.0,0.0,91.7,85.7,80.3,85.9,102.5,99.5,0.0,29.24,3468.8,0.377,205.378,0.0,0.0,0.0499,0.1771,0.0,14.0,0.0,0.0,0.0,36.597,2.185,90.0,14.0,9,13500,5,1,1,True,0.839,0.0,359.69,0.0,False,False,0.0,False,0.0,False,False,False,0.022,0.073,0.54,0.0,0.0,0.0,0.0,0.0,0.0,14.0,12.0,1.2348,2,29010,0:29.010,81345,81345,13320.941,0,0,25336,0.3573,False,False,Soft (S),0,1.0,0,538.943,1.452,-1136.872,-0.111,0.063,True,0,0,2047.962,13320.941
1765362327,246.99,9497,0.0,0.99,0.627,0.001,7,68.497,-0.389,-3.89,-0.069,-0.357,68.608,0.123,0.034,-3.674,-1.629,-0.0,0.018,0.245,0.009,0.003,-0.015,69.3,72.9,77.0,73.1,95.2,99.5,0.0,28.07,5257.2,0.274,196.454,0.0,0.0,-0.0515,0.1768,0.0,14.0,0.0,0.0,0.0,79.1,74.1,70.1,74.4,92.4,99.5,0.0,27.62,5071.6,0.31,195.866,0.0,0.0,0.0517,0.1754,0.0,14.0,0.0,0.0,0.0,81.4,86.5,92.0,86.6,104.0,99.5,0.0,29.48,3532.6,0.283,194.658,0.0,0.0,-0.0495,0.1727,0.0,14.0,0.0,0.0,0.0,91.6,85.6,80.3,85.8,102.5,99.5,0.0,29.23,3807.7,0.255,195.196,0.0,0.0,0.0462,0.1717,0.0,14.0,0.0,0.0,0.0,36.597,2.129,90.0,14.0,9,13500,5,1,1,True,0.846,0.0,359.69,0.0,False,False,0.0,False,0.0,False,False,False,0.025,0.08,0.54,0.0,0.0,0.0,0.0,0.0,0.0,14.0,12.0,1.2348,2,29118,0:29.118,81345,81345,13328.853,0,0,25336,0.3587,False,False,Soft (S),0,1.0,0,546.52,1.425,-1137.298,-0.053,0.06,True,0,0,2055.874,13328.853
1765362327,230.02,8887,0.0,0.99,0.765,-0.003,7,63.786,-0.071,-3.715,-0.009,-0.323,63.894,0.094,0.144,-3.549,-1.629,0.004,0.019,0.243,0.016,0.003,-0.024,69.5,73.1,77.2,73.3,95.1,99.5,0.0,28.06,4324.8,0.344,181.605,0.0,0.0,-0.0529,0.1768,0.0,14.0,0.0,0.0,0.0,79.3,74.4,70.3,74.7,92.4,99.5,0.0,27.62,4299.7,0.352,181.469,0.0,0.0,0.0508,0.1768,0.0,14.0,0.0,0.0,0.0,81.4,86.4,92.0,86.6,104.0,99.5,0.0,29.48,3668.8,0.245,181.004,0.0,0.0,-0.0482,0.1743,0.0,14.0,0.0,0.0,0.0,91.5,85.5,80.2,85.8,102.4,99.5,0.0,29.23,3807.4,0.227,181.3,0.0,0.0,0.0469,0.175,0.0,14.0,0.0,0.0,0.0,36.597,1.979,90.0,14.0,9,13500,5,1,1,True,0.855,0.0,359.69,0.0,False,False,0.0,False,0.0,False,False,False,0.025,0.076,0.54,0.0,0.0,0.0,0.0,0.0,0.0,14.0,12.0,1.2348,2,29250,0:29.250,81345,81345,13337.506,0,0,25336,0.3602,False,False,Soft (S),0,1.0,0,555.241,1.394,-1137.8,-0.069,0.06,True,0,0,2064.527,13337.506
1765362327,216.41,8311,0.0,0.99,0.879,-0.014,7,60.006,-0.145,-3.624,-0.028,-0.297,60.114,0.257,-0.007,-3.391,-1.632,0.003,0.017,0.248,0.019,0.035,0.079,69.6,73.2,77.3,73.4,95.1,99.5,0.0,28.06,4001.9,0.35,170.509,0.0,0.0,-0.0503,0.1754,0.0,14.0,0.0,0.0,0.0,79.5,74.5,70.5,74.8,92.4,99.5,0.0,27.62,4354.7,0.403,170.437,0.0,0.0,0.0515,0.1726,0.0,14.0,0.0,0.0,0.0,81.3,86.3,91.9,86.5,103.9,99.5,0.0,29.47,2585.0,0.352,167.257,0.0,0.0,-0.0487,0.1693,0.0,14.0,0.0,0.0,0.0,91.5,85.5,80.2,85.7,102.4,99.5,0.0,29.22,3230.7,0.284,168.626,0.0,0.0,0.0441,0.1719,0.0,14.0,0.0,0.0,0.0,36.597,1.882,90.0,14.0,9,13500,5,1,1,True,0.863,0.0,359.69,0.0,False,False,0.0,False,0.0,False,False,False,0.028,0.084,0.54,0.0,0.0,0.0,0.0,0.0,0.0,14.0,12.0,1.2348,2,29367,0:29.367,81345,81345,13345.045,0,0,25336,0.3614,False,False,Soft (S),0,1.0,0,562.484,1.38,-1138.227,-0.178,0.063,True,0,0,2072.066,13345.045
1765362327,204.29,7869,0.0,0.99,0.981,-0.023,7,56.626,-0.118,-3.732,-0.11,-0.375,56.747,0.413,-0.053,-3.665,-1.639,0.004,0.015,0.248,-0.004,0.078,-0.019,69.7,73.3,77.4,73.5,95.0,99.5,0.0,28.05,3014.9,0.598,157.049,0.0,0.0,-0.0557,0.1717,0.0,14.0,0.0,0.0,0.0,79.6,74.7,70.6,75.0,92.4,99.5,0.0,27.62,3759.8,0.516,159.226,0.0,0.0,0.0479,0.1737,0.0,14.0,0.0,0.0,0.0,81.3,86.3,91.9,86.5,103.9,99.5,0.0,29.46,3916.0,0.227,159.405,0.0,0.0,-0.0484,0.1684,0.0,14.0,0.0,0.0,0.0,91.5,85.5,80.2,85.7,102.3,99.5,0.0,29.21,4200.0,0.249,159.94,0.0,0.0,0.0437,0.171,0.0,14.0,0.0,0.0,0.0,36.597,1.797,90.0,14.0,9,13500,5,1,1,True,0.869,0.0,359.69,0.0,False,False,0.0,False,0.0,False,False,False,0.031,0.081,0.54,0.0,0.0,0.0,0.0,0.0,0.0,14.0,12.0,1.2348,2,29463,0:29.463,81345,81345,13350.604,0,0,25336,0.3624,False,False,Soft (S),0,1.0,0,568.086,1.366,-1138.579,-0.229,0.06,True,0,0,2077.625,13350.604
1765362327,184.8,8099,0.0,0.99,0.75,-0.045,6,51.128,-0.166,-4.577,-0.281,-0.354,51.331,1.093,0.285,-3.944,-1.666,0.004,0.015,0.25,-0.065,0.217,0.026,69.9,73.5,77.6,73.7,94.9,99.5,0.0,28.03,2812.8,0.636,141.186,0.0,0.0,-0.0534,0.1687,0.0,14.0,0.0,0.0,0.0,79.9,74.9,70.8,75.2,92.3,99.5,0.0,27.61,4590.5,0.356,146.933,0.0,0.0,0.0449,0.1745,0.0,14.0,0.0,0.0,0.0,81.2,86.2,91.7,86.4,103.8,99.5,0.0,29.44,3394.2,0.299,144.087,0.0,0.0,-0.0469,0.1644,0.0,14.0,0.0,0.0,0.0,91.4,85.4,80.2,85.7,102.3,99.5,0.0,29.2,4436.4,0.319,145.978,0.0,0.0,0.04,0.1698,0.0,14.0,0.0,0.0,0.0,36.597,1.678,90.0,14.0,9,13500,5,1,1,True,0.877,0.0,359.69,0.0,False,False,0.0,False,0.0,False,False,False,0.031,0.082,0.54,0.0,0.0,0.0,0.0,0.0,0.0,14.0,12.0,1.2348,2,29643,0:29.643,81345,81345,13360.089,0,0,25336,0.3641,False,False,Soft (S),0,1.0,0,577.802,1.337,-1139.31,-0.43,0.063,True,0,0,2087.11,13360.089
1765362327,163.84,6667,0.0,0.97,0.927,-0.096,6,45.122,-0.208,-5.931,-0.377,-0.211,45.508,1.714,0.157,-3.065,-1.71,-0.0,0.012,0.254,0.017,0.332,0.058,70.1,73.7,77.9,73.9,94.8,99.5,0.0,28.0,3062.3,0.434,127.158,0.0,0.0,-0.0523,0.1653,0.0,14.0,0.0,0.0,0.0,80.1,75.1,71.0,75.4,92.3,99.5,0.0,27.6,5083.3,0.433,130.646,0.0,0.0,0.0446,0.1709,0.0,14.0,0.0,0.0,0.0,81.1,86.1,91.7,86.3,103.6,99.5,0.0,29.42,1426.1,1.032,124.872,0.0,0.0,-0.0455,0.1596,0.0,14.0,0.0,0.0,0.0,91.4,85.5,80.2,85.7,102.2,99.5,0.0,29.19,2960.1,0.621,131.857,0.0,0.0,0.0354,0.1699,0.0,14.0,0.0,0.0,0.0,36.597,1.518,90.0,14.0,9,13500,5,1,1,True,0.885,0.0,359.69,0.0,False,False,0.0,False,0.0,False,False,False,0.034,0.089,0.54,0.0,0.0,0.0,0.0,0.0,0.0,14.0,12.0,1.2348,2,29820,0:29.820,81345,81345,13368.934,0,0,25336,0.3656,False,False,Soft (S),0,1.0,0,586.302,1.311,-1140.234,-0.745,0.06,True,0,0,2095.955,13368.934
1765362327,151.77,7371,0.0,0.78,0.642,-0.14,5,41.529,-0.26,-7.258,-0.308,-0.194,42.158,1.511,0.013,-2.91,-1.751,-0.002,0.007,0.257,0.049,0.363,0.025,70.2,73.8,77.9,74.0,94.7,99.5,0.0,27.99,2100.5,1.041,114.866,0.0,0.0,-0.0521,0.1616,0.0,14.0,0.0,0.0,0.0,80.2,75.2,71.2,75.5,92.2,99.5,0.0,27.6,4886.2,0.496,121.663,0.0,0.0,0.0425,0.169,0.0,14.0,0.0,0.0,0.0,81.1,86.0,91.6,86.2,103.5,99.5,0.0,29.41,1282.5,0.769,112.199,0.0,0.0,-0.0472,0.1576,0.0,14.0,0.0,0.0,0.0,91.4,85.5,80.2,85.7,102.1,99.5,0.0,29.17,2803.9,0.429,119.426,0.0,0.0,0.0342,0.1705,0.0,14.0,0.0,0.0,0.0,36.597,1.46,90.0,14.0,9,13500,5,1,1,True,0.888,0.0,359.69,0.0,False,False,0.0,False,0.0,False,False,False,0.038,0.089,0.54,0.0,0.0,0.0,0.0,0.0,0.0,14.0,12.0,1.2348,2,29934,0:29.934,81345,81345,13374.115,0,0,25336,0.3665,False,False,Soft (S),0,1.0,0,591.243,1.284,-1140.981,-0.743,0.063,True,0,0,2101.136,13374.115
1765362327,141.84,6933,0.0,0.93,0.75,-0.168,5,38.476,-0.399,-8.473,-0.41,-0.237,39.397,2.01,0.239,-3.051,-1.798,-0.004,0.004,0.258,0.058,0.435,0.059,70.2,73.8,78.0,74.0,94.5,99.5,0.0,27.97,1930.0,0.986,103.742,0.0,0.0,-0.0527,0.1593,0.0,14.0,0.0,0.0,0.0,80.4,75.4,71.3,75.7,92.2,99.5,0.0,27.59,5244.9,0.589,112.815,0.0,0.0,0.0411,0.1678,0.0,14.0,0.0,0.0,0.0,81.0,86.0,91.5,86.1,103.5,99.5,0.0,29.39,1579.3,0.652,104.712,0.0,0.0,-0.0477,0.1565,0.0,14.0,0.0,0.0,0.0,91.4,85.5,80.2,85.7,102.0,99.5,0.0,29.16,3502.7,0.462,110.898,0.0,0.0,0.0322,0.1693,0.0,14.0,0.0,0.0,0.0,36.597,1.369,90.0,14.0,9,13500,5,1,1,True,0.892,0.0,359.69,0.0,False,False,0.0,False,0.0,False,False,False,0.041,0.089,0.54,0.0,0.0,0.0,0.0,0.0,0.0,14.0,12.0,1.2348,2,30036,0:30.036,81345,81345,13378.166,0,0,25336,0.3672,False,False,Soft (S),0,1.0,0,595.347,1.25,-1141.772,-0.81,0.063,True,0,0,2105.187,13378.166
1765362328,131.71,6025,0.0,0.94,0.855,-0.176,5,35.266,-0.354,-9.736,-0.554,-0.263,36.582,2.399,0.227,-2.876,-1.855,-0.003,0.005,0.257,-0.011,0.545,0.039,70.2,73.8,78.0,74.0,94.4,99.5,0.0,27.95,1800.8,1.17,94.177,0.0,0.0,-0.047,0.1592,0.0,14.0,0.0,0.0,0.0,80.5,75.5,71.4,75.8,92.2,99.5,0.0,27.58,5024.6,0.591,104.95,0.0,0.0,0.04,0.1688,0.0,14.0,0.0,0.0,0.0,80.9,85.9,91.4,86.1,103.4,99.5,0.0,29.38,1720.7,1.017,100.578,0.0,0.0,-0.0464,0.1576,0.0,14.0,0.0,0.0,0.0,91.5,85.5,80.3,85.8,102.0,99.5,0.0,29.15,3816.5,0.77,106.964,0.0,0.0,0.0338,0.168,0.0,14.0,0.0,0.0,0.0,36.597,1.258,90.0,14.0,9,13500,5,1,1,True,0.895,0.0,359.69,0.0,False,False,0.0,False,0.0,False,False,False,0.039,0.087,0.54,0.0,0.0,0.0,0.0,0.0,0.0,14.0,12.0,1.2348,2,30153,0:30.153,81345,81345,13382.665,0,0,25336,0.368,False,False,Soft (S),0,1.0,0,599.678,1.206,-1142.829,-0.766,0.063,True,0,0,2109.686,13382.665
1765362328,122.03,5958,0.0,0.79,0.954,-0.217,5,32.113,-0.257,-10.849,-0.445,-0.248,33.893,2.127,0.161,-2.767,-1.91,-0.0,0.003,0.258,0.01,0.512,0.077,70.2,73.8,78.0,74.0,94.3,99.5,0.0,27.93,1476.0,0.773,90.969,0.0,0.0,-0.0485,0.1599,0.0,14.0,0.0,0.0,0.0,80.7,75.7,71.6,76.0,92.1,99.5,0.0,27.58,4002.8,0.684,96.915,0.0,0.0,0.0379,0.1666,0.0,14.0,0.0,0.0,0.0,80.9,85.9,91.4,86.0,103.3,99.5,0.0,29.37,1623.3,0.563,89.406,0.0,0.0,-0.0424,0.1551,0.0,14.0,0.0,0.0,0.0,91.5,85.6,80.4,85.8,101.9,99.5,0.0,29.14,3876.6,0.498,94.744,0.0,0.0,0.0309,0.1702,0.0,14.0,0.0,0.0,0.0,36.597,1.143,90.0,14.0,9,13500,5,1,1,True,0.897,0.0,359.69,0.0,False,False,0.0,False,0.0,False,False,False,0.041,0.091,0.54,0.0,0.0,0.0,0.0,0.0,0.0,14.0,12.0,1.2348,2,30255,0:30.255,81345,81345,13386.198,0,1,30181,0.3686,False,False,Soft (S),0,1.0,0,603.102,1.177,-1143.883,-0.736,0.063,True,0,0,2113.219,13386.198
1765362328,114.48,6893,0.0,0.12,0.651,-0.136,4,29.483,-0.24,-11.913,-0.259,-0.228,31.798,1.802,-0.031,-1.254,-1.963,-0.0,-0.001,0.26,-0.016,0.493,0.003,70.2,73.8,78.0,74.0,94.2,99.5,0.0,27.92,1003.8,0.186,92.054,0.0,0.0,-0.0521,0.1572,0.0,14.0,0.0,0.0,0.0,80.7,75.7,71.7,76.0,92.1,99.5,0.0,27.57,3799.8,0.252,95.179,0.0,0.0,0.0408,0.1668,0.0,14.0,0.0,0.0,0.0,80.8,85.8,91.3,86.0,103.2,99.5,0.0,29.35,1675.8,0.221,91.027,0.0,0.0,-0.0464,0.1542,0.0,14.0,0.0,0.0,0.0,91.5,85.6,80.4,85.8,101.8,99.5,0.0,29.13,3169.1,0.396,92.974,0.0,0.0,0.0258,0.1696,0.0,14.0,0.0,0.0,0.0,36.597,1.113,90.0,14.0,9,13500,5,1,1,True,0.899,0.0,359.69,0.0,False,False,0.0,False,0.0,False,False,False,0.043,0.092,0.54,0.0,0.0,0.0,0.0,0.0,0.0,14.0,12.0,1.2348,2,30348,0:30.348,81345,81345,13389.434,0,1,30181,0.3692,False,False,Soft (S),0,1.0,0,605.954,1.155,-1144.943,-0.569,0.063,True,0,0,2116.455,13389.434
1765362328,114.48,7364,1.0,0.0,0.753,-0.42,4,28.717,-0.167,-13.661,0.004,-0.334,31.8,1.784,-0.016,0.376,-2.015,0.005,-0.001,0.259,-0.061,0.576,-0.041,70.1,73.7,77.8,73.9,94.1,99.5,0.0,27.9,15.3,0.508,92.544,0.0,0.0,-0.0459,0.1536,0.0,14.0,0.0,0.0,0.0,80.8,75.8,71.7,76.1,92.0,99.5,0.0,27.56,3266.6,0.945,95.21,0.0,0.0,0.0443,0.1654,0.0,14.0,0.0,0.0,0.0,80.8,85.7,91.2,85.9,103.1,99.5,0.0,29.34,2367.5,0.412,99.672,0.0,0.0,-0.0479,0.1595,0.0,14.0,0.0,0.0,0.0,91.5,85.6,80.4,85.8,101.8,99.5,0.0,29.13,3819.5,0.401,100.58,0.0,0.0,0.036,0.1711,0.0,14.0,0.0,0.0,0.0,36.597,1.264,90.0,14.0,9,13500,5,1,1,False,0.899,0.025,359.81,0.0,False,False,0.0,False,0.0,False,False,False,0.046,0.083,0.54,0.0,0.0,0.0,0.0,0.0,0.0,14.0,12.0,1.2348,2,30450,0:30.450,81345,81345,13392.598,0,1,30181,0.3698,False,False,Soft (S),0,1.0,0,608.91,1.134,-1146.234,-0.422,0.063,True,0,0,2119.619,13392.598
1765362328,112.71,6375,0.0,0.24,0.852,-0.513,4,27.223,-0.07,-15.466,0.318,-0.219,31.307,2.726,-0.041,-0.721,-2.077,0.005,-0.002,0.258,0.0,0.835,0.06,70.0,73.6,77.8,73.8,94.0,99.5,0.0,27.88,347.0,1.02,86.006,0.0,0.0,-0.046,0.153,0.0,14.0,0.0,0.0,0.0,81.1,76.1,72.0,76.4,92.0,99.5,0.0,27.55,5271.4,1.031,94.434,0.0,0.0,0.0431,0.1664,0.0,14.0,0.0,0.0,0.0,80.7,85.6,91.1,85.8,103.1,99.5,0.0,29.33,974.6,0.392,91.684,0.0,0.0,-0.0499,0.158,0.0,14.0,0.0,0.0,0.0,91.5,85.6,80.4,85.9,101.7,99.5,0.0,29.12,3513.7,0.476,96.45,0.0,0.0,0.0336,0.1726,0.0,14.0,0.0,0.0,0.0,36.597,1.248,90.0,14.0,9,13500,5,1,1,True,0.899,0.005,359.97,0.0,False,False,0.0,False,0.0,False,False,False,0.044,0.082,0.54,0.0,0.0,0.0,0.0,0.0,0.0,14.0,12.0,1.2348,2,30534,0:30.534,81345,81345,13395.178,0,1,30181,0.3702,False,False,Soft (S),0,1.0,0,611.294,1.12,-1147.439,-0.648,0.063,True,0,0,2122.199,13395.178
1765362328,110.15,6183,0.0,0.0,0.954,-0.506,4,25.208,-0.081,-17.344,-0.021,-0.335,30.597,2.689,-0.278,-0.434,-2.174,0.008,-0.012,0.259,0.025,0.877,0.113,70.0,73.5,77.7,73.7,93.9,99.5,0.0,27.86,1364.5,0.739,86.483,0.0,0.0,-0.0056,0.1551,0.0,14.0,0.0,0.0,0.0,81.4,76.3,72.2,76.6,91.9,99.5,0.0,27.55,3491.4,1.018,92.312,0.0,0.0,0.0298,0.1615,0.0,14.0,0.0,0.0,0.0,80.6,85.5,91.0,85.7,103.0,99.5,0.0,29.32,386.9,0.427,91.005,0.0,0.0,-0.0564,0.1487,0.0,14.0,0.0,0.0,0.0,91.6,85.7,80.5,85.9,101.7,99.5,0.0,29.11,4484.3,0.555,95.646,0.0,0.0,0.0258,0.1788,0.0,14.0,0.0,0.0,0.0,36.597,1.163,90.0,14.0,9,13500,5,1,1,True,0.9,0.001,360.0,0.0,False,False,0.0,False,0.0,False,False,False,0.051,0.096,0.54,0.0,0.0,0.0,0.0,0.0,0.0,14.0,12.0,1.2348,2,30654,0:30.654,81345,81345,13398.968,0,1,30181,0.3709,False,False,Soft (S),0,1.0,0,614.462,1.113,-1149.383,-0.713,0.063,True,0,0,2125.989,13398.968
1765362328,109.19,8702,0.87,0.0,0.651,-0.368,3,23.63,-0.114,-19.015,-0.335,-0.259,30.328,1.766,-0.203,0.552,-2.259,0.005,-0.019,0.268,0.047,0.825,-0.065,69.8,73.4,77.6,73.6,93.8,99.5,0.0,27.84,0.0,0.0,87.52,0.0,0.0,-0.0142,0.1505,0.0,14.0,0.0,0.0,0.0,81.5,76.5,72.4,76.8,91.9,99.5,0.0,27.54,3826.6,0.722,91.659,0.0,0.0,0.0248,0.1644,0.0,14.0,0.0,0.0,0.0,80.5,85.4,90.9,85.6,102.9,99.5,0.0,29.3,0.0,0.0,95.023,0.0,0.0,-0.0913,0.153,0.0,14.0,0.0,0.0,0.0,91.7,85.8,80.6,86.0,101.6,99.5,0.0,29.1,3095.5,0.73,92.237,0.0,0.0,0.014,0.1752,0.0,14.0,0.0,0.0,0.0,36.597,1.277,90.0,14.0,9,13500,5,1,1,False,0.9,0.006,360.01,0.0,False,False,0.0,False,0.0,False,False,False,0.05,0.089,0.54,0.0,0.0,0.0,0.0,0.0,0.0,14.0,12.0,1.2348,2,30756,0:30.756,81345,81345,13402.101,0,1,30181,0.3714,False,False,Soft (S),0,1.0,0,616.943,1.104,-1151.238,-0.548,0.066,True,0,0,2129.122,13402.101
1765362328,110.25,8303,0.08,0.0,0.753,-0.432,3,22.643,-0.238,-20.619,-1.107,-0.324,30.603,2.124,0.223,-0.314,-2.346,0.003,-0.006,0.264,0.035,0.824,-0.103,69.7,73.3,77.4,73.5,93.6,99.5,0.0,27.82,880.5,1.058,87.668,0.0,0.0,-0.0464,0.1494,0.0,14.0,0.0,0.0,0.0,81.7,76.7,72.6,77.0,91.8,99.5,0.0,27.53,4291.3,1.219,91.831,0.0,0.0,0.0419,0.164,0.0,14.0,0.0,0.0,0.0,80.5,85.4,90.9,85.6,102.8,99.5,0.0,29.29,0.0,0.0,91.492,0.0,0.0,-0.0587,0.1656,0.0,14.0,0.0,0.0,0.0,91.8,85.9,80.7,86.1,101.6,99.5,0.0,29.09,3443.7,0.859,89.882,0.0,0.0,0.0256,0.1671,0.0,14.0,0.0,0.0,0.0,36.597,1.434,90.0,14.0,9,13500,5,1,1,False,0.9,0.003,360.07,0.0,False,False,0.0,False,0.0,False,False,False,0.05,0.074,0.54,0.0,0.0,0.0,0.0,0.0,0.0,14.0,12.0,1.2348,2,30855,0:30.855,81345,81345,13405.179,0,1,30181,0.372,False,False,Soft (S),0,1.0,0,619.244,1.083,-1153.192,-0.572,0.066,True,0,0,2132.2,13405.179
1765362328,109.1,8006,0.0,0.0,0.855,-0.413,3,20.41,-0.042,-22.404,-0.889,-0.268,30.292,3.747,0.419,-0.739,-2.432,0.008,-0.009,0.255,-0.004,0.704,0.212,69.7,73.3,77.4,73.4,93.5,99.5,0.0,27.8,302.5,1.026,87.477,0.0,0.0,-0.0445,0.1549,0.0,14.0,0.0,0.0,0.0,82.0,77.0,72.8,77.3,91.8,99.5,0.0,27.52,4892.8,1.119,90.93,0.0,0.0,0.0415,0.1655,0.0,14.0,0.0,0.0,0.0,80.5,85.4,90.8,85.6,102.7,99.5,0.0,29.28,1714.5,0.591,86.202,0.0,0.0,-0.0555,0.158,0.0,14.0,0.0,0.0,0.0,91.9,86.1,80.9,86.3,101.5,99.5,0.0,29.08,5573.2,0.725,87.566,0.0,0.0,0.0324,0.1785,0.0,14.0,0.0,0.0,0.0,36.597,1.383,90.0,14.0,9,13500,5,1,1,True,0.9,0.0,360.08,0.0,False,False,0.0,False,0.0,False,False,False,0.044,0.084,0.54,0.0,0.0,0.0,0.0,0.0,0.0,14.0,12.0,1.2348,2,30960,0:30.960,81345,81345,13408.309,0,1,30181,0.3725,False,False,Soft (S),0,1.0,0,621.52,1.062,-1155.44,-0.648,0.063,True,0,0,2135.33,13408.309
1765362328,107.5,7078,0.0,0.0,0.966,-0.403,3,17.981,-0.109,-23.839,-0.157,-0.343,29.858,2.597,-0.175,-0.05,-2.5,0.008,-0.01,0.26,0.055,0.526,0.028,69.5,73.1,77.2,73.3,93.4,99.5,0.0,27.78,461.0,0.863,87.326,0.0,0.0,-0.0444,0.151,0.0,14.0,0.0,0.0,0.0,82.3,77.2,73.1,77.5,91.7,99.5,0.0,27.51,3681.6,1.013,89.215,0.0,0.0,0.0454,0.1611,0.0,14.0,0.0,0.0,0.0,80.4,85.3,90.7,85.5,102.6,99.5,0.0,29.26,1711.5,0.29,90.729,0.0,0.0,-0.047,0.1554,0.0,14.0,0.0,0.0,0.0,92.0,86.1,81.0,86.4,101.4,99.5,0.0,29.07,3567.7,0.484,92.731,0.0,0.0,0.0314,0.1733,0.0,14.0,0.0,0.0,0.0,36.597,1.303,90.0,14.0,9,13500,5,1,1,True,0.9,0.0,360.08,0.0,False,False,0.0,False,0.0,False,False,False,0.051,0.089,0.54,0.0,0.0,0.0,0.0,0.0,0.0,14.0,12.0,1.2348,2,31068,0:31.068,81345,81345,13411.509,0,1,30181,0.3731,False,False,Soft (S),0,1.0,0,623.592,1.06,-1157.943,-0.627,0.06,True,0,0,2138.53,13411.509
1765362329,107.36,10280,1.0,0.0,0.663,-0.24,2,16.213,-0.085,-25.028,-0.086,-0.287,29.82,1.552,-0.067,1.083,-2.57,0.007,-0.012,0.26,-0.021,0.757,-0.033,69.5,73.0,77.1,73.2,93.3,99.5,0.0,27.77,351.3,0.249,86.246,0.0,0.0,-0.0472,0.1539,0.0,14.0,0.0,0.0,0.0,82.4,77.3,73.2,77.6,91.7,99.5,0.0,27.51,2757.5,0.394,90.528,0.0,0.0,0.0405,0.1631,0.0,14.0,0.0,0.0,0.0,80.3,85.2,90.7,85.4,102.6,99.5,0.0,29.25,2226.2,1.083,93.305,0.0,0.0,-0.0497,0.1553,0.0,14.0,0.0,0.0,0.0,92.1,86.2,81.0,86.4,101.4,99.5,0.0,29.06,3587.0,0.78,92.487,0.0,0.0,0.0322,0.1734,0.0,14.0,0.0,0.0,0.0,36.597,1.416,90.0,14.0,9,13500,5,1,1,False,0.9,0.001,360.09,0.0,False,False,0.0,False,0.0,False,False,False,0.048,0.09,0.54,0.0,0.0,0.0,0.0,0.0,0.0,14.0,12.0,1.2348,2,31179,0:31.179,81345,81345,13414.787,0,1,30181,0.3736,False,False,Soft (S),0,1.0,0,625.475,1.05,-1160.648,-0.477,0.06,True,0,0,2141.808,13414.787
1765362329,110.93,10709,1.0,0.0,0.765,-0.032,2,15.528,-0.156,-26.616,-0.671,-0.321,30.806,1.292,-0.138,1.009,-2.635,0.006,-0.012,0.259,0.038,0.467,0.015,69.4,72.9,77.0,73.1,93.2,99.5,0.0,27.75,863.9,0.036,89.981,0.0,0.0,-0.05,0.1543,0.0,14.0,0.0,0.0,0.0,82.3,77.3,73.1,77.6,91.6,99.5,0.0,27.5,2465.7,0.129,92.625,0.0,0.0,0.041,0.1618,0.0,14.0,0.0,0.0,0.0,80.4,85.3,90.7,85.5,102.5,99.5,0.0,29.24,2158.3,1.065,97.418,0.0,0.0,-0.0477,0.1608,0.0,14.0,0.0,0.0,0.0,92.2,86.3,81.1,86.5,101.3,99.5,0.0,29.05,3675.1,0.836,96.061,0.0,0.0,0.0339,0.1718,0.0,14.0,0.0,0.0,0.0,36.597,1.513,90.0,14.0,9,13500,5,1,1,False,0.9,0.0,360.1,0.0,False,False,0.0,False,0.0,False,False,False,0.049,0.086,0.54,0.0,0.0,0.0,0.0,0.0,0.0,14.0,12.0,1.2348,2,31275,0:31.275,81345,81345,13417.807,0,1,30181,0.3741,False,False,Soft (S),0,1.0,0,626.997,1.038,-1163.13,-0.223,0.066,True,0,0,2144.828,13417.807
1765362329,114.86,10883,1.0,0.0,0.87,0.096,2,15.398,-0.273,-27.944,-0.636,-0.302,31.899,0.402,-0.032,0.994,-2.658,0.001,-0.009,0.259,0.028,-0.024,-0.021,69.2,72.8,76.9,73.0,93.1,99.5,0.0,27.73,1850.2,0.147,94.612,0.0,0.0,-0.0503,0.1574,0.0,14.0,0.0,0.0,0.0,82.2,77.2,73.0,77.5,91.5,99.5,0.0,27.49,1975.0,0.011,94.619,0.0,0.0,0.0424,0.1603,0.0,14.0,0.0,0.0,0.0,80.4,85.3,90.8,85.5,102.4,99.5,0.0,29.22,2538.6,0.66,106.826,0.0,0.0,-0.0454,0.1637,0.0,14.0,0.0,0.0,0.0,92.3,86.4,81.2,86.6,101.3,99.5,0.0,29.04,3118.1,0.707,106.826,0.0,0.0,0.0397,0.1691,0.0,14.0,0.0,0.0,0.0,36.597,1.6,90.0,14.0,9,13500,5,1,1,False,0.901,0.0,360.1,0.0,False,False,0.0,False,0.0,False,False,False,0.047,0.086,0.54,0.0,0.0,0.0,0.0,0.0,0.0,14.0,12.0,1.2348,2,31383,0:31.383,81345,81345,13421.138,0,1,30181,0.3747,False,False,Soft (S),0,1.0,0,628.66,1.014,-1166.08,0.188,0.066,True,0,0,2148.159,13421.138
1765362329,119.14,11667,1.0,0.0,0.972,0.172,2,16.255,-0.35,-28.827,-0.203,-0.365,33.093,-0.935,-0.013,1.28,-2.634,0.0,-0.003,0.258,-0.007,-0.396,-0.071,69.2,72.7,76.8,72.9,93.0,99.5,0.0,27.71,2633.4,0.294,99.162,0.0,0.0,-0.0471,0.1603,0.0,14.0,0.0,0.0,0.0,82.1,77.1,72.9,77.4,91.5,99.5,0.0,27.47,1163.5,0.149,97.131,0.0,0.0,0.0457,0.158,0.0,14.0,0.0,0.0,0.0,80.5,85.4,90.9,85.6,102.3,99.5,0.0,29.21,3741.6,0.791,100.01,0.0,0.0,-0.0416,0.1691,0.0,14.0,0.0,0.0,0.0,92.4,86.5,81.3,86.7,101.2,99.5,0.0,29.03,2822.8,0.967,100.01,0.0,0.0,0.0458,0.1662,0.0,14.0,0.0,0.0,0.0,36.597,1.67,90.0,14.0,9,13500,5,1,1,False,0.901,0.0,360.1,0.0,False,False,0.0,False,0.0,False,False,False,0.047,0.083,0.54,0.0,0.0,0.0,0.0,0.0,0.0,14.0,12.0,1.2348,2,31488,0:31.488,81345,81345,13424.552,0,1,30181,0.3753,False,False,Soft (S),0,1.0,0,630.315,0.98,-1169.068,0.463,0.069,True,0,0,2151.573,13424.552
1765362329,123.87,11308,1.0,0.0,1.0,0.182,2,17.851,-0.251,-29.415,0.333,-0.381,34.405,-1.447,0.074,1.369,-2.586,0.004,-0.001,0.256,-0.063,-0.47,-0.04,69.1,72.7,76.8,72.9,92.9,99.5,0.0,27.7,2951.8,0.361,103.161,0.0,0.0,-0.044,0.1631,0.0,14.0,0.0,0.0,0.0,82.0,77.0,72.8,77.3,91.4,99.5,0.0,27.46,944.0,0.239,100.832,0.0,0.0,0.0458,0.1579,0.0,14.0,0.0,0.0,0.0,80.6,85.6,91.0,85.7,102.3,99.5,0.0,29.2,3907.8,0.691,109.648,0.0,0.0,-0.0413,0.1725,0.0,14.0,0.0,0.0,0.0,92.5,86.6,81.4,86.8,101.2,99.5,0.0,29.03,2825.8,0.799,109.648,0.0,0.0,0.0485,0.1663,0.0,14.0,0.0,0.0,0.0,36.597,1.758,90.0,14.0,9,13500,5,1,1,False,0.901,0.0,360.1,0.0,False,False,0.0,False,0.0,False,False,False,0.046,0.081,0.54,0.0,0.0,0.0,0.0,0.0,0.0,14.0,12.0,1.2348,2,31587,0:31.587,81345,81345,13427.846,0,1,30181,0.3759,False,False,Soft (S),0,1.0,0,632.005,0.95,-1171.952,0.55,0.069,True,0,0,2154.867,13427.846
1765362329,127.6,10714,0.0,0.42,1.0,0.408,2,20.243,-0.138,-29.096,0.275,-0.376,35.442,-2.865,0.037,-0.65,-2.526,0.007,0.008,0.256,0.044,-0.57,-0.122,69.3,72.8,76.9,73.0,92.8,99.5,0.0,27.69,4228.9,1.049,105.705,0.0,0.0,-0.0445,0.1628,0.0,14.0,0.0,0.0,0.0,81.9,76.9,72.7,77.2,91.3,99.5,0.0,27.45,528.3,0.972,99.037,0.0,0.0,0.0457,0.1539,0.0,14.0,0.0,0.0,0.0,80.8,85.7,91.1,85.9,102.2,99.5,0.0,29.2,4641.3,0.433,104.49,0.0,0.0,-0.0348,0.1783,0.0,14.0,0.0,0.0,0.0,92.5,86.6,81.4,86.9,101.1,99.5,0.0,29.02,1382.9,0.22,103.291,0.0,0.0,0.052,0.1617,0.0,14.0,0.0,0.0,0.0,36.597,1.776,90.0,14.0,9,13500,5,1,1,True,0.901,0.0,360.1,0.0,False,False,0.0,False,0.0,False,False,False,0.047,0.077,0.54,0.0,0.0,0.0,0.0,0.0,0.0,14.0,12.0,1.2348,2,31695,0:31.695,81345,81345,13431.698,0,1,30181,0.3766,False,False,Soft (S),0,1.0,0,634.064,0.929,-1175.131,0.658,0.075,True,0,0,2158.719,13431.698
1765362329,122.85,10242,0.0,0.21,1.0,0.414,2,21.506,-0.117,-26.494,0.192,-0.277,34.122,-3.104,0.131,-1.413,-2.454,0.005,0.012,0.259,-0.02,-0.896,-0.138,69.6,73.1,77.3,73.3,92.7,99.5,0.0,27.68,4746.6,0.896,101.612,0.0,0.0,-0.0407,0.1641,0.0,14.0,0.0,0.0,0.0,81.8,76.8,72.7,77.1,91.2,99.5,0.0,27.43,0.0,0.0,94.716,0.0,0.0,0.0735,0.1585,0.0,14.0,0.0,0.0,0.0,80.8,85.7,91.2,85.9,102.2,99.5,0.0,29.19,3748.3,0.602,101.027,0.0,0.0,-0.0318,0.1739,0.0,14.0,0.0,0.0,0.0,92.4,86.5,81.3,86.7,101.0,99.5,0.0,29.0,1252.1,0.392,97.597,0.0,0.0,0.0522,0.1547,0.0,14.0,0.0,0.0,0.0,36.597,1.696,90.0,14.0,9,13500,5,1,1,True,0.903,0.0,360.1,0.0,False,False,0.0,False,0.0,False,False,False,0.043,0.082,0.54,0.0,0.0,0.0,0.0,0.0,0.0,14.0,12.0,1.2348,2,31794,0:31.794,81345,81345,13435.079,0,1,30181,0.3772,False,False,Soft (S),0,1.0,0,636.136,0.918,-1177.882,0.641,0.078,True,0,0,2162.1,13435.079
1765362329,120.27,10514,0.68,0.0,1.0,0.289,2,23.076,-0.117,-24.159,0.444,-0.372,33.404,-2.284,-0.104,0.207,-2.366,0.008,0.021,0.262,-0.003,-0.795,0.072,69.8,73.4,77.5,73.5,92.7,99.5,0.0,27.67,3255.1,0.676,100.957,0.0,0.0,-0.0248,0.1633,0.0,14.0,0.0,0.0,0.0,81.7,76.7,72.6,77.0,91.1,99.5,0.0,27.42,0.0,0.0,94.542,0.0,0.0,0.0691,0.1528,0.0,14.0,0.0,0.0,0.0,80.9,85.8,91.2,86.0,102.1,99.5,0.0,29.18,3847.8,0.574,102.302,0.0,0.0,-0.0268,0.1778,0.0,14.0,0.0,0.0,0.0,92.3,86.4,81.2,86.6,101.0,99.5,0.0,28.99,2457.4,0.663,101.61,0.0,0.0,0.0027,0.1496,0.0,14.0,0.0,0.0,0.0,36.597,1.673,90.0,14.0,9,13500,5,1,1,False,0.903,0.0,360.1,0.0,False,False,0.0,False,0.0,False,False,False,0.047,0.079,0.54,0.0,0.0,0.0,0.0,0.0,0.0,14.0,12.0,1.2348,2,31884,0:31.884,81345,81345,13438.219,0,1,30181,0.3777,False,False,Soft (S),0,1.0,0,638.137,0.91,-1180.159,0.501,0.078,True,0,0,2165.24,13438.219
1765362329,121.04,10592,0.6,0.0,1.0,0.337,2,24.699,-0.172,-22.813,0.675,-0.339,33.615,-2.219,0.025,0.333,-2.297,0.005,0.012,0.267,0.045,-0.635,0.128,70.0,73.5,77.6,73.7,92.6,99.5,0.0,27.66,3844.2,0.881,100.607,0.0,0.0,-0.0329,0.1646,0.0,14.0,0.0,0.0,0.0,81.5,76.5,72.4,76.8,91.0,99.5,0.0,27.41,0.0,0.0,95.007,0.0,0.0,0.058,0.149,0.0,14.0,0.0,0.0,0.0,80.9,85.8,91.3,86.0,102.1,99.5,0.0,29.17,3372.5,0.571,102.705,0.0,0.0,-0.024,0.1686,0.0,14.0,0.0,0.0,0.0,92.2,86.3,81.2,86.6,100.9,99.5,0.0,28.98,0.0,0.0,102.705,0.0,0.0,0.0638,0.166,0.0,14.0,0.0,0.0,0.0,36.597,1.806,90.0,14.0,9,13500,5,1,1,False,0.903,0.0,360.1,0.0,False,False,0.0,False,0.0,False,False,False,0.056,0.099,0.54,0.0,0.0,0.0,0.0,0.0,0.0,14.0,12.0,1.2348,2,31998,0:31.998,81345,81345,13441.816,0,1,30181,0.3784,False,False,Soft (S),0,1.0,0,640.853,0.894,-1182.845,0.503,0.081,True,0,0,2168.837,13441.816
1765362329,121.46,10887,1.0,0.0,1.0,0.357,2,26.273,-0.2,-21.165,0.56,-0.384,33.731,-3.022,0.494,0.607,-2.232,0.005,-0.004,0.255,-0.096,-0.729,0.065,70.2,73.8,77.9,74.0,92.6,99.5,0.0,27.65,5190.2,0.911,101.422,0.0,0.0,-0.0395,0.1668,0.0,14.0,0.0,0.0,0.0,81.4,76.4,72.3,76.7,91.0,99.5,0.0,27.39,1344.0,0.802,97.713,0.0,0.0,0.0438,0.1565,0.0,14.0,0.0,0.0,0.0,81.0,85.9,91.3,86.1,102.0,99.5,0.0,29.16,4265.8,0.662,105.568,0.0,0.0,-0.0408,0.1695,0.0,14.0,0.0,0.0,0.0,92.1,86.3,81.2,86.5,100.8,99.5,0.0,28.97,2850.1,0.697,105.568,0.0,0.0,0.0474,0.1631,0.0,14.0,0.0,0.0,0.0,36.597,1.864,90.0,14.0,9,13500,5,1,1,False,0.903,0.0,360.1,0.0,False,False,0.0,False,0.0,False,False,False,0.042,0.088,0.54,0.0,0.0,0.0,0.0,0.0,0.0,14.0,12.0,1.2348,2,32094,0:32.094,81345,81345,13445.124,0,1,30181,0.379,False,False,Soft (S),0,1.0,0,643.294,0.87,-1184.966,0.756,0.081,True,0,0,2172.145,13445.124
1765362330,125.63,11531,1.0,0.0,1.0,0.316,2,28.752,0.112,-19.778,0.703,-0.393,34.889,-2.314,0.173,1.19,-2.153,0.014,-0.006,0.253,-0.038,-0.75,0.027,70.4,74.0,78.2,74.2,92.5,99.5,0.0,27.64,3832.4,0.831,104.837,0.0,0.0,-0.0424,0.1651,0.0,14.0,0.0,0.0,0.0,81.3,76.3,72.2,76.6,90.9,99.5,0.0,27.38,238.7,0.724,100.061,0.0,0.0,0.0492,0.1531,0.0,14.0,0.0,0.0,0.0,81.2,86.1,91.5,86.3,101.9,99.5,0.0,29.15,4705.4,0.805,111.808,0.0,0.0,-0.0354,0.1775,0.0,14.0,0.0,0.0,0.0,92.3,86.5,81.3,86.7,100.8,99.5,0.0,28.96,2584.7,0.969,111.808,0.0,0.0,0.0485,0.1655,0.0,14.0,0.0,0.0,0.0,36.597,1.941,90.0,14.0,9,13500,5,1,1,False,0.904,0.0,360.1,0.0,False,False,0.0,False,0.0,False,False,False,0.047,0.08,0.54,0.0,0.0,0.0,0.0,0.0,0.0,14.0,12.0,1.2348,2,32199,0:32.199,81345,81345,13448.764,0,1,30181,0.3796,False,False,Soft (S),0,1.0,0,646.18,0.867,-1187.114,0.566,0.078,True,0,0,2175.785,13448.764
1765362330,129.15,11854,0.2,0.0,1.0,0.252,2,30.744,0.136,-18.485,1.213,-0.357,35.851,-2.403,0.128,1.015,-2.078,0.013,-0.008,0.255,0.032,-0.762,-0.093,70.6,74.2,78.3,74.3,92.4,99.5,0.0,27.63,4018.8,0.754,107.732,0.0,0.0,-0.042,0.1635,0.0,14.0,0.0,0.0,0.0,81.1,76.2,72.1,76.5,90.8,99.5,0.0,27.37,293.8,0.63,103.206,0.0,0.0,0.0515,0.153,0.0,14.0,0.0,0.0,0.0,81.4,86.3,91.8,86.5,101.9,99.5,0.0,29.14,4590.7,0.93,114.193,0.0,0.0,-0.038,0.1765,0.0,14.0,0.0,0.0,0.0,92.5,86.6,81.5,86.8,100.7,99.5,0.0,28.96,2040.8,1.154,115.705,0.0,0.0,0.0531,0.1644,0.0,14.0,0.0,0.0,0.0,36.597,1.971,90.0,14.0,9,13500,5,1,1,False,0.904,0.0,360.1,0.0,False,False,0.0,False,0.0,False,False,False,0.047,0.08,0.54,0.0,0.0,0.0,0.0,0.0,0.0,14.0,12.0,1.2348,2,32301,0:32.301,81345,81345,13452.416,0,1,30181,0.3802,False,False,Soft (S),0,1.0,0,649.213,0.878,-1189.07,0.643,0.081,True,0,0,2179.437,13452.416
1765362330,131.79,12148,1.0,0.0,1.0,0.157,2,32.548,0.006,-16.756,1.782,-0.344,36.563,-2.429,-0.01,0.797,-1.997,0.009,-0.009,0.257,0.032,-0.724,-0.071,70.7,74.3,78.5,74.5,92.4,99.5,0.0,27.62,3653.8,0.624,109.884,0.0,0.0,-0.0404,0.1628,0.0,14.0,0.0,0.0,0.0,81.0,76.1,72.0,76.4,90.7,99.5,0.0,27.35,524.1,0.498,105.845,0.0,0.0,0.0512,0.1533,0.0,14.0,0.0,0.0,0.0,81.7,86.6,92.0,86.8,101.9,99.5,0.0,29.14,4019.0,1.026,117.799,0.0,0.0,-0.0369,0.1744,0.0,14.0,0.0,0.0,0.0,92.6,86.7,81.6,87.0,100.7,99.5,0.0,28.95,1805.0,1.111,117.799,0.0,0.0,0.0512,0.1617,0.0,14.0,0.0,0.0,0.0,36.597,1.974,90.0,14.0,9,13500,5,1,1,False,0.904,0.0,360.1,0.0,False,False,0.0,False,0.0,False,False,False,0.048,0.082,0.54,0.0,0.0,0.0,0.0,0.0,0.0,14.0,12.0,1.2348,2,32412,0:32.412,81345,81345,13456.358,0,1,30181,0.3809,False,False,Soft (S),0,1.0,0,652.731,0.885,-1191.024,0.687,0.081,True,0,0,2183.379,13456.358
1765362330,133.84,10364,1.0,0.0,1.0,0.068,3,34.039,-0.13,-14.951,2.081,-0.334,37.118,-2.423,0.041,0.789,-1.929,0.005,-0.004,0.258,0.033,-0.612,-0.119,70.8,74.3,78.5,74.5,92.3,99.5,0.0,27.61,3763.9,0.496,111.396,0.0,0.0,-0.0459,0.1624,0.0,14.0,0.0,0.0,0.0,80.9,76.0,71.9,76.2,90.6,99.5,0.0,27.34,998.3,0.34,108.146,0.0,0.0,0.0578,0.1554,0.0,14.0,0.0,0.0,0.0,81.9,86.9,92.3,87.0,101.8,99.5,0.0,29.13,3988.1,1.039,118.958,0.0,0.0,-0.0416,0.1759,0.0,14.0,0.0,0.0,0.0,92.7,86.8,81.7,87.1,100.6,99.5,0.0,28.94,1788.5,1.106,119.849,0.0,0.0,0.0537,0.1586,0.0,14.0,0.0,0.0,0.0,36.597,1.98,90.0,14.0,9,13500,5,1,1,False,0.904,0.015,360.15,0.0,False,False,0.0,False,0.0,False,False,False,0.047,0.079,0.54,0.0,0.0,0.0,0.0,0.0,0.0,14.0,12.0,1.2348,2,32505,0:32.505,81345,81345,13459.899,0,1,30181,0.3815,False,False,Soft (S),0,1.0,0,655.826,0.877,-1192.501,0.722,0.081,True,0,0,2186.92,13459.899
1765362330,136.56,10530,1.0,0.0,1.0,-0.003,3,35.563,-0.189,-13.2,1.997,-0.372,37.88,-2.151,0.082,1.1,-1.874,0.005,0.002,0.257,0.007,-0.41,-0.041,70.8,74.4,78.6,74.6,92.2,99.5,0.0,27.6,3498.4,0.337,113.28,0.0,0.0,-0.0387,0.164,0.0,14.0,0.0,0.0,0.0,80.8,75.8,71.8,76.1,90.5,99.5,0.0,27.32,722.9,0.185,110.943,0.0,0.0,0.0655,0.1545,0.0,14.0,0.0,0.0,0.0,82.2,87.1,92.6,87.3,101.8,99.5,0.0,29.12,4374.1,0.972,120.83,0.0,0.0,-0.0397,0.1764,0.0,14.0,0.0,0.0,0.0,92.8,87.0,81.8,87.2,100.5,99.5,0.0,28.93,2469.6,0.954,121.805,0.0,0.0,0.0593,0.16,0.0,14.0,0.0,0.0,0.0,36.597,2.073,90.0,14.0,9,13500,5,1,1,False,0.904,0.033,360.41,0.0,False,False,0.0,False,0.0,False,False,False,0.047,0.079,0.54,0.0,0.0,0.0,0.0,0.0,0.0,14.0,12.0,1.2348,2,32610,0:32.610,81345,81345,13463.794,0,1,30181,0.3822,False,False,Soft (S),0,1.0,0,659.473,0.859,-1193.983,0.593,0.081,True,0,0,2190.815,13463.794
